Date,Branch,Channel,Category,Quantity,Unit Price,Cost,Total Sales,Revenue,Profit,Waste,Status
2023-01-01,Salalah,Online,Tablets,3,141.84,77.39,425.53,425.53,193.36,0.0,Completed
2023-01-01,Salalah,Retail,Smartphones,5,256.05,160.71,1280.23,1280.23,476.66,0.0,Completed
2023-01-02,Sohar,Retail,Smartphones,4,247.0,134.92,988.01,988.01,448.35,0.0,Completed
2023-01-02,Muscat,Retail,Smartphones,3,257.79,155.11,773.36,773.36,308.03,0.0,Completed
2023-01-02,Salalah,Retail,Laptops,1,357.76,200.36,357.76,357.76,157.39,0.0,Completed
2023-01-02,Salalah,Retail,Tablets,2,142.35,94.55,284.71,284.71,95.61,0.0,Completed
2023-01-02,Muscat,Online,Smartphones,2,268.6,147.15,537.2,537.2,242.9,0.0,Completed
2023-01-02,Salalah,Online,Smartphones,2,228.88,131.21,457.77,457.77,195.35,0.0,Completed
2023-01-02,Nizwa,Online,Smartphones,2,256.58,148.85,513.15,513.15,215.46,0.0,Completed
2023-01-02,Nizwa,Online,Accessories,1,25.45,14.56,25.45,25.45,10.89,0.0,Completed
2023-01-03,Sohar,Retail,Smartphones,3,239.62,139.83,718.87,718.87,299.36,0.0,Completed
2023-01-03,Nizwa,Retail,Accessories,2,25.5,16.69,50.99,50.99,17.61,0.0,Completed
2023-01-03,Muscat,Retail,Accessories,1,23.3,16.29,23.3,23.3,7.01,0.0,Completed
2023-01-03,Muscat,Retail,Accessories,2,23.34,13.44,46.68,46.68,19.81,0.0,Completed
2023-01-03,Salalah,Retail,Smartphones,4,273.1,174.45,1092.39,1092.39,394.59,0.0,Completed
2023-01-04,Salalah,Online,Wearables,1,75.77,38.19,75.77,75.77,37.57,0.0,Completed
2023-01-04,Muscat,Online,Laptops,2,377.82,218.63,755.63,755.63,318.38,0.0,Completed
2023-01-04,Salalah,Retail,Laptops,5,337.15,223.58,1685.73,1685.73,567.83,0.0,Completed
2023-01-04,Nizwa,Online,Accessories,5,26.53,13.58,132.67,0.0,-50.7,50.7,Returned
2023-01-05,Muscat,Online,Accessories,2,25.93,13.48,51.86,51.86,24.91,0.0,Completed
2023-01-05,Sohar,Retail,Accessories,1,23.78,13.84,23.78,23.78,9.94,0.0,Completed
2023-01-05,Muscat,Online,Smartphones,2,246.1,142.44,492.2,0.0,-58.04,58.04,Returned
2023-01-05,Nizwa,Retail,Smartphones,5,245.98,170.43,1229.88,0.0,-832.61,832.61,Returned
2023-01-05,Muscat,Online,Laptops,4,357.58,212.82,1430.31,1430.31,579.01,0.0,Completed
2023-01-05,Salalah,Retail,Smartphones,4,227.44,149.85,909.77,909.77,310.38,0.0,Completed
2023-01-05,Nizwa,Retail,Wearables,2,86.29,51.39,172.58,172.58,69.8,0.0,Completed
2023-01-05,Salalah,Online,Laptops,2,376.83,211.98,753.67,753.67,329.71,0.0,Completed
2023-01-06,Muscat,Retail,Laptops,4,342.4,181.21,1369.62,1369.62,644.77,0.0,Completed
2023-01-06,Salalah,Retail,Laptops,2,324.98,202.37,649.96,649.96,245.22,0.0,Completed
2023-01-06,Nizwa,Online,Accessories,2,24.63,16.46,49.27,49.27,16.35,0.0,Completed
2023-01-06,Muscat,Online,Smartphones,4,237.47,143.13,949.87,949.87,377.35,0.0,Completed
2023-01-06,Muscat,Online,Laptops,5,361.93,236.66,1809.63,1809.63,626.31,0.0,Completed
2023-01-06,Muscat,Online,Accessories,1,23.52,14.06,23.52,23.52,9.46,0.0,Completed
2023-01-06,Nizwa,Wholesale,Laptops,56,254.43,210.17,14248.29,14248.29,2478.96,0.0,Completed
2023-01-06,Muscat,Online,Smartphones,1,243.9,163.82,243.9,243.9,80.09,0.0,Completed
2023-01-07,Sohar,Retail,Wearables,1,82.24,47.56,82.24,82.24,34.69,0.0,Completed
2023-01-07,Muscat,Online,Laptops,5,361.23,218.41,1806.16,1806.16,714.13,0.0,Completed
2023-01-07,Muscat,Wholesale,Laptops,39,298.4,237.97,11637.78,11637.78,2357.11,0.0,Completed
2023-01-07,Muscat,Retail,Smartphones,5,247.63,139.43,1238.13,1238.13,540.96,0.0,Completed
2023-01-07,Muscat,Retail,Smartphones,4,248.11,148.19,992.45,992.45,399.7,0.0,Completed
2023-01-07,Sohar,Online,Smartphones,5,262.6,172.61,1312.98,0.0,-480.25,480.25,Returned
2023-01-08,Sohar,Retail,Tablets,3,146.04,99.16,438.11,438.11,140.64,0.0,Completed
2023-01-08,Muscat,Online,Wearables,4,79.62,40.25,318.47,318.47,157.46,0.0,Completed
2023-01-08,Muscat,Online,Accessories,4,22.86,13.33,91.43,91.43,38.1,0.0,Completed
2023-01-08,Sohar,Retail,Smartphones,2,265.55,148.83,531.11,531.11,233.45,0.0,Completed
2023-01-08,Sohar,Wholesale,Smartphones,38,186.14,128.88,7073.25,7073.25,2175.79,0.0,Completed
2023-01-08,Nizwa,Retail,Tablets,3,145.25,91.86,435.76,435.76,160.19,0.0,Completed
2023-01-08,Salalah,Online,Smartphones,5,263.98,175.5,1319.89,1319.89,442.4,0.0,Completed
2023-01-08,Salalah,Online,Wearables,3,85.1,52.71,255.3,255.3,97.16,0.0,Completed
2023-01-08,Salalah,Retail,Smartphones,4,264.88,140.56,1059.54,1059.54,497.31,0.0,Completed
2023-01-08,Muscat,Online,Laptops,4,347.02,195.79,1388.06,1388.06,604.92,0.0,Completed
2023-01-09,Sohar,Retail,Smartphones,5,270.37,186.65,1351.85,1351.85,418.6,0.0,Completed
2023-01-10,Muscat,Online,Tablets,2,153.21,88.96,306.41,306.41,128.49,0.0,Completed
2023-01-10,Muscat,Retail,Smartphones,4,229.28,152.18,917.13,917.13,308.4,0.0,Completed
2023-01-10,Salalah,Retail,Smartphones,4,259.75,176.57,1039.0,1039.0,332.73,0.0,Completed
2023-01-10,Muscat,Online,Accessories,2,23.49,15.53,46.99,46.99,15.92,0.0,Completed
2023-01-10,Sohar,Wholesale,Tablets,40,129.77,96.25,5190.69,5190.69,1340.7,0.0,Completed
2023-01-10,Nizwa,Online,Accessories,4,26.31,15.8,105.24,105.24,42.04,0.0,Completed
2023-01-10,Muscat,Retail,Tablets,5,156.6,88.69,782.98,782.98,339.54,0.0,Completed
2023-01-10,Muscat,Retail,Smartphones,2,246.91,149.4,493.82,493.82,195.03,0.0,Completed
2023-01-10,Salalah,Retail,Accessories,4,26.59,16.58,106.35,106.35,40.05,0.0,Completed
2023-01-11,Muscat,Online,Tablets,4,158.87,93.72,635.49,0.0,-362.49,362.49,Returned
2023-01-11,Muscat,Retail,Laptops,2,372.24,222.59,744.49,744.49,299.32,0.0,Completed
2023-01-11,Nizwa,Retail,Smartphones,1,238.36,135.06,238.36,238.36,103.29,0.0,Completed
2023-01-11,Muscat,Retail,Accessories,3,24.0,15.26,71.99,71.99,26.2,0.0,Completed
2023-01-11,Muscat,Retail,Smartphones,2,236.35,156.91,472.69,472.69,158.87,0.0,Completed
2023-01-12,Sohar,Online,Smartphones,1,254.3,172.63,254.3,254.3,81.67,0.0,Completed
2023-01-12,Sohar,Online,Smartphones,4,246.15,149.75,984.59,984.59,385.6,0.0,Completed
2023-01-12,Salalah,Retail,Smartphones,2,231.58,133.29,463.16,463.16,196.58,0.0,Completed
2023-01-12,Muscat,Retail,Smartphones,5,243.28,150.77,1216.4,1216.4,462.55,0.0,Completed
2023-01-13,Muscat,Retail,Wearables,5,83.08,43.9,415.38,415.38,195.9,0.0,Completed
2023-01-13,Salalah,Online,Wearables,2,84.12,43.29,168.23,168.23,81.66,0.0,Completed
2023-01-13,Muscat,Online,Wearables,3,75.17,44.29,225.51,225.51,92.66,0.0,Completed
2023-01-13,Salalah,Retail,Wearables,4,86.9,52.01,347.6,347.6,139.56,0.0,Completed
2023-01-14,Muscat,Online,Wearables,1,77.41,53.69,77.41,77.41,23.71,0.0,Completed
2023-01-14,Sohar,Retail,Tablets,4,151.1,95.23,604.41,604.41,223.5,0.0,Completed
2023-01-14,Muscat,Wholesale,Accessories,34,19.7,12.71,669.85,669.85,237.87,0.0,Completed
2023-01-14,Nizwa,Online,Accessories,2,23.19,13.89,46.38,46.38,18.61,0.0,Completed
2023-01-15,Muscat,Retail,Accessories,1,23.18,13.0,23.18,23.18,10.19,0.0,Completed
2023-01-15,Sohar,Online,Tablets,3,155.56,80.53,466.68,466.68,225.08,0.0,Completed
2023-01-15,Salalah,Online,Smartphones,1,228.48,136.52,228.48,228.48,91.96,0.0,Completed
2023-01-15,Salalah,Online,Laptops,2,370.04,197.08,740.09,740.09,345.92,0.0,Completed
2023-01-15,Muscat,Online,Accessories,4,27.45,15.13,109.81,0.0,-16.87,16.87,Returned
2023-01-15,Salalah,Retail,Accessories,5,24.04,13.59,120.18,120.18,52.24,0.0,Completed
2023-01-15,Muscat,Retail,Smartphones,4,230.3,157.22,921.21,921.21,292.31,0.0,Completed
2023-01-15,Muscat,Retail,Smartphones,5,268.9,168.82,1344.51,1344.51,500.42,0.0,Completed
2023-01-16,Sohar,Online,Smartphones,3,273.6,175.44,820.81,820.81,294.49,0.0,Completed
2023-01-16,Nizwa,Online,Accessories,3,23.33,13.29,69.99,69.99,30.11,0.0,Completed
2023-01-16,Sohar,Online,Accessories,4,25.26,15.1,101.04,101.04,40.66,0.0,Completed
2023-01-16,Sohar,Retail,Accessories,3,25.96,18.0,77.88,77.88,23.89,0.0,Completed
2023-01-16,Salalah,Retail,Accessories,5,25.51,15.79,127.53,127.53,48.56,0.0,Completed
2023-01-16,Nizwa,Retail,Accessories,1,25.03,14.49,25.03,25.03,10.54,0.0,Completed
2023-01-16,Salalah,Retail,Laptops,3,340.05,171.02,1020.15,1020.15,507.08,0.0,Completed
2023-01-17,Salalah,Online,Smartphones,2,259.9,143.88,519.79,519.79,232.02,0.0,Completed
2023-01-17,Muscat,Retail,Laptops,1,335.63,219.58,335.63,335.63,116.05,0.0,Completed
2023-01-17,Salalah,Retail,Wearables,1,87.53,59.22,87.53,87.53,28.31,0.0,Completed
2023-01-17,Nizwa,Retail,Wearables,1,86.68,50.67,86.68,86.68,36.01,0.0,Completed
2023-01-17,Sohar,Retail,Smartphones,1,258.77,146.9,258.77,258.77,111.88,0.0,Completed
2023-01-18,Salalah,Retail,Laptops,1,341.04,228.64,341.04,341.04,112.4,0.0,Completed
2023-01-18,Salalah,Online,Smartphones,4,235.76,133.56,943.04,943.04,408.81,0.0,Completed
2023-01-18,Nizwa,Retail,Smartphones,1,260.75,156.86,260.75,260.75,103.88,0.0,Completed
2023-01-18,Nizwa,Retail,Smartphones,3,233.98,137.83,701.95,701.95,288.46,0.0,Completed
2023-01-18,Muscat,Online,Accessories,5,23.16,12.23,115.8,115.8,54.66,0.0,Completed
2023-01-19,Salalah,Retail,Smartphones,5,270.17,159.12,1350.85,1350.85,555.24,0.0,Completed
2023-01-19,Salalah,Retail,Tablets,5,153.29,76.69,766.43,766.43,383.01,0.0,Completed
2023-01-19,Muscat,Retail,Accessories,3,22.78,12.05,68.34,68.34,32.19,0.0,Completed
2023-01-19,Salalah,Retail,Accessories,1,26.89,13.58,26.89,26.89,13.31,0.0,Completed
2023-01-20,Muscat,Wholesale,Smartphones,44,210.79,153.13,9274.9,9274.9,2537.36,0.0,Completed
2023-01-20,Sohar,Retail,Laptops,4,374.92,189.75,1499.68,1499.68,740.66,0.0,Completed
2023-01-20,Salalah,Retail,Laptops,5,362.1,217.11,1810.51,1810.51,724.97,0.0,Completed
2023-01-20,Muscat,Online,Smartphones,4,273.88,187.33,1095.52,1095.52,346.21,0.0,Completed
2023-01-21,Muscat,Online,Smartphones,4,226.59,120.63,906.38,906.38,423.87,0.0,Completed
2023-01-21,Salalah,Retail,Laptops,3,352.59,234.64,1057.78,1057.78,353.86,0.0,Completed
2023-01-21,Muscat,Online,Accessories,1,24.45,13.33,24.45,24.45,11.12,0.0,Completed
2023-01-21,Salalah,Online,Smartphones,1,267.94,176.96,267.94,267.94,90.98,0.0,Completed
2023-01-21,Sohar,Retail,Accessories,3,25.34,12.84,76.02,0.0,-28.05,28.05,Returned
2023-01-22,Salalah,Online,Smartphones,1,245.68,137.95,245.68,245.68,107.73,0.0,Completed
2023-01-22,Salalah,Retail,Smartphones,2,267.97,181.08,535.95,535.95,173.79,0.0,Completed
2023-01-22,Sohar,Retail,Tablets,5,160.13,108.26,800.65,800.65,259.37,0.0,Completed
2023-01-22,Muscat,Retail,Wearables,4,81.66,54.7,326.64,326.64,107.83,0.0,Completed
2023-01-22,Muscat,Retail,Accessories,2,27.12,17.2,54.24,54.24,19.84,0.0,Completed
2023-01-22,Salalah,Retail,Smartphones,3,264.25,174.7,792.74,792.74,268.63,0.0,Completed
2023-01-22,Muscat,Online,Laptops,1,340.13,223.54,340.13,340.13,116.59,0.0,Completed
2023-01-23,Salalah,Online,Tablets,3,138.94,87.44,416.82,416.82,154.5,0.0,Completed
2023-01-23,Salalah,Retail,Accessories,1,25.25,14.18,25.25,25.25,11.07,0.0,Completed
2023-01-23,Muscat,Online,Wearables,3,72.87,46.93,218.62,218.62,77.84,0.0,Completed
2023-01-23,Sohar,Retail,Smartphones,2,244.61,158.86,489.22,489.22,171.49,0.0,Completed
2023-01-24,Muscat,Retail,Laptops,4,327.22,166.65,1308.89,1308.89,642.27,0.0,Completed
2023-01-24,Nizwa,Online,Smartphones,2,255.02,166.44,510.05,0.0,-183.3,183.3,Returned
2023-01-24,Sohar,Online,Tablets,5,158.33,85.83,791.64,791.64,362.51,0.0,Completed
2023-01-24,Sohar,Wholesale,Laptops,40,275.76,207.63,11030.55,11030.55,2725.27,0.0,Completed
2023-01-24,Salalah,Retail,Wearables,5,72.66,44.64,363.31,363.31,140.09,0.0,Completed
2023-01-24,Muscat,Retail,Accessories,5,26.02,17.51,130.09,130.09,42.54,0.0,Completed
2023-01-24,Muscat,Retail,Smartphones,1,257.48,156.48,257.48,257.48,101.0,0.0,Completed
2023-01-24,Muscat,Online,Tablets,5,150.77,102.04,753.83,753.83,243.65,0.0,Completed
2023-01-25,Salalah,Online,Laptops,1,349.02,239.08,349.02,349.02,109.94,0.0,Completed
2023-01-25,Salalah,Retail,Laptops,5,315.59,203.77,1577.96,0.0,-601.7,601.7,Returned
2023-01-25,Muscat,Online,Laptops,4,346.75,219.04,1387.0,1387.0,510.84,0.0,Completed
2023-01-26,Nizwa,Retail,Accessories,2,25.07,15.19,50.13,0.0,-9.81,9.81,Returned
2023-01-26,Salalah,Retail,Accessories,1,25.14,13.07,25.14,25.14,12.07,0.0,Completed
2023-01-26,Muscat,Retail,Tablets,5,159.7,108.94,798.52,798.52,253.81,0.0,Completed
2023-01-27,Sohar,Retail,Smartphones,5,270.04,169.04,1350.19,1350.19,504.97,0.0,Completed
2023-01-27,Muscat,Retail,Accessories,5,27.2,15.53,136.0,136.0,58.36,0.0,Completed
2023-01-27,Muscat,Online,Laptops,1,373.29,192.09,373.29,373.29,181.2,0.0,Completed
2023-01-27,Nizwa,Retail,Smartphones,5,256.48,144.33,1282.38,1282.38,560.75,0.0,Completed
2023-01-27,Salalah,Online,Smartphones,2,262.01,136.65,524.03,524.03,250.72,0.0,Completed
2023-01-28,Sohar,Retail,Smartphones,3,271.93,177.34,815.78,815.78,283.76,0.0,Completed
2023-01-28,Sohar,Online,Smartphones,3,255.28,135.33,765.84,765.84,359.85,0.0,Completed
2023-01-28,Muscat,Wholesale,Wearables,33,66.46,56.88,2193.13,2193.13,315.96,0.0,Completed
2023-01-28,Nizwa,Online,Accessories,2,24.83,16.75,49.67,49.67,16.17,0.0,Completed
2023-01-28,Muscat,Online,Smartphones,2,268.2,181.41,536.39,536.39,173.58,0.0,Completed
2023-01-29,Muscat,Online,Laptops,2,371.58,192.9,743.17,743.17,357.36,0.0,Completed
2023-01-29,Sohar,Retail,Accessories,4,27.31,16.7,109.22,109.22,42.42,0.0,Completed
2023-01-30,Nizwa,Retail,Tablets,4,151.06,83.04,604.24,0.0,-252.58,252.58,Returned
2023-01-30,Salalah,Retail,Smartphones,5,254.58,169.84,1272.9,1272.9,423.73,0.0,Completed
2023-01-30,Salalah,Retail,Tablets,2,137.33,82.4,274.67,274.67,109.87,0.0,Completed
2023-01-30,Muscat,Retail,Smartphones,1,257.65,156.07,257.65,257.65,101.58,0.0,Completed
2023-01-30,Sohar,Retail,Wearables,5,74.85,38.98,374.27,374.27,179.35,0.0,Completed
2023-01-30,Salalah,Wholesale,Wearables,72,65.72,54.99,4731.79,4731.79,772.83,0.0,Completed
2023-01-31,Muscat,Retail,Accessories,1,24.35,12.72,24.35,24.35,11.64,0.0,Completed
2023-01-31,Muscat,Online,Smartphones,4,250.91,137.67,1003.65,1003.65,452.95,0.0,Completed
2023-01-31,Muscat,Online,Smartphones,1,274.46,145.21,274.46,0.0,-116.9,116.9,Returned
2023-01-31,Sohar,Retail,Laptops,5,381.89,201.95,1909.43,1909.43,899.69,0.0,Completed
2023-01-31,Sohar,Online,Smartphones,4,228.07,144.04,912.27,0.0,-517.16,517.16,Returned
2023-01-31,Sohar,Retail,Wearables,3,73.85,41.7,221.55,221.55,96.45,0.0,Completed
2023-01-31,Salalah,Retail,Smartphones,1,261.14,132.65,261.14,261.14,128.49,0.0,Completed
2023-01-31,Muscat,Retail,Accessories,5,27.14,13.91,135.68,135.68,66.14,0.0,Completed
2023-01-31,Muscat,Retail,Laptops,5,335.16,179.15,1675.82,1675.82,780.06,0.0,Completed
2023-01-31,Salalah,Retail,Accessories,1,26.42,13.28,26.42,26.42,13.15,0.0,Completed
2023-02-01,Sohar,Retail,Smartphones,3,232.43,124.33,697.3,697.3,324.3,0.0,Completed
2023-02-01,Muscat,Retail,Smartphones,2,254.65,163.54,509.31,509.31,182.22,0.0,Completed
2023-02-01,Salalah,Retail,Accessories,1,22.69,15.38,22.69,22.69,7.31,0.0,Completed
2023-02-01,Muscat,Online,Smartphones,3,228.3,149.95,684.91,684.91,235.06,0.0,Completed
2023-02-01,Sohar,Wholesale,Laptops,60,256.4,164.78,15384.04,15384.04,5496.99,0.0,Completed
2023-02-01,Salalah,Retail,Accessories,1,24.26,14.22,24.26,24.26,10.04,0.0,Completed
2023-02-01,Muscat,Wholesale,Wearables,20,62.64,42.78,1252.82,1252.82,397.19,0.0,Completed
2023-02-01,Muscat,Online,Accessories,1,23.71,14.17,23.71,23.71,9.55,0.0,Completed
2023-02-02,Salalah,Online,Smartphones,5,253.07,147.03,1265.34,1265.34,530.18,0.0,Completed
2023-02-02,Muscat,Online,Smartphones,3,257.41,168.94,772.22,772.22,265.4,0.0,Completed
2023-02-02,Nizwa,Online,Laptops,2,352.48,214.07,704.96,704.96,276.82,0.0,Completed
2023-02-03,Sohar,Online,Laptops,1,337.82,233.37,337.82,337.82,104.45,0.0,Completed
2023-02-03,Nizwa,Online,Smartphones,1,231.46,138.82,231.46,231.46,92.64,0.0,Completed
2023-02-03,Salalah,Retail,Smartphones,4,266.37,144.94,1065.48,1065.48,485.71,0.0,Completed
2023-02-03,Muscat,Retail,Smartphones,3,266.84,185.67,800.51,800.51,243.49,0.0,Completed
2023-02-03,Muscat,Retail,Wearables,5,84.17,42.91,420.86,420.86,206.33,0.0,Completed
2023-02-04,Sohar,Retail,Laptops,3,350.64,178.41,1051.93,1051.93,516.69,0.0,Completed
2023-02-04,Muscat,Online,Wearables,3,84.16,58.48,252.48,252.48,77.04,0.0,Completed
2023-02-04,Muscat,Online,Smartphones,3,230.44,158.61,691.32,691.32,215.49,0.0,Completed
2023-02-05,Nizwa,Retail,Accessories,3,25.94,16.62,77.82,77.82,27.96,0.0,Completed
2023-02-05,Muscat,Retail,Smartphones,4,264.35,174.25,1057.38,1057.38,360.38,0.0,Completed
2023-02-05,Nizwa,Wholesale,Smartphones,15,215.09,156.79,3226.32,3226.32,874.45,0.0,Completed
2023-02-05,Muscat,Online,Wearables,4,78.47,50.09,313.88,313.88,113.52,0.0,Completed
2023-02-05,Muscat,Online,Accessories,1,22.91,15.73,22.91,22.91,7.18,0.0,Completed
2023-02-05,Sohar,Retail,Tablets,4,146.86,97.29,587.43,587.43,198.26,0.0,Completed
2023-02-05,Muscat,Online,Laptops,5,327.23,200.28,1636.14,1636.14,634.75,0.0,Completed
2023-02-06,Salalah,Wholesale,Tablets,20,128.71,95.3,2574.19,2574.19,668.14,0.0,Completed
2023-02-06,Muscat,Retail,Laptops,2,336.57,215.96,673.15,673.15,241.24,0.0,Completed
2023-02-06,Nizwa,Retail,Smartphones,3,264.22,170.72,792.66,792.66,280.49,0.0,Completed
2023-02-06,Muscat,Online,Laptops,5,338.51,204.46,1692.56,1692.56,670.25,0.0,Completed
2023-02-06,Salalah,Wholesale,Tablets,19,128.59,107.02,2443.3,2443.3,409.9,0.0,Completed
2023-02-07,Sohar,Online,Smartphones,2,227.11,146.92,454.21,454.21,160.36,0.0,Completed
2023-02-07,Muscat,Retail,Accessories,5,23.41,12.54,117.04,0.0,-28.02,28.02,Returned
2023-02-07,Salalah,Online,Smartphones,3,252.03,169.86,756.08,756.08,246.5,0.0,Completed
2023-02-07,Nizwa,Retail,Laptops,4,344.75,199.39,1379.0,1379.0,581.46,0.0,Completed
2023-02-07,Muscat,Online,Accessories,1,24.46,16.32,24.46,24.46,8.14,0.0,Completed
2023-02-07,Nizwa,Online,Laptops,5,322.98,206.6,1614.9,1614.9,581.9,0.0,Completed
2023-02-08,Muscat,Online,Laptops,1,342.24,198.29,342.24,342.24,143.95,0.0,Completed
2023-02-08,Muscat,Retail,Smartphones,1,227.56,122.44,227.56,227.56,105.12,0.0,Completed
2023-02-08,Nizwa,Online,Tablets,4,151.14,83.45,604.58,604.58,270.79,0.0,Completed
2023-02-09,Muscat,Retail,Accessories,3,24.98,15.44,74.94,74.94,28.6,0.0,Completed
2023-02-09,Salalah,Retail,Tablets,1,158.82,106.65,158.82,158.82,52.17,0.0,Completed
2023-02-09,Muscat,Retail,Smartphones,3,262.31,133.24,786.92,786.92,387.19,0.0,Completed
2023-02-09,Salalah,Retail,Accessories,5,27.27,18.49,136.35,136.35,43.88,0.0,Completed
2023-02-09,Salalah,Retail,Wearables,5,86.52,47.67,432.61,432.61,194.24,0.0,Completed
2023-02-09,Salalah,Retail,Wearables,1,81.38,54.64,81.38,81.38,26.74,0.0,Completed
2023-02-09,Nizwa,Retail,Wearables,4,86.31,57.7,345.24,345.24,114.44,0.0,Completed
2023-02-09,Sohar,Online,Laptops,2,371.21,248.79,742.41,742.41,244.83,0.0,Completed
2023-02-09,Muscat,Retail,Accessories,2,25.55,15.15,51.1,51.1,20.8,0.0,Completed
2023-02-10,Salalah,Online,Smartphones,3,226.05,128.81,678.15,0.0,-112.79,112.79,Returned
2023-02-10,Muscat,Online,Smartphones,5,256.29,176.4,1281.46,1281.46,399.48,0.0,Completed
2023-02-10,Salalah,Online,Wearables,2,80.51,52.07,161.02,161.02,56.88,0.0,Completed
2023-02-10,Muscat,Online,Smartphones,2,227.59,156.63,455.17,455.17,141.91,0.0,Completed
2023-02-10,Nizwa,Retail,Accessories,3,24.44,15.38,73.33,73.33,27.19,0.0,Completed
2023-02-11,Sohar,Retail,Tablets,4,155.46,92.92,621.82,621.82,250.16,0.0,Completed
2023-02-12,Sohar,Wholesale,Laptops,33,291.8,242.07,9629.33,9629.33,1640.87,0.0,Completed
2023-02-12,Salalah,Retail,Smartphones,3,244.31,128.19,732.94,732.94,348.36,0.0,Completed
2023-02-12,Sohar,Wholesale,Accessories,80,19.56,16.0,1565.1,1565.1,285.29,0.0,Completed
2023-02-12,Muscat,Online,Tablets,5,138.71,79.01,693.57,693.57,298.52,0.0,Completed
2023-02-12,Muscat,Retail,Wearables,2,83.36,55.81,166.73,166.73,55.1,0.0,Completed
2023-02-12,Sohar,Online,Accessories,3,25.24,16.82,75.73,75.73,25.28,0.0,Completed
2023-02-12,Muscat,Retail,Tablets,1,136.1,91.5,136.1,136.1,44.6,0.0,Completed
2023-02-12,Muscat,Online,Smartphones,3,251.23,139.49,753.69,753.69,335.23,0.0,Completed
2023-02-13,Muscat,Online,Smartphones,4,257.96,135.89,1031.83,1031.83,488.28,0.0,Completed
2023-02-13,Sohar,Retail,Laptops,4,339.89,226.74,1359.55,1359.55,452.58,0.0,Completed
2023-02-13,Muscat,Online,Smartphones,5,242.42,143.32,1212.12,1212.12,495.52,0.0,Completed
2023-02-13,Muscat,Wholesale,Smartphones,14,201.61,127.24,2822.5,0.0,-1532.46,1532.46,Returned
2023-02-13,Sohar,Retail,Smartphones,4,270.06,135.99,1080.25,1080.25,536.31,0.0,Completed
2023-02-14,Sohar,Retail,Laptops,5,367.25,183.83,1836.26,1836.26,917.11,0.0,Completed
2023-02-14,Sohar,Online,Accessories,5,23.88,14.21,119.4,119.4,48.34,0.0,Completed
2023-02-14,Muscat,Retail,Smartphones,5,272.12,163.41,1360.59,0.0,-545.08,545.08,Returned
2023-02-14,Salalah,Online,Laptops,2,320.1,187.76,640.19,640.19,264.68,0.0,Completed
2023-02-14,Sohar,Retail,Smartphones,3,265.65,166.07,796.95,796.95,298.75,0.0,Completed
2023-02-14,Salalah,Wholesale,Smartphones,60,187.17,153.99,11229.98,11229.98,1990.28,0.0,Completed
2023-02-14,Sohar,Online,Smartphones,1,244.74,143.19,244.74,244.74,101.55,0.0,Completed
2023-02-14,Sohar,Online,Smartphones,4,239.55,153.68,958.2,958.2,343.46,0.0,Completed
2023-02-15,Muscat,Retail,Accessories,2,27.26,16.56,54.51,54.51,21.4,0.0,Completed
2023-02-15,Muscat,Online,Laptops,4,335.12,201.71,1340.47,1340.47,533.65,0.0,Completed
2023-02-15,Nizwa,Retail,Tablets,5,145.7,73.69,728.51,728.51,360.04,0.0,Completed
2023-02-15,Nizwa,Retail,Smartphones,1,226.2,138.97,226.2,226.2,87.23,0.0,Completed
2023-02-15,Sohar,Retail,Laptops,2,344.82,202.27,689.65,689.65,285.1,0.0,Completed
2023-02-15,Muscat,Retail,Accessories,1,24.71,12.53,24.71,24.71,12.18,0.0,Completed
2023-02-16,Salalah,Online,Smartphones,1,251.02,127.22,251.02,251.02,123.81,0.0,Completed
2023-02-16,Nizwa,Online,Accessories,2,24.0,14.59,48.0,48.0,18.82,0.0,Completed
2023-02-16,Muscat,Online,Smartphones,1,255.52,153.56,255.52,255.52,101.95,0.0,Completed
2023-02-16,Muscat,Retail,Smartphones,2,263.28,135.0,526.56,526.56,256.57,0.0,Completed
2023-02-16,Muscat,Online,Accessories,3,23.11,15.93,69.33,69.33,21.54,0.0,Completed
2023-02-16,Sohar,Retail,Wearables,2,83.91,47.41,167.81,167.81,73.0,0.0,Completed
2023-02-16,Salalah,Online,Laptops,3,330.64,183.06,991.93,991.93,442.74,0.0,Completed
2023-02-16,Salalah,Retail,Laptops,5,365.96,246.0,1829.8,1829.8,599.8,0.0,Completed
2023-02-16,Muscat,Wholesale,Wearables,56,70.15,51.16,3928.53,3928.53,1063.59,0.0,Completed
2023-02-17,Salalah,Retail,Accessories,3,22.99,11.97,68.98,68.98,33.08,0.0,Completed
2023-02-17,Nizwa,Retail,Laptops,2,383.6,204.29,767.2,767.2,358.62,0.0,Completed
2023-02-17,Muscat,Online,Smartphones,3,237.35,139.39,712.05,712.05,293.88,0.0,Completed
2023-02-17,Salalah,Online,Smartphones,1,265.92,147.36,265.92,265.92,118.56,0.0,Completed
2023-02-17,Muscat,Retail,Accessories,4,26.24,14.36,104.97,104.97,47.52,0.0,Completed
2023-02-17,Nizwa,Retail,Smartphones,3,237.78,129.14,713.34,0.0,-296.28,296.28,Returned
2023-02-17,Salalah,Retail,Smartphones,3,259.97,173.29,779.92,779.92,260.06,0.0,Completed
2023-02-17,Sohar,Retail,Laptops,5,353.02,209.23,1765.12,1765.12,718.97,0.0,Completed
2023-02-18,Muscat,Retail,Smartphones,4,246.15,142.93,984.61,984.61,412.9,0.0,Completed
2023-02-18,Muscat,Retail,Accessories,1,25.86,14.72,25.86,25.86,11.15,0.0,Completed
2023-02-18,Muscat,Wholesale,Accessories,42,20.5,17.83,861.06,861.06,112.25,0.0,Completed
2023-02-18,Muscat,Online,Smartphones,1,261.77,181.55,261.77,261.77,80.22,0.0,Completed
2023-02-18,Sohar,Online,Tablets,3,160.89,89.95,482.68,482.68,212.82,0.0,Completed
2023-02-18,Nizwa,Wholesale,Smartphones,70,193.08,163.9,13515.29,13515.29,2042.36,0.0,Completed
2023-02-19,Muscat,Retail,Accessories,3,22.76,14.43,68.29,68.29,25.02,0.0,Completed
2023-02-19,Sohar,Retail,Tablets,1,154.52,80.73,154.52,154.52,73.79,0.0,Completed
2023-02-19,Nizwa,Wholesale,Laptops,16,254.92,170.94,4078.7,4078.7,1343.71,0.0,Completed
2023-02-19,Salalah,Retail,Smartphones,3,234.34,138.82,703.01,703.01,286.55,0.0,Completed
2023-02-19,Salalah,Online,Tablets,5,153.85,86.72,769.25,769.25,335.68,0.0,Completed
2023-02-19,Salalah,Retail,Laptops,1,337.66,169.91,337.66,337.66,167.76,0.0,Completed
2023-02-19,Nizwa,Retail,Smartphones,2,266.45,181.47,532.89,532.89,169.95,0.0,Completed
2023-02-19,Sohar,Retail,Laptops,2,338.21,196.7,676.43,676.43,283.03,0.0,Completed
2023-02-19,Salalah,Retail,Smartphones,3,231.18,148.77,693.55,693.55,247.24,0.0,Completed
2023-02-19,Sohar,Online,Laptops,1,377.57,253.87,377.57,377.57,123.7,0.0,Completed
2023-02-19,Muscat,Retail,Smartphones,5,254.07,149.18,1270.34,1270.34,524.43,0.0,Completed
2023-02-20,Nizwa,Online,Smartphones,2,252.41,152.47,504.81,504.81,199.88,0.0,Completed
2023-02-20,Muscat,Wholesale,Smartphones,56,216.99,150.73,12151.56,12151.56,3710.77,0.0,Completed
2023-02-20,Muscat,Retail,Wearables,1,75.92,44.03,75.92,75.92,31.88,0.0,Completed
2023-02-20,Nizwa,Online,Smartphones,3,270.92,170.99,812.75,0.0,-453.46,453.46,Returned
2023-02-21,Sohar,Online,Tablets,4,139.17,83.42,556.7,556.7,223.0,0.0,Completed
2023-02-21,Salalah,Online,Accessories,1,24.27,16.01,24.27,24.27,8.27,0.0,Completed
2023-02-21,Nizwa,Online,Wearables,4,74.81,52.16,299.25,299.25,90.59,0.0,Completed
2023-02-21,Salalah,Retail,Tablets,4,149.51,102.54,598.02,598.02,187.87,0.0,Completed
2023-02-21,Muscat,Online,Accessories,3,22.81,13.18,68.42,68.42,28.89,0.0,Completed
2023-02-22,Muscat,Retail,Smartphones,1,261.73,178.91,261.73,261.73,82.82,0.0,Completed
2023-02-22,Nizwa,Retail,Accessories,1,27.23,16.89,27.23,27.23,10.34,0.0,Completed
2023-02-22,Muscat,Retail,Wearables,1,82.76,41.76,82.76,82.76,41.0,0.0,Completed
2023-02-23,Muscat,Retail,Laptops,2,347.77,234.51,695.53,695.53,226.51,0.0,Completed
2023-02-23,Salalah,Retail,Accessories,3,24.22,16.81,72.66,0.0,-44.68,44.68,Returned
2023-02-23,Nizwa,Online,Accessories,2,25.24,15.15,50.49,50.49,20.18,0.0,Completed
2023-02-24,Muscat,Online,Wearables,5,72.9,42.73,364.52,364.52,150.86,0.0,Completed
2023-02-24,Sohar,Wholesale,Smartphones,33,218.71,182.08,7217.51,7217.51,1208.98,0.0,Completed
2023-02-25,Muscat,Retail,Wearables,5,79.7,54.03,398.49,398.49,128.36,0.0,Completed
2023-02-25,Nizwa,Retail,Smartphones,5,247.78,129.04,1238.92,1238.92,593.7,0.0,Completed
2023-02-25,Salalah,Retail,Wearables,5,75.52,40.21,377.58,377.58,176.52,0.0,Completed
2023-02-25,Salalah,Online,Accessories,1,24.46,16.89,24.46,24.46,7.57,0.0,Completed
2023-02-25,Muscat,Online,Accessories,4,23.2,12.7,92.81,92.81,42.02,0.0,Completed
2023-02-25,Muscat,Retail,Smartphones,5,262.01,167.56,1310.04,1310.04,472.26,0.0,Completed
2023-02-25,Salalah,Online,Laptops,4,330.09,174.34,1320.36,1320.36,623.0,0.0,Completed
2023-02-26,Muscat,Online,Smartphones,1,254.03,135.65,254.03,0.0,-82.35,82.35,Returned
2023-02-26,Sohar,Online,Smartphones,4,260.63,174.42,1042.52,1042.52,344.84,0.0,Completed
2023-02-26,Sohar,Online,Accessories,5,24.4,12.93,121.99,121.99,57.36,0.0,Completed
2023-02-26,Salalah,Retail,Accessories,3,26.04,15.76,78.11,78.11,30.84,0.0,Completed
2023-02-26,Muscat,Online,Smartphones,5,256.09,159.69,1280.44,1280.44,482.02,0.0,Completed
2023-02-26,Salalah,Online,Tablets,2,152.54,86.39,305.09,0.0,-81.5,81.5,Returned
2023-02-27,Sohar,Online,Tablets,5,149.94,101.26,749.71,749.71,243.4,0.0,Completed
2023-02-27,Muscat,Online,Tablets,4,164.16,89.81,656.63,0.0,-130.61,130.61,Returned
2023-02-27,Muscat,Wholesale,Smartphones,12,206.66,169.46,2479.88,0.0,-1586.07,1586.07,Returned
2023-02-27,Muscat,Retail,Tablets,2,162.63,112.06,325.25,325.25,101.13,0.0,Completed
2023-02-27,Salalah,Retail,Smartphones,1,234.02,141.21,234.02,234.02,92.81,0.0,Completed
2023-02-27,Sohar,Wholesale,Laptops,75,288.86,196.13,21664.37,21664.37,6954.66,0.0,Completed
2023-02-28,Muscat,Retail,Smartphones,3,227.37,127.7,682.11,682.11,299.01,0.0,Completed
2023-02-28,Nizwa,Retail,Smartphones,1,267.73,133.96,267.73,267.73,133.77,0.0,Completed
2023-02-28,Salalah,Retail,Wearables,2,72.82,38.73,145.64,145.64,68.18,0.0,Completed
2023-02-28,Sohar,Retail,Accessories,1,22.8,11.59,22.8,22.8,11.21,0.0,Completed
2023-03-01,Muscat,Online,Laptops,2,377.21,257.98,754.41,754.41,238.46,0.0,Completed
2023-03-01,Nizwa,Retail,Laptops,1,338.6,170.08,338.6,338.6,168.52,0.0,Completed
2023-03-01,Sohar,Retail,Laptops,2,357.05,238.46,714.09,714.09,237.16,0.0,Completed
2023-03-01,Salalah,Online,Smartphones,5,230.8,131.08,1154.0,1154.0,498.58,0.0,Completed
2023-03-01,Salalah,Retail,Tablets,2,141.6,87.67,283.19,283.19,107.86,0.0,Completed
2023-03-01,Muscat,Online,Laptops,1,359.18,222.77,359.18,359.18,136.41,0.0,Completed
2023-03-02,Muscat,Retail,Tablets,3,144.59,83.33,433.78,433.78,183.78,0.0,Completed
2023-03-02,Sohar,Online,Smartphones,5,232.81,124.98,1164.04,1164.04,539.14,0.0,Completed
2023-03-02,Muscat,Retail,Tablets,4,146.56,95.29,586.22,586.22,205.05,0.0,Completed
2023-03-02,Nizwa,Online,Smartphones,4,261.53,133.45,1046.1,1046.1,512.28,0.0,Completed
2023-03-02,Muscat,Retail,Smartphones,3,236.42,144.92,709.25,0.0,-173.54,173.54,Returned
2023-03-02,Nizwa,Retail,Smartphones,3,245.86,150.91,737.58,737.58,284.85,0.0,Completed
2023-03-03,Salalah,Retail,Smartphones,3,251.84,137.89,755.53,755.53,341.87,0.0,Completed
2023-03-03,Muscat,Online,Accessories,2,26.43,14.88,52.85,52.85,23.09,0.0,Completed
2023-03-04,Salalah,Online,Smartphones,3,245.49,170.55,736.48,736.48,224.84,0.0,Completed
2023-03-04,Muscat,Online,Smartphones,5,228.45,123.05,1142.23,1142.23,526.97,0.0,Completed
2023-03-04,Sohar,Online,Laptops,1,318.64,181.22,318.64,318.64,137.42,0.0,Completed
2023-03-04,Muscat,Retail,Laptops,5,370.74,254.77,1853.72,1853.72,579.88,0.0,Completed
2023-03-04,Sohar,Online,Smartphones,3,256.47,178.06,769.4,769.4,235.22,0.0,Completed
2023-03-04,Sohar,Online,Laptops,2,328.43,200.94,656.87,656.87,255.0,0.0,Completed
2023-03-04,Sohar,Retail,Accessories,3,25.38,14.54,76.13,76.13,32.49,0.0,Completed
2023-03-04,Muscat,Wholesale,Smartphones,54,216.97,164.87,11716.54,11716.54,2813.74,0.0,Completed
2023-03-05,Sohar,Retail,Accessories,3,22.92,15.72,68.75,68.75,21.59,0.0,Completed
2023-03-05,Muscat,Retail,Smartphones,3,240.76,126.53,722.28,722.28,342.69,0.0,Completed
2023-03-05,Muscat,Online,Laptops,2,346.35,223.18,692.71,692.71,246.35,0.0,Completed
2023-03-05,Sohar,Retail,Smartphones,2,266.92,168.88,533.85,533.85,196.08,0.0,Completed
2023-03-05,Nizwa,Retail,Accessories,1,25.28,15.36,25.28,25.28,9.92,0.0,Completed
2023-03-05,Sohar,Retail,Smartphones,5,255.39,155.17,1276.94,1276.94,501.07,0.0,Completed
2023-03-05,Salalah,Retail,Smartphones,2,230.24,141.58,460.48,460.48,177.31,0.0,Completed
2023-03-05,Sohar,Online,Laptops,4,373.66,196.84,1494.63,1494.63,707.26,0.0,Completed
2023-03-05,Nizwa,Retail,Smartphones,3,264.41,145.41,793.24,0.0,-135.15,135.15,Returned
2023-03-05,Salalah,Online,Accessories,4,24.45,15.68,97.79,97.79,35.09,0.0,Completed
2023-03-05,Muscat,Retail,Smartphones,1,247.36,164.02,247.36,247.36,83.35,0.0,Completed
2023-03-05,Muscat,Online,Accessories,2,25.51,14.32,51.02,51.02,22.38,0.0,Completed
2023-03-05,Nizwa,Retail,Laptops,1,377.09,192.47,377.09,377.09,184.62,0.0,Completed
2023-03-06,Muscat,Retail,Smartphones,5,225.7,136.29,1128.52,1128.52,447.09,0.0,Completed
2023-03-06,Nizwa,Retail,Laptops,1,335.41,180.49,335.41,335.41,154.91,0.0,Completed
2023-03-06,Sohar,Retail,Smartphones,3,264.91,151.94,794.72,0.0,-123.57,123.57,Returned
2023-03-06,Salalah,Retail,Laptops,5,381.14,219.14,1905.72,1905.72,810.0,0.0,Completed
2023-03-07,Muscat,Online,Smartphones,4,263.61,167.27,1054.43,1054.43,385.34,0.0,Completed
2023-03-07,Salalah,Retail,Tablets,1,138.98,87.88,138.98,138.98,51.11,0.0,Completed
2023-03-07,Sohar,Retail,Smartphones,1,231.41,140.55,231.41,231.41,90.87,0.0,Completed
2023-03-07,Muscat,Online,Smartphones,3,251.85,147.5,755.56,755.56,313.05,0.0,Completed
2023-03-07,Salalah,Online,Accessories,1,25.76,16.31,25.76,25.76,9.45,0.0,Completed
2023-03-07,Salalah,Online,Smartphones,2,270.96,162.63,541.91,541.91,216.66,0.0,Completed
2023-03-07,Muscat,Online,Laptops,1,338.14,186.14,338.14,338.14,152.0,0.0,Completed
2023-03-07,Muscat,Retail,Smartphones,2,244.53,161.16,489.07,489.07,166.75,0.0,Completed
2023-03-07,Sohar,Retail,Smartphones,2,272.01,159.46,544.02,544.02,225.09,0.0,Completed
2023-03-08,Salalah,Retail,Wearables,1,83.05,46.86,83.05,83.05,36.2,0.0,Completed
2023-03-08,Sohar,Retail,Tablets,1,149.49,102.35,149.49,149.49,47.14,0.0,Completed
2023-03-08,Salalah,Online,Laptops,5,364.58,185.77,1822.92,1822.92,894.09,0.0,Completed
2023-03-08,Muscat,Retail,Accessories,1,22.53,13.41,22.53,22.53,9.12,0.0,Completed
2023-03-08,Muscat,Retail,Smartphones,1,263.95,132.48,263.95,263.95,131.48,0.0,Completed
2023-03-09,Sohar,Retail,Laptops,3,347.19,182.42,1041.56,1041.56,494.29,0.0,Completed
2023-03-10,Nizwa,Online,Accessories,4,25.01,15.2,100.05,100.05,39.25,0.0,Completed
2023-03-11,Salalah,Online,Smartphones,4,247.19,137.35,988.77,988.77,439.39,0.0,Completed
2023-03-11,Salalah,Online,Smartphones,2,248.41,151.65,496.82,496.82,193.51,0.0,Completed
2023-03-11,Salalah,Online,Smartphones,5,255.45,150.23,1277.26,1277.26,526.11,0.0,Completed
2023-03-11,Muscat,Retail,Smartphones,2,273.72,190.82,547.45,547.45,165.82,0.0,Completed
2023-03-11,Muscat,Online,Tablets,5,161.49,99.62,807.47,807.47,309.37,0.0,Completed
2023-03-11,Muscat,Online,Smartphones,5,226.42,139.3,1132.09,1132.09,435.57,0.0,Completed
2023-03-11,Muscat,Online,Tablets,3,147.34,75.57,442.03,442.03,215.33,0.0,Completed
2023-03-11,Sohar,Retail,Accessories,3,24.06,13.07,72.19,72.19,32.97,0.0,Completed
2023-03-11,Muscat,Online,Accessories,5,25.24,15.37,126.2,126.2,49.37,0.0,Completed
2023-03-12,Nizwa,Online,Accessories,3,24.26,14.76,72.77,72.77,28.49,0.0,Completed
2023-03-12,Nizwa,Retail,Accessories,2,26.52,14.74,53.03,53.03,23.56,0.0,Completed
2023-03-12,Salalah,Retail,Smartphones,1,242.73,159.72,242.73,0.0,-74.75,74.75,Returned
2023-03-12,Nizwa,Retail,Smartphones,3,252.95,160.67,758.84,758.84,276.82,0.0,Completed
2023-03-12,Sohar,Online,Laptops,3,355.1,233.61,1065.31,1065.31,364.48,0.0,Completed
2023-03-12,Muscat,Retail,Wearables,5,87.37,55.07,436.83,436.83,161.48,0.0,Completed
2023-03-13,Salalah,Retail,Wearables,4,87.37,58.31,349.5,349.5,116.24,0.0,Completed
2023-03-13,Sohar,Retail,Accessories,1,25.85,16.85,25.85,25.85,9.0,0.0,Completed
2023-03-13,Salalah,Online,Smartphones,3,249.66,136.38,748.97,748.97,339.82,0.0,Completed
2023-03-13,Salalah,Online,Laptops,4,367.27,255.68,1469.08,1469.08,446.34,0.0,Completed
2023-03-13,Muscat,Online,Wearables,5,83.58,52.4,417.89,417.89,155.9,0.0,Completed
2023-03-13,Muscat,Retail,Smartphones,5,243.64,144.85,1218.21,1218.21,493.97,0.0,Completed
2023-03-13,Salalah,Online,Accessories,2,26.83,15.11,53.66,53.66,23.44,0.0,Completed
2023-03-13,Muscat,Retail,Smartphones,2,246.4,168.19,492.79,492.79,156.42,0.0,Completed
2023-03-13,Salalah,Retail,Smartphones,4,231.18,145.63,924.73,924.73,342.22,0.0,Completed
2023-03-14,Salalah,Online,Laptops,3,365.41,253.99,1096.23,0.0,-541.62,541.62,Returned
2023-03-14,Sohar,Retail,Accessories,4,25.83,13.73,103.34,103.34,48.41,0.0,Completed
2023-03-14,Salalah,Online,Accessories,3,23.4,15.12,70.21,0.0,-10.68,10.68,Returned
2023-03-14,Muscat,Retail,Laptops,5,318.97,179.37,1594.84,1594.84,697.99,0.0,Completed
2023-03-15,Muscat,Online,Smartphones,1,237.52,160.68,237.52,0.0,-114.3,114.3,Returned
2023-03-15,Salalah,Retail,Wearables,5,83.92,43.28,419.62,419.62,203.24,0.0,Completed
2023-03-15,Nizwa,Retail,Smartphones,2,237.35,142.3,474.71,474.71,190.1,0.0,Completed
2023-03-15,Sohar,Wholesale,Smartphones,64,186.96,142.79,11965.46,11965.46,2826.8,0.0,Completed
2023-03-16,Nizwa,Online,Tablets,2,146.48,89.47,292.97,292.97,114.03,0.0,Completed
2023-03-16,Nizwa,Retail,Laptops,3,320.19,184.39,960.57,960.57,407.4,0.0,Completed
2023-03-16,Salalah,Retail,Smartphones,3,248.82,127.72,746.45,746.45,363.29,0.0,Completed
2023-03-16,Salalah,Online,Accessories,4,25.82,13.94,103.29,103.29,47.53,0.0,Completed
2023-03-16,Muscat,Online,Smartphones,1,263.83,177.08,263.83,263.83,86.75,0.0,Completed
2023-03-16,Muscat,Retail,Accessories,1,24.6,17.1,24.6,24.6,7.5,0.0,Completed
2023-03-16,Muscat,Retail,Tablets,3,139.47,70.0,418.4,418.4,208.41,0.0,Completed
2023-03-16,Sohar,Retail,Smartphones,3,267.8,170.63,803.39,803.39,291.49,0.0,Completed
2023-03-17,Muscat,Online,Smartphones,1,261.43,174.8,261.43,261.43,86.63,0.0,Completed
2023-03-17,Salalah,Retail,Laptops,2,324.59,194.94,649.19,649.19,259.3,0.0,Completed
2023-03-17,Muscat,Wholesale,Accessories,76,21.34,18.27,1622.13,1622.13,233.91,0.0,Completed
2023-03-17,Nizwa,Retail,Accessories,4,24.69,12.46,98.78,98.78,48.92,0.0,Completed
2023-03-17,Muscat,Retail,Smartphones,5,263.42,144.37,1317.12,1317.12,595.29,0.0,Completed
2023-03-18,Sohar,Retail,Smartphones,4,271.49,179.67,1085.96,0.0,-711.69,711.69,Returned
2023-03-18,Muscat,Retail,Accessories,2,23.17,13.63,46.34,46.34,19.07,0.0,Completed
2023-03-18,Muscat,Online,Tablets,4,143.47,75.83,573.87,573.87,270.54,0.0,Completed
2023-03-19,Muscat,Retail,Accessories,4,24.12,16.43,96.47,96.47,30.73,0.0,Completed
2023-03-19,Salalah,Online,Wearables,2,83.17,42.53,166.35,166.35,81.28,0.0,Completed
2023-03-19,Salalah,Retail,Smartphones,4,238.66,154.36,954.63,954.63,337.19,0.0,Completed
2023-03-19,Sohar,Online,Tablets,4,152.65,94.6,610.58,610.58,232.2,0.0,Completed
2023-03-19,Muscat,Online,Smartphones,2,234.89,137.59,469.78,469.78,194.6,0.0,Completed
2023-03-19,Salalah,Online,Wearables,4,77.57,39.02,310.29,310.29,154.2,0.0,Completed
2023-03-20,Muscat,Wholesale,Wearables,55,63.03,52.17,3466.7,3466.7,597.5,0.0,Completed
2023-03-20,Muscat,Retail,Accessories,3,25.92,14.27,77.76,77.76,34.95,0.0,Completed
2023-03-20,Muscat,Online,Accessories,1,24.13,15.19,24.13,24.13,8.94,0.0,Completed
2023-03-20,Sohar,Online,Wearables,1,75.48,50.22,75.48,75.48,25.26,0.0,Completed
2023-03-20,Salalah,Retail,Smartphones,1,237.55,144.85,237.55,237.55,92.7,0.0,Completed
2023-03-20,Salalah,Retail,Laptops,3,330.89,174.01,992.67,992.67,470.64,0.0,Completed
2023-03-20,Nizwa,Online,Laptops,5,319.84,171.02,1599.22,1599.22,744.14,0.0,Completed
2023-03-20,Sohar,Online,Smartphones,4,243.59,125.2,974.37,974.37,473.57,0.0,Completed
2023-03-20,Muscat,Retail,Smartphones,5,244.31,151.29,1221.56,1221.56,465.11,0.0,Completed
2023-03-21,Muscat,Online,Accessories,1,24.37,12.66,24.37,24.37,11.71,0.0,Completed
2023-03-21,Salalah,Retail,Smartphones,2,246.4,144.64,492.79,492.79,203.52,0.0,Completed
2023-03-21,Muscat,Retail,Tablets,1,149.3,89.24,149.3,149.3,60.06,0.0,Completed
2023-03-22,Muscat,Retail,Laptops,1,377.47,204.94,377.47,377.47,172.54,0.0,Completed
2023-03-22,Sohar,Retail,Accessories,1,25.89,15.74,25.89,25.89,10.15,0.0,Completed
2023-03-22,Salalah,Wholesale,Accessories,18,18.83,14.91,338.98,338.98,70.62,0.0,Completed
2023-03-22,Nizwa,Online,Accessories,5,25.15,13.48,125.74,125.74,58.32,0.0,Completed
2023-03-23,Sohar,Retail,Smartphones,1,265.89,154.97,265.89,265.89,110.92,0.0,Completed
2023-03-23,Nizwa,Retail,Accessories,4,27.27,17.59,109.09,109.09,38.73,0.0,Completed
2023-03-23,Muscat,Retail,Smartphones,3,234.47,129.23,703.4,703.4,315.72,0.0,Completed
2023-03-23,Muscat,Online,Smartphones,3,273.7,170.18,821.09,0.0,-264.58,264.58,Returned
2023-03-23,Sohar,Retail,Tablets,5,163.5,96.76,817.48,817.48,333.67,0.0,Completed
2023-03-23,Sohar,Online,Smartphones,2,274.21,167.32,548.43,548.43,213.79,0.0,Completed
2023-03-24,Muscat,Retail,Smartphones,3,243.14,167.37,729.42,729.42,227.31,0.0,Completed
2023-03-24,Salalah,Retail,Smartphones,4,239.88,165.16,959.53,959.53,298.89,0.0,Completed
2023-03-24,Salalah,Retail,Laptops,3,380.73,265.14,1142.2,1142.2,346.8,0.0,Completed
2023-03-24,Salalah,Online,Tablets,4,163.74,104.17,654.96,654.96,238.27,0.0,Completed
2023-03-25,Muscat,Retail,Smartphones,1,272.23,164.77,272.23,272.23,107.46,0.0,Completed
2023-03-25,Muscat,Online,Accessories,5,23.98,12.22,119.91,119.91,58.79,0.0,Completed
2023-03-25,Nizwa,Retail,Smartphones,4,242.19,158.9,968.75,968.75,333.15,0.0,Completed
2023-03-25,Muscat,Online,Accessories,4,24.36,13.01,97.44,97.44,45.4,0.0,Completed
2023-03-26,Muscat,Retail,Accessories,1,25.57,12.93,25.57,25.57,12.65,0.0,Completed
2023-03-26,Muscat,Online,Accessories,2,27.32,17.84,54.64,54.64,18.96,0.0,Completed
2023-03-26,Muscat,Wholesale,Tablets,15,128.12,111.4,1921.74,1921.74,250.8,0.0,Completed
2023-03-26,Muscat,Online,Wearables,5,85.36,50.23,426.82,426.82,175.68,0.0,Completed
2023-03-26,Sohar,Retail,Smartphones,5,255.52,154.72,1277.6,1277.6,504.0,0.0,Completed
2023-03-26,Muscat,Online,Laptops,2,369.36,233.47,738.72,738.72,271.78,0.0,Completed
2023-03-26,Muscat,Online,Wearables,5,79.87,51.61,399.34,399.34,141.3,0.0,Completed
2023-03-27,Nizwa,Retail,Accessories,2,26.8,14.5,53.6,53.6,24.6,0.0,Completed
2023-03-27,Sohar,Retail,Laptops,2,360.91,238.71,721.82,721.82,244.39,0.0,Completed
2023-03-27,Nizwa,Online,Smartphones,5,235.8,154.99,1179.01,1179.01,404.06,0.0,Completed
2023-03-27,Nizwa,Retail,Wearables,2,82.88,54.83,165.76,165.76,56.1,0.0,Completed
2023-03-27,Sohar,Online,Wearables,5,86.66,60.63,433.3,433.3,130.16,0.0,Completed
2023-03-27,Muscat,Retail,Laptops,1,362.8,184.47,362.8,362.8,178.33,0.0,Completed
2023-03-27,Sohar,Retail,Smartphones,5,227.46,131.47,1137.28,1137.28,479.9,0.0,Completed
2023-03-27,Sohar,Retail,Wearables,4,85.16,42.69,340.64,340.64,169.88,0.0,Completed
2023-03-28,Muscat,Wholesale,Tablets,52,129.15,107.99,6715.57,6715.57,1100.21,0.0,Completed
2023-03-28,Salalah,Online,Laptops,3,329.1,172.08,987.31,987.31,471.07,0.0,Completed
2023-03-28,Muscat,Online,Wearables,4,83.71,50.39,334.86,334.86,133.32,0.0,Completed
2023-03-28,Muscat,Online,Smartphones,4,248.61,159.2,994.44,994.44,357.64,0.0,Completed
2023-03-28,Muscat,Retail,Wearables,4,85.48,46.6,341.93,341.93,155.51,0.0,Completed
2023-03-28,Nizwa,Retail,Smartphones,5,240.38,164.62,1201.89,0.0,-448.81,448.81,Returned
2023-03-28,Nizwa,Retail,Smartphones,5,264.47,151.76,1322.34,1322.34,563.53,0.0,Completed
2023-03-29,Salalah,Online,Wearables,1,79.95,47.62,79.95,79.95,32.33,0.0,Completed
2023-03-29,Nizwa,Online,Laptops,5,339.32,193.76,1696.58,1696.58,727.76,0.0,Completed
2023-03-29,Muscat,Online,Smartphones,2,241.34,163.79,482.69,482.69,155.11,0.0,Completed
2023-03-29,Sohar,Retail,Smartphones,3,271.58,150.59,814.74,814.74,362.96,0.0,Completed
2023-03-29,Sohar,Online,Laptops,3,375.36,196.81,1126.09,1126.09,535.65,0.0,Completed
2023-03-30,Nizwa,Retail,Tablets,5,156.37,108.94,781.85,781.85,237.12,0.0,Completed
2023-03-30,Muscat,Retail,Wearables,5,79.93,54.44,399.63,399.63,127.4,0.0,Completed
2023-03-30,Sohar,Retail,Smartphones,1,262.21,168.35,262.21,262.21,93.86,0.0,Completed
2023-03-30,Salalah,Retail,Laptops,5,381.39,252.76,1906.93,1906.93,643.14,0.0,Completed
2023-03-30,Muscat,Online,Laptops,3,377.83,191.63,1133.5,1133.5,558.6,0.0,Completed
2023-03-30,Muscat,Online,Accessories,4,27.04,18.72,108.15,108.15,33.26,0.0,Completed
2023-03-31,Muscat,Retail,Accessories,3,23.91,16.54,71.73,71.73,22.12,0.0,Completed
2023-03-31,Salalah,Retail,Smartphones,2,258.35,144.07,516.7,516.7,228.56,0.0,Completed
2023-03-31,Muscat,Online,Laptops,1,342.83,188.19,342.83,342.83,154.64,0.0,Completed
2023-03-31,Muscat,Online,Laptops,4,317.27,173.09,1269.1,1269.1,576.72,0.0,Completed
2023-03-31,Muscat,Retail,Accessories,3,26.63,16.89,79.89,79.89,29.22,0.0,Completed
2023-04-01,Salalah,Retail,Smartphones,2,248.56,168.96,497.12,497.12,159.21,0.0,Completed
2023-04-01,Muscat,Online,Accessories,2,24.9,13.85,49.8,49.8,22.1,0.0,Completed
2023-04-01,Muscat,Retail,Accessories,4,25.35,14.74,101.39,101.39,42.42,0.0,Completed
2023-04-01,Muscat,Retail,Accessories,3,23.06,14.55,69.17,69.17,25.51,0.0,Completed
2023-04-02,Sohar,Online,Wearables,4,74.16,38.49,296.66,296.66,142.71,0.0,Completed
2023-04-02,Salalah,Online,Accessories,3,25.69,12.9,77.08,77.08,38.39,0.0,Completed
2023-04-02,Sohar,Retail,Accessories,5,23.55,15.78,117.73,117.73,38.8,0.0,Completed
2023-04-02,Muscat,Online,Laptops,4,316.69,211.73,1266.76,1266.76,419.83,0.0,Completed
2023-04-02,Sohar,Online,Accessories,4,27.42,15.34,109.67,109.67,48.33,0.0,Completed
2023-04-02,Nizwa,Online,Laptops,2,352.7,241.41,705.4,705.4,222.58,0.0,Completed
2023-04-02,Salalah,Retail,Smartphones,2,255.79,157.68,511.59,511.59,196.23,0.0,Completed
2023-04-02,Salalah,Retail,Smartphones,3,273.79,156.76,821.38,821.38,351.11,0.0,Completed
2023-04-03,Salalah,Retail,Laptops,1,328.02,201.43,328.02,328.02,126.59,0.0,Completed
2023-04-03,Muscat,Online,Tablets,5,137.12,75.28,685.59,685.59,309.17,0.0,Completed
2023-04-03,Muscat,Online,Wearables,1,80.51,46.74,80.51,80.51,33.78,0.0,Completed
2023-04-03,Muscat,Retail,Tablets,5,149.55,75.4,747.73,747.73,370.75,0.0,Completed
2023-04-03,Muscat,Retail,Wearables,3,86.23,45.38,258.69,258.69,122.55,0.0,Completed
2023-04-03,Sohar,Online,Tablets,2,154.09,92.59,308.18,308.18,123.01,0.0,Completed
2023-04-03,Sohar,Retail,Wearables,5,76.89,43.46,384.45,384.45,167.13,0.0,Completed
2023-04-04,Salalah,Online,Smartphones,1,270.67,143.08,270.67,270.67,127.58,0.0,Completed
2023-04-04,Sohar,Wholesale,Wearables,54,68.16,49.08,3680.63,3680.63,1030.05,0.0,Completed
2023-04-04,Nizwa,Online,Smartphones,4,240.15,135.43,960.61,0.0,-110.93,110.93,Returned
2023-04-04,Muscat,Wholesale,Accessories,40,19.74,12.6,789.51,789.51,285.36,0.0,Completed
2023-04-04,Nizwa,Online,Accessories,3,23.2,15.42,69.6,69.6,23.34,0.0,Completed
2023-04-05,Sohar,Retail,Smartphones,2,244.86,147.28,489.73,489.73,195.17,0.0,Completed
2023-04-05,Muscat,Retail,Tablets,2,143.03,82.46,286.06,286.06,121.15,0.0,Completed
2023-04-05,Salalah,Retail,Smartphones,5,273.41,159.54,1367.05,1367.05,569.36,0.0,Completed
2023-04-05,Muscat,Retail,Wearables,1,84.22,44.63,84.22,0.0,-14.6,14.6,Returned
2023-04-06,Salalah,Retail,Wearables,4,74.5,41.53,297.98,297.98,131.86,0.0,Completed
2023-04-06,Sohar,Retail,Accessories,4,27.25,18.21,109.0,109.0,36.14,0.0,Completed
2023-04-06,Muscat,Retail,Tablets,2,161.63,83.49,323.26,323.26,156.29,0.0,Completed
2023-04-06,Nizwa,Retail,Smartphones,5,258.96,145.24,1294.81,1294.81,568.62,0.0,Completed
2023-04-06,Sohar,Retail,Smartphones,4,225.5,137.1,902.0,902.0,353.6,0.0,Completed
2023-04-06,Muscat,Online,Laptops,1,347.92,209.65,347.92,347.92,138.27,0.0,Completed
2023-04-06,Nizwa,Online,Accessories,3,23.16,12.41,69.49,69.49,32.27,0.0,Completed
2023-04-06,Salalah,Retail,Smartphones,4,253.73,152.43,1014.92,0.0,-400.46,400.46,Returned
2023-04-06,Muscat,Online,Accessories,5,25.16,14.81,125.8,125.8,51.75,0.0,Completed
2023-04-07,Sohar,Wholesale,Smartphones,48,212.49,155.64,10199.35,10199.35,2728.46,0.0,Completed
2023-04-07,Sohar,Retail,Smartphones,5,233.23,131.18,1166.13,1166.13,510.24,0.0,Completed
2023-04-07,Muscat,Wholesale,Laptops,95,276.82,231.03,26297.65,26297.65,4349.75,0.0,Completed
2023-04-08,Sohar,Retail,Accessories,5,24.77,12.65,123.84,123.84,60.58,0.0,Completed
2023-04-08,Muscat,Wholesale,Accessories,12,19.75,13.41,237.0,237.0,76.06,0.0,Completed
2023-04-08,Muscat,Retail,Tablets,4,150.76,84.33,603.03,603.03,265.69,0.0,Completed
2023-04-08,Muscat,Retail,Smartphones,3,230.18,116.88,690.54,690.54,339.9,0.0,Completed
2023-04-08,Sohar,Online,Smartphones,3,248.0,149.15,744.01,744.01,296.57,0.0,Completed
2023-04-09,Muscat,Wholesale,Wearables,72,61.71,51.83,4442.99,4442.99,711.11,0.0,Completed
2023-04-09,Salalah,Wholesale,Laptops,80,297.86,207.14,23828.69,0.0,-14615.14,14615.14,Returned
2023-04-09,Muscat,Retail,Smartphones,3,259.26,151.93,777.78,777.78,322.0,0.0,Completed
2023-04-09,Muscat,Retail,Smartphones,2,272.91,187.16,545.82,545.82,171.49,0.0,Completed
2023-04-09,Salalah,Online,Laptops,2,371.64,196.82,743.28,743.28,349.65,0.0,Completed
2023-04-10,Nizwa,Online,Smartphones,1,240.7,150.33,240.7,240.7,90.37,0.0,Completed
2023-04-10,Muscat,Retail,Smartphones,3,265.85,153.21,797.56,797.56,337.92,0.0,Completed
2023-04-10,Muscat,Wholesale,Smartphones,40,188.28,124.82,7531.38,7531.38,2538.56,0.0,Completed
2023-04-10,Sohar,Online,Smartphones,1,262.96,175.99,262.96,262.96,86.97,0.0,Completed
2023-04-11,Muscat,Retail,Smartphones,2,251.22,157.64,502.43,502.43,187.16,0.0,Completed
2023-04-11,Sohar,Retail,Smartphones,1,242.11,151.12,242.11,242.11,90.98,0.0,Completed
2023-04-11,Sohar,Retail,Smartphones,2,244.07,141.44,488.14,488.14,205.26,0.0,Completed
2023-04-11,Salalah,Online,Smartphones,2,269.35,168.55,538.7,538.7,201.59,0.0,Completed
2023-04-12,Nizwa,Retail,Accessories,3,24.12,15.95,72.35,72.35,24.5,0.0,Completed
2023-04-12,Nizwa,Retail,Tablets,5,147.51,79.92,737.55,737.55,337.93,0.0,Completed
2023-04-12,Muscat,Retail,Tablets,4,140.81,73.59,563.23,563.23,268.88,0.0,Completed
2023-04-12,Muscat,Online,Accessories,4,22.58,15.41,90.32,90.32,28.69,0.0,Completed
2023-04-12,Nizwa,Retail,Laptops,3,370.74,221.98,1112.23,1112.23,446.27,0.0,Completed
2023-04-13,Salalah,Online,Tablets,5,147.97,95.72,739.85,739.85,261.26,0.0,Completed
2023-04-13,Muscat,Retail,Smartphones,3,264.97,151.37,794.9,794.9,340.78,0.0,Completed
2023-04-13,Muscat,Online,Laptops,4,355.36,185.85,1421.44,1421.44,678.03,0.0,Completed
2023-04-13,Muscat,Retail,Smartphones,4,260.34,172.45,1041.35,1041.35,351.54,0.0,Completed
2023-04-13,Sohar,Wholesale,Smartphones,12,181.18,137.76,2174.16,2174.16,521.04,0.0,Completed
2023-04-13,Salalah,Retail,Laptops,1,327.63,211.84,327.63,327.63,115.79,0.0,Completed
2023-04-14,Muscat,Online,Wearables,1,74.16,44.77,74.16,74.16,29.39,0.0,Completed
2023-04-14,Muscat,Online,Wearables,2,78.89,50.5,157.78,157.78,56.77,0.0,Completed
2023-04-14,Muscat,Online,Tablets,5,140.36,96.09,701.81,701.81,221.36,0.0,Completed
2023-04-14,Salalah,Online,Smartphones,3,255.03,155.65,765.08,765.08,298.14,0.0,Completed
2023-04-14,Muscat,Retail,Accessories,2,24.82,14.05,49.64,49.64,21.53,0.0,Completed
2023-04-14,Muscat,Retail,Accessories,1,22.57,14.77,22.57,22.57,7.81,0.0,Completed
2023-04-14,Muscat,Online,Smartphones,1,236.83,143.58,236.83,236.83,93.24,0.0,Completed
2023-04-15,Muscat,Retail,Smartphones,3,259.77,142.52,779.32,779.32,351.76,0.0,Completed
2023-04-15,Muscat,Retail,Wearables,2,85.52,45.39,171.05,171.05,80.27,0.0,Completed
2023-04-15,Salalah,Retail,Accessories,3,25.83,16.56,77.5,77.5,27.81,0.0,Completed
2023-04-15,Salalah,Retail,Accessories,3,25.94,14.47,77.82,77.82,34.41,0.0,Completed
2023-04-15,Nizwa,Retail,Smartphones,4,259.93,164.44,1039.7,1039.7,381.95,0.0,Completed
2023-04-16,Salalah,Online,Smartphones,3,258.23,159.2,774.68,0.0,-336.97,336.97,Returned
2023-04-16,Muscat,Retail,Smartphones,1,240.99,141.56,240.99,240.99,99.42,0.0,Completed
2023-04-16,Sohar,Retail,Accessories,3,27.49,19.09,82.47,82.47,25.2,0.0,Completed
2023-04-17,Sohar,Retail,Accessories,1,24.51,15.14,24.51,24.51,9.37,0.0,Completed
2023-04-17,Muscat,Retail,Accessories,3,25.87,16.84,77.61,77.61,27.1,0.0,Completed
2023-04-17,Muscat,Retail,Accessories,2,25.34,16.64,50.67,0.0,-17.48,17.48,Returned
2023-04-18,Salalah,Retail,Accessories,1,24.93,16.53,24.93,24.93,8.4,0.0,Completed
2023-04-18,Sohar,Online,Laptops,1,328.57,167.99,328.57,328.57,160.59,0.0,Completed
2023-04-18,Muscat,Retail,Tablets,2,146.93,80.88,293.86,293.86,132.1,0.0,Completed
2023-04-18,Muscat,Retail,Smartphones,5,266.47,185.43,1332.36,1332.36,405.23,0.0,Completed
2023-04-18,Salalah,Online,Smartphones,1,230.11,156.1,230.11,230.11,74.01,0.0,Completed
2023-04-18,Salalah,Wholesale,Smartphones,60,212.02,158.87,12721.16,12721.16,3188.74,0.0,Completed
2023-04-18,Sohar,Retail,Laptops,3,323.75,203.6,971.24,971.24,360.45,0.0,Completed
2023-04-18,Muscat,Retail,Smartphones,3,233.38,143.32,700.14,700.14,270.18,0.0,Completed
2023-04-18,Muscat,Retail,Accessories,3,25.04,13.5,75.11,75.11,34.6,0.0,Completed
2023-04-18,Sohar,Retail,Wearables,3,86.84,51.13,260.51,260.51,107.13,0.0,Completed
2023-04-18,Salalah,Online,Wearables,5,80.64,55.07,403.2,403.2,127.86,0.0,Completed
2023-04-18,Muscat,Retail,Smartphones,2,252.81,160.66,505.63,505.63,184.31,0.0,Completed
2023-04-18,Muscat,Retail,Laptops,3,317.28,190.44,951.84,951.84,380.53,0.0,Completed
2023-04-19,Salalah,Retail,Tablets,2,154.8,80.58,309.6,309.6,148.44,0.0,Completed
2023-04-19,Nizwa,Retail,Smartphones,3,241.55,122.56,724.64,724.64,356.98,0.0,Completed
2023-04-19,Salalah,Online,Laptops,1,375.95,213.13,375.95,375.95,162.83,0.0,Completed
2023-04-19,Salalah,Online,Laptops,3,333.42,226.24,1000.27,1000.27,321.56,0.0,Completed
2023-04-19,Sohar,Wholesale,Accessories,70,19.11,15.52,1337.96,1337.96,251.34,0.0,Completed
2023-04-19,Nizwa,Online,Smartphones,5,270.14,182.9,1350.7,1350.7,436.22,0.0,Completed
2023-04-20,Muscat,Retail,Laptops,5,375.06,234.56,1875.3,1875.3,702.52,0.0,Completed
2023-04-20,Salalah,Online,Accessories,3,23.95,12.04,71.86,71.86,35.74,0.0,Completed
2023-04-20,Sohar,Retail,Smartphones,2,260.69,131.91,521.39,0.0,-139.98,139.98,Returned
2023-04-20,Muscat,Wholesale,Laptops,22,298.31,243.52,6562.73,6562.73,1205.19,0.0,Completed
2023-04-21,Salalah,Online,Smartphones,5,245.48,162.84,1227.39,1227.39,413.21,0.0,Completed
2023-04-21,Salalah,Wholesale,Accessories,60,20.68,13.73,1240.57,1240.57,416.9,0.0,Completed
2023-04-21,Salalah,Retail,Wearables,1,84.84,43.07,84.84,84.84,41.77,0.0,Completed
2023-04-21,Salalah,Retail,Accessories,3,23.29,16.01,69.87,69.87,21.84,0.0,Completed
2023-04-21,Muscat,Retail,Laptops,5,356.66,200.53,1783.3,1783.3,780.65,0.0,Completed
2023-04-21,Muscat,Online,Accessories,5,25.62,14.64,128.08,128.08,54.86,0.0,Completed
2023-04-22,Muscat,Retail,Laptops,4,381.36,191.12,1525.45,1525.45,760.95,0.0,Completed
2023-04-22,Nizwa,Retail,Accessories,1,26.89,17.06,26.89,26.89,9.83,0.0,Completed
2023-04-22,Muscat,Online,Laptops,2,352.92,211.57,705.84,705.84,282.71,0.0,Completed
2023-04-22,Muscat,Retail,Smartphones,2,242.3,133.9,484.61,484.61,216.8,0.0,Completed
2023-04-22,Muscat,Online,Accessories,5,22.75,14.4,113.74,113.74,41.77,0.0,Completed
2023-04-22,Sohar,Retail,Laptops,4,341.06,206.31,1364.23,1364.23,538.98,0.0,Completed
2023-04-22,Salalah,Online,Wearables,3,80.12,47.76,240.35,240.35,97.06,0.0,Completed
2023-04-22,Muscat,Retail,Smartphones,4,263.65,133.7,1054.59,1054.59,519.81,0.0,Completed
2023-04-22,Sohar,Online,Laptops,4,347.32,200.42,1389.27,1389.27,587.59,0.0,Completed
2023-04-22,Sohar,Online,Accessories,4,25.31,13.06,101.23,101.23,48.99,0.0,Completed
2023-04-22,Muscat,Retail,Smartphones,2,265.2,176.41,530.4,530.4,177.59,0.0,Completed
2023-04-22,Salalah,Online,Smartphones,5,247.24,166.88,1236.18,1236.18,401.79,0.0,Completed
2023-04-23,Salalah,Retail,Accessories,1,26.36,14.56,26.36,26.36,11.81,0.0,Completed
2023-04-23,Muscat,Online,Laptops,4,350.87,190.11,1403.48,1403.48,643.05,0.0,Completed
2023-04-23,Muscat,Retail,Laptops,2,335.67,174.22,671.35,671.35,322.92,0.0,Completed
2023-04-23,Muscat,Online,Accessories,1,23.43,13.08,23.43,23.43,10.35,0.0,Completed
2023-04-23,Muscat,Online,Accessories,2,23.34,12.91,46.67,46.67,20.85,0.0,Completed
2023-04-23,Salalah,Online,Smartphones,4,272.98,169.28,1091.93,1091.93,414.81,0.0,Completed
2023-04-24,Nizwa,Retail,Laptops,3,318.54,172.96,955.61,955.61,436.72,0.0,Completed
2023-04-24,Salalah,Wholesale,Smartphones,100,185.98,127.41,18597.59,0.0,-10985.13,10985.13,Returned
2023-04-24,Salalah,Online,Accessories,1,24.06,13.25,24.06,24.06,10.8,0.0,Completed
2023-04-24,Muscat,Online,Wearables,3,85.32,46.98,255.97,255.97,115.03,0.0,Completed
2023-04-24,Salalah,Wholesale,Smartphones,14,216.19,157.96,3026.71,3026.71,815.27,0.0,Completed
2023-04-25,Muscat,Online,Laptops,1,343.42,200.51,343.42,343.42,142.91,0.0,Completed
2023-04-25,Nizwa,Online,Accessories,3,25.03,16.77,75.08,0.0,-45.31,45.31,Returned
2023-04-25,Salalah,Online,Smartphones,2,251.43,164.48,502.87,502.87,173.91,0.0,Completed
2023-04-25,Muscat,Online,Tablets,4,162.39,89.29,649.57,649.57,292.41,0.0,Completed
2023-04-25,Salalah,Retail,Accessories,1,23.54,15.24,23.54,23.54,8.3,0.0,Completed
2023-04-26,Salalah,Retail,Smartphones,5,273.91,170.17,1369.57,1369.57,518.72,0.0,Completed
2023-04-26,Sohar,Retail,Wearables,5,72.1,45.04,360.5,0.0,-159.36,159.36,Returned
2023-04-26,Muscat,Wholesale,Smartphones,20,213.53,138.75,4270.52,4270.52,1495.61,0.0,Completed
2023-04-26,Muscat,Online,Smartphones,4,271.46,175.11,1085.84,1085.84,385.38,0.0,Completed
2023-04-26,Sohar,Wholesale,Smartphones,39,198.4,134.09,7737.43,7737.43,2507.74,0.0,Completed
2023-04-26,Muscat,Retail,Smartphones,1,230.85,118.82,230.85,230.85,112.03,0.0,Completed
2023-04-26,Nizwa,Retail,Wearables,2,74.7,52.22,149.39,0.0,-93.06,93.06,Returned
2023-04-26,Salalah,Wholesale,Accessories,36,18.29,13.69,658.59,658.59,165.7,0.0,Completed
2023-04-26,Muscat,Online,Laptops,4,336.08,210.15,1344.33,1344.33,503.73,0.0,Completed
2023-04-27,Sohar,Retail,Smartphones,5,234.47,137.05,1172.34,1172.34,487.1,0.0,Completed
2023-04-27,Sohar,Retail,Accessories,4,24.65,13.82,98.6,98.6,43.34,0.0,Completed
2023-04-27,Salalah,Online,Tablets,1,156.66,79.56,156.66,156.66,77.1,0.0,Completed
2023-04-27,Sohar,Online,Tablets,4,154.5,105.81,618.0,618.0,194.76,0.0,Completed
2023-04-27,Muscat,Wholesale,Smartphones,22,216.66,176.62,4766.43,4766.43,880.82,0.0,Completed
2023-04-27,Muscat,Retail,Smartphones,2,262.68,139.15,525.35,525.35,247.05,0.0,Completed
2023-04-27,Muscat,Online,Smartphones,4,250.64,147.45,1002.56,1002.56,412.75,0.0,Completed
2023-04-27,Sohar,Online,Smartphones,3,225.21,154.14,675.64,675.64,213.21,0.0,Completed
2023-04-28,Muscat,Retail,Laptops,4,354.09,247.75,1416.36,1416.36,425.35,0.0,Completed
2023-04-28,Muscat,Online,Smartphones,1,230.12,141.75,230.12,230.12,88.37,0.0,Completed
2023-04-28,Nizwa,Retail,Tablets,1,156.02,98.29,156.02,156.02,57.73,0.0,Completed
2023-04-29,Muscat,Online,Accessories,3,25.67,15.75,77.01,77.01,29.75,0.0,Completed
2023-04-29,Nizwa,Retail,Smartphones,1,253.61,169.7,253.61,0.0,-126.6,126.6,Returned
2023-04-29,Muscat,Retail,Accessories,4,25.79,17.98,103.14,103.14,31.2,0.0,Completed
2023-04-29,Muscat,Online,Smartphones,4,248.02,135.74,992.09,992.09,449.11,0.0,Completed
2023-04-30,Muscat,Retail,Tablets,3,151.1,103.26,453.29,453.29,143.52,0.0,Completed
2023-04-30,Nizwa,Retail,Laptops,2,327.82,196.54,655.63,655.63,262.56,0.0,Completed
2023-04-30,Sohar,Retail,Laptops,4,317.07,188.33,1268.27,1268.27,514.97,0.0,Completed
2023-04-30,Muscat,Online,Smartphones,5,271.06,150.54,1355.32,1355.32,602.64,0.0,Completed
2023-05-01,Sohar,Retail,Laptops,4,367.87,207.34,1471.46,1471.46,642.08,0.0,Completed
2023-05-01,Muscat,Retail,Accessories,4,24.56,16.62,98.24,98.24,31.78,0.0,Completed
2023-05-01,Sohar,Retail,Smartphones,5,264.22,156.57,1321.11,0.0,-435.0,435.0,Returned
2023-05-01,Muscat,Retail,Smartphones,2,226.57,144.73,453.14,453.14,163.67,0.0,Completed
2023-05-01,Salalah,Online,Smartphones,4,254.78,155.09,1019.14,1019.14,398.78,0.0,Completed
2023-05-01,Sohar,Online,Wearables,5,87.17,53.9,435.83,435.83,166.34,0.0,Completed
2023-05-01,Muscat,Retail,Smartphones,4,252.41,166.79,1009.64,1009.64,342.49,0.0,Completed
2023-05-01,Sohar,Online,Tablets,3,144.44,76.37,433.33,433.33,204.21,0.0,Completed
2023-05-02,Sohar,Retail,Laptops,5,323.07,208.38,1615.36,1615.36,573.48,0.0,Completed
2023-05-02,Muscat,Online,Smartphones,2,256.31,141.79,512.62,512.62,229.03,0.0,Completed
2023-05-02,Sohar,Retail,Laptops,4,316.35,179.82,1265.39,1265.39,546.12,0.0,Completed
2023-05-03,Salalah,Online,Wearables,2,85.61,46.24,171.23,171.23,78.74,0.0,Completed
2023-05-03,Salalah,Online,Laptops,3,338.06,170.02,1014.19,1014.19,504.14,0.0,Completed
2023-05-03,Salalah,Online,Accessories,1,25.61,14.43,25.61,25.61,11.17,0.0,Completed
2023-05-03,Salalah,Online,Smartphones,2,251.19,147.59,502.39,502.39,207.2,0.0,Completed
2023-05-03,Salalah,Online,Accessories,5,26.77,16.49,133.86,133.86,51.41,0.0,Completed
2023-05-03,Sohar,Wholesale,Laptops,32,272.94,219.72,8733.95,8733.95,1702.98,0.0,Completed
2023-05-03,Muscat,Wholesale,Smartphones,36,215.64,134.8,7763.01,7763.01,2910.04,0.0,Completed
2023-05-04,Sohar,Retail,Smartphones,4,258.44,161.11,1033.75,1033.75,389.31,0.0,Completed
2023-05-04,Muscat,Online,Laptops,1,359.0,196.38,359.0,359.0,162.63,0.0,Completed
2023-05-04,Muscat,Online,Wearables,2,74.42,46.53,148.84,148.84,55.77,0.0,Completed
2023-05-04,Sohar,Online,Wearables,5,84.29,42.8,421.47,421.47,207.48,0.0,Completed
2023-05-04,Nizwa,Retail,Laptops,3,368.86,238.23,1106.57,1106.57,391.88,0.0,Completed
2023-05-04,Salalah,Online,Laptops,4,326.7,217.31,1306.8,1306.8,437.56,0.0,Completed
2023-05-04,Muscat,Retail,Smartphones,2,226.17,156.43,452.33,452.33,139.47,0.0,Completed
2023-05-04,Sohar,Online,Wearables,2,80.4,40.6,160.81,160.81,79.62,0.0,Completed
2023-05-04,Sohar,Retail,Laptops,5,363.38,217.26,1816.92,1816.92,730.6,0.0,Completed
2023-05-04,Muscat,Retail,Accessories,2,26.55,18.54,53.11,53.11,16.03,0.0,Completed
2023-05-04,Muscat,Retail,Smartphones,3,266.57,139.42,799.71,799.71,381.44,0.0,Completed
2023-05-05,Salalah,Online,Tablets,3,161.36,94.67,484.09,484.09,200.07,0.0,Completed
2023-05-05,Sohar,Retail,Accessories,4,25.61,16.3,102.43,102.43,37.24,0.0,Completed
2023-05-05,Nizwa,Retail,Wearables,1,84.95,43.64,84.95,84.95,41.31,0.0,Completed
2023-05-05,Muscat,Online,Laptops,1,372.36,240.53,372.36,372.36,131.84,0.0,Completed
2023-05-05,Muscat,Wholesale,Accessories,70,19.02,12.35,1331.1,1331.1,466.32,0.0,Completed
2023-05-05,Salalah,Online,Wearables,3,77.6,53.44,232.81,232.81,72.49,0.0,Completed
2023-05-05,Muscat,Retail,Laptops,1,368.59,196.66,368.59,368.59,171.94,0.0,Completed
2023-05-06,Muscat,Retail,Wearables,1,80.42,47.02,80.42,80.42,33.41,0.0,Completed
2023-05-06,Muscat,Online,Laptops,3,370.49,197.12,1111.47,1111.47,520.12,0.0,Completed
2023-05-06,Muscat,Online,Smartphones,1,263.49,152.8,263.49,263.49,110.7,0.0,Completed
2023-05-06,Nizwa,Online,Accessories,4,22.99,12.25,91.96,91.96,42.94,0.0,Completed
2023-05-07,Salalah,Online,Smartphones,1,225.86,144.24,225.86,225.86,81.62,0.0,Completed
2023-05-07,Sohar,Online,Accessories,2,25.75,16.09,51.49,51.49,19.3,0.0,Completed
2023-05-07,Muscat,Retail,Wearables,1,85.66,57.6,85.66,85.66,28.05,0.0,Completed
2023-05-07,Muscat,Retail,Tablets,3,143.94,78.9,431.83,431.83,195.13,0.0,Completed
2023-05-07,Salalah,Online,Smartphones,1,227.74,147.39,227.74,227.74,80.35,0.0,Completed
2023-05-08,Salalah,Online,Smartphones,5,264.9,164.96,1324.49,1324.49,499.68,0.0,Completed
2023-05-08,Sohar,Retail,Accessories,4,24.2,14.94,96.8,96.8,37.04,0.0,Completed
2023-05-08,Salalah,Retail,Smartphones,1,262.45,178.61,262.45,262.45,83.84,0.0,Completed
2023-05-09,Muscat,Retail,Smartphones,1,253.45,159.6,253.45,253.45,93.85,0.0,Completed
2023-05-09,Salalah,Retail,Smartphones,2,240.4,154.8,480.8,480.8,171.2,0.0,Completed
2023-05-09,Sohar,Retail,Smartphones,4,270.4,142.76,1081.6,1081.6,510.57,0.0,Completed
2023-05-09,Salalah,Wholesale,Smartphones,60,198.62,154.53,11917.35,11917.35,2645.41,0.0,Completed
2023-05-09,Sohar,Retail,Laptops,1,381.94,231.59,381.94,381.94,150.35,0.0,Completed
2023-05-09,Muscat,Online,Accessories,1,23.37,12.97,23.37,23.37,10.4,0.0,Completed
2023-05-09,Muscat,Retail,Tablets,4,164.02,83.12,656.1,656.1,323.62,0.0,Completed
2023-05-10,Muscat,Retail,Accessories,2,25.92,14.13,51.83,51.83,23.57,0.0,Completed
2023-05-10,Muscat,Online,Wearables,4,83.39,43.17,333.55,333.55,160.86,0.0,Completed
2023-05-10,Salalah,Online,Tablets,4,164.0,87.49,655.99,655.99,306.04,0.0,Completed
2023-05-10,Salalah,Online,Smartphones,5,264.35,137.26,1321.76,1321.76,635.44,0.0,Completed
2023-05-11,Salalah,Retail,Tablets,1,159.54,102.82,159.54,159.54,56.72,0.0,Completed
2023-05-11,Salalah,Online,Accessories,5,22.79,12.24,113.94,113.94,52.72,0.0,Completed
2023-05-11,Nizwa,Retail,Tablets,5,160.82,107.17,804.09,804.09,268.25,0.0,Completed
2023-05-11,Salalah,Wholesale,Accessories,51,21.64,14.68,1103.68,1103.68,355.07,0.0,Completed
2023-05-11,Muscat,Retail,Wearables,5,76.9,39.98,384.5,384.5,184.58,0.0,Completed
2023-05-11,Nizwa,Retail,Laptops,1,337.28,183.48,337.28,337.28,153.79,0.0,Completed
2023-05-11,Salalah,Online,Tablets,3,152.69,105.44,458.06,458.06,141.73,0.0,Completed
2023-05-11,Muscat,Online,Accessories,1,27.46,18.89,27.46,27.46,8.57,0.0,Completed
2023-05-11,Salalah,Online,Smartphones,3,227.78,125.14,683.35,683.35,307.92,0.0,Completed
2023-05-11,Muscat,Retail,Smartphones,1,270.45,153.86,270.45,270.45,116.59,0.0,Completed
2023-05-12,Salalah,Online,Laptops,5,319.78,216.89,1598.92,1598.92,514.45,0.0,Completed
2023-05-12,Muscat,Retail,Accessories,2,23.23,13.96,46.46,46.46,18.54,0.0,Completed
2023-05-12,Salalah,Retail,Wearables,3,76.35,45.49,229.05,229.05,92.59,0.0,Completed
2023-05-12,Salalah,Online,Smartphones,1,226.7,126.28,226.7,226.7,100.42,0.0,Completed
2023-05-12,Sohar,Retail,Wearables,1,87.84,58.74,87.84,87.84,29.1,0.0,Completed
2023-05-12,Sohar,Online,Smartphones,4,231.79,160.97,927.14,927.14,283.27,0.0,Completed
2023-05-12,Sohar,Retail,Laptops,4,345.25,202.56,1380.99,1380.99,570.76,0.0,Completed
2023-05-12,Muscat,Online,Accessories,3,22.85,13.22,68.54,68.54,28.87,0.0,Completed
2023-05-12,Muscat,Online,Wearables,5,85.72,45.79,428.59,428.59,199.63,0.0,Completed
2023-05-13,Sohar,Online,Laptops,4,320.92,192.31,1283.68,0.0,-163.58,163.58,Returned
2023-05-13,Nizwa,Retail,Smartphones,5,266.36,171.87,1331.8,1331.8,472.44,0.0,Completed
2023-05-13,Salalah,Retail,Smartphones,5,242.79,166.23,1213.93,1213.93,382.78,0.0,Completed
2023-05-13,Nizwa,Online,Accessories,5,24.61,14.17,123.07,123.07,52.21,0.0,Completed
2023-05-14,Nizwa,Retail,Accessories,3,26.86,14.87,80.58,80.58,35.97,0.0,Completed
2023-05-14,Salalah,Online,Laptops,4,363.87,245.17,1455.48,1455.48,474.78,0.0,Completed
2023-05-14,Muscat,Retail,Wearables,1,79.4,46.14,79.4,0.0,-13.44,13.44,Returned
2023-05-14,Salalah,Retail,Accessories,5,25.76,16.24,128.78,128.78,47.58,0.0,Completed
2023-05-14,Sohar,Wholesale,Smartphones,72,182.57,153.92,13144.83,13144.83,2062.65,0.0,Completed
2023-05-14,Muscat,Online,Smartphones,5,256.59,139.25,1282.96,1282.96,586.71,0.0,Completed
2023-05-14,Muscat,Wholesale,Wearables,64,59.26,50.45,3792.82,3792.82,563.77,0.0,Completed
2023-05-14,Muscat,Online,Smartphones,2,260.54,148.73,521.07,521.07,223.61,0.0,Completed
2023-05-14,Nizwa,Wholesale,Tablets,70,108.31,81.76,7581.62,7581.62,1858.68,0.0,Completed
2023-05-14,Salalah,Wholesale,Accessories,36,21.34,17.65,768.11,768.11,132.87,0.0,Completed
2023-05-14,Salalah,Online,Smartphones,2,242.66,122.31,485.32,485.32,240.7,0.0,Completed
2023-05-15,Sohar,Retail,Tablets,1,142.61,85.78,142.61,142.61,56.83,0.0,Completed
2023-05-15,Nizwa,Retail,Laptops,1,368.58,222.34,368.58,368.58,146.23,0.0,Completed
2023-05-15,Nizwa,Online,Laptops,4,357.85,202.98,1431.39,1431.39,619.47,0.0,Completed
2023-05-15,Muscat,Online,Wearables,3,77.02,46.23,231.07,0.0,-36.86,36.86,Returned
2023-05-15,Nizwa,Retail,Smartphones,3,249.61,156.35,748.84,748.84,279.79,0.0,Completed
2023-05-15,Sohar,Retail,Smartphones,5,235.53,153.07,1177.67,1177.67,412.33,0.0,Completed
2023-05-15,Salalah,Retail,Accessories,3,25.82,14.82,77.45,77.45,32.98,0.0,Completed
2023-05-15,Muscat,Online,Laptops,5,354.65,192.37,1773.26,1773.26,811.41,0.0,Completed
2023-05-16,Salalah,Wholesale,Wearables,14,59.29,47.21,830.08,830.08,169.09,0.0,Completed
2023-05-16,Nizwa,Online,Laptops,2,318.99,221.62,637.98,637.98,194.75,0.0,Completed
2023-05-16,Muscat,Wholesale,Smartphones,45,180.08,136.63,8103.59,8103.59,1955.09,0.0,Completed
2023-05-16,Salalah,Retail,Tablets,5,149.27,102.78,746.35,746.35,232.46,0.0,Completed
2023-05-16,Muscat,Wholesale,Smartphones,48,189.46,135.58,9094.18,9094.18,2586.27,0.0,Completed
2023-05-16,Muscat,Online,Accessories,3,24.51,16.01,73.54,73.54,25.52,0.0,Completed
2023-05-16,Salalah,Retail,Smartphones,5,227.67,156.87,1138.36,1138.36,354.01,0.0,Completed
2023-05-16,Muscat,Retail,Tablets,5,151.29,84.98,756.45,756.45,331.55,0.0,Completed
2023-05-16,Salalah,Online,Wearables,3,73.33,47.26,219.99,219.99,78.22,0.0,Completed
2023-05-16,Salalah,Online,Smartphones,1,274.9,145.93,274.9,274.9,128.97,0.0,Completed
2023-05-17,Muscat,Online,Wearables,3,74.83,40.59,224.49,224.49,102.72,0.0,Completed
2023-05-17,Muscat,Online,Smartphones,2,273.28,173.78,546.55,546.55,198.99,0.0,Completed
2023-05-17,Muscat,Online,Tablets,2,146.84,96.92,293.67,293.67,99.83,0.0,Completed
2023-05-18,Sohar,Wholesale,Smartphones,55,187.45,153.46,10309.49,10309.49,1869.24,0.0,Completed
2023-05-18,Muscat,Retail,Accessories,5,23.36,14.91,116.8,116.8,42.25,0.0,Completed
2023-05-18,Salalah,Retail,Smartphones,2,254.56,131.22,509.12,509.12,246.68,0.0,Completed
2023-05-18,Muscat,Retail,Smartphones,3,248.91,136.85,746.73,746.73,336.19,0.0,Completed
2023-05-18,Muscat,Online,Accessories,2,23.73,15.81,47.45,47.45,15.83,0.0,Completed
2023-05-18,Muscat,Retail,Smartphones,3,259.86,178.14,779.57,779.57,245.14,0.0,Completed
2023-05-19,Muscat,Retail,Laptops,2,344.71,204.21,689.41,689.41,281.0,0.0,Completed
2023-05-19,Muscat,Retail,Laptops,3,359.96,242.34,1079.89,1079.89,352.85,0.0,Completed
2023-05-19,Muscat,Online,Tablets,1,156.44,84.56,156.44,156.44,71.88,0.0,Completed
2023-05-19,Salalah,Retail,Laptops,5,317.96,173.07,1589.81,1589.81,724.44,0.0,Completed
2023-05-19,Muscat,Retail,Smartphones,3,237.18,141.64,711.53,711.53,286.6,0.0,Completed
2023-05-19,Sohar,Online,Laptops,5,380.56,201.99,1902.79,1902.79,892.86,0.0,Completed
2023-05-19,Muscat,Online,Laptops,4,350.53,181.55,1402.13,1402.13,675.91,0.0,Completed
2023-05-20,Muscat,Online,Laptops,4,347.97,218.41,1391.88,1391.88,518.23,0.0,Completed
2023-05-20,Muscat,Online,Accessories,1,22.98,11.8,22.98,22.98,11.18,0.0,Completed
2023-05-20,Salalah,Retail,Smartphones,2,269.55,158.68,539.1,539.1,221.74,0.0,Completed
2023-05-20,Muscat,Retail,Smartphones,2,251.86,127.16,503.72,503.72,249.39,0.0,Completed
2023-05-21,Sohar,Retail,Accessories,3,23.38,11.74,70.15,70.15,34.93,0.0,Completed
2023-05-21,Sohar,Online,Laptops,2,322.07,222.95,644.14,644.14,198.25,0.0,Completed
2023-05-21,Muscat,Retail,Smartphones,1,273.48,190.93,273.48,273.48,82.54,0.0,Completed
2023-05-21,Muscat,Online,Smartphones,5,251.36,157.51,1256.79,1256.79,469.23,0.0,Completed
2023-05-21,Sohar,Retail,Accessories,3,26.11,15.06,78.33,78.33,33.14,0.0,Completed
2023-05-21,Nizwa,Retail,Smartphones,3,236.57,135.14,709.72,709.72,304.3,0.0,Completed
2023-05-22,Salalah,Online,Smartphones,1,233.52,160.44,233.52,233.52,73.08,0.0,Completed
2023-05-22,Nizwa,Online,Smartphones,2,273.47,180.27,546.94,546.94,186.4,0.0,Completed
2023-05-22,Salalah,Retail,Laptops,1,381.28,234.79,381.28,381.28,146.5,0.0,Completed
2023-05-23,Muscat,Retail,Accessories,5,24.95,14.73,124.77,124.77,51.1,0.0,Completed
2023-05-23,Muscat,Retail,Tablets,3,152.91,81.32,458.72,458.72,214.76,0.0,Completed
2023-05-23,Nizwa,Online,Smartphones,2,264.3,147.08,528.6,528.6,234.43,0.0,Completed
2023-05-23,Muscat,Online,Tablets,2,153.45,87.12,306.91,306.91,132.66,0.0,Completed
2023-05-23,Muscat,Retail,Tablets,3,156.39,102.45,469.18,469.18,161.84,0.0,Completed
2023-05-23,Salalah,Wholesale,Tablets,38,123.44,107.65,4690.9,4690.9,600.1,0.0,Completed
2023-05-23,Salalah,Retail,Wearables,3,78.91,47.64,236.72,236.72,93.81,0.0,Completed
2023-05-24,Muscat,Online,Tablets,4,159.86,89.52,639.42,639.42,281.35,0.0,Completed
2023-05-24,Nizwa,Wholesale,Accessories,22,20.44,15.48,449.59,449.59,109.12,0.0,Completed
2023-05-24,Muscat,Retail,Wearables,1,78.12,44.02,78.12,78.12,34.1,0.0,Completed
2023-05-24,Muscat,Retail,Smartphones,4,269.69,148.7,1078.76,1078.76,483.97,0.0,Completed
2023-05-24,Sohar,Online,Accessories,3,22.81,11.98,68.42,68.42,32.47,0.0,Completed
2023-05-24,Nizwa,Online,Tablets,5,154.39,80.1,771.96,771.96,371.44,0.0,Completed
2023-05-24,Nizwa,Retail,Smartphones,3,242.61,123.4,727.84,727.84,357.62,0.0,Completed
2023-05-25,Sohar,Retail,Smartphones,1,263.62,136.78,263.62,263.62,126.84,0.0,Completed
2023-05-25,Salalah,Retail,Smartphones,2,264.82,134.75,529.65,529.65,260.14,0.0,Completed
2023-05-25,Sohar,Wholesale,Laptops,13,287.61,244.25,3738.94,3738.94,563.68,0.0,Completed
2023-05-25,Muscat,Online,Smartphones,1,249.68,136.79,249.68,249.68,112.9,0.0,Completed
2023-05-26,Salalah,Online,Accessories,1,22.77,14.26,22.77,22.77,8.51,0.0,Completed
2023-05-26,Muscat,Retail,Smartphones,3,257.0,160.29,770.99,770.99,290.12,0.0,Completed
2023-05-26,Muscat,Retail,Wearables,1,85.95,50.99,85.95,85.95,34.96,0.0,Completed
2023-05-26,Nizwa,Retail,Smartphones,5,256.43,170.75,1282.15,1282.15,428.4,0.0,Completed
2023-05-26,Muscat,Wholesale,Accessories,85,20.82,17.48,1769.32,1769.32,283.18,0.0,Completed
2023-05-26,Nizwa,Online,Tablets,3,152.91,87.92,458.74,458.74,194.99,0.0,Completed
2023-05-26,Muscat,Online,Smartphones,3,263.63,169.89,790.88,790.88,281.21,0.0,Completed
2023-05-26,Salalah,Online,Accessories,2,26.43,13.25,52.86,52.86,26.36,0.0,Completed
2023-05-27,Muscat,Retail,Smartphones,1,267.98,137.55,267.98,267.98,130.44,0.0,Completed
2023-05-27,Nizwa,Online,Smartphones,3,237.83,124.64,713.49,713.49,339.58,0.0,Completed
2023-05-27,Salalah,Online,Wearables,5,86.78,49.55,433.88,433.88,186.14,0.0,Completed
2023-05-27,Sohar,Online,Smartphones,5,256.87,144.95,1284.35,1284.35,559.62,0.0,Completed
2023-05-27,Salalah,Wholesale,Accessories,39,21.91,19.12,854.55,0.0,-484.74,484.74,Returned
2023-05-27,Muscat,Online,Laptops,3,380.42,215.43,1141.25,1141.25,494.97,0.0,Completed
2023-05-27,Muscat,Retail,Smartphones,2,245.18,151.8,490.36,490.36,186.76,0.0,Completed
2023-05-28,Nizwa,Wholesale,Tablets,45,117.74,78.44,5298.25,5298.25,1768.54,0.0,Completed
2023-05-28,Salalah,Online,Smartphones,1,253.2,156.42,253.2,253.2,96.78,0.0,Completed
2023-05-28,Muscat,Online,Tablets,5,145.88,99.32,729.4,729.4,232.78,0.0,Completed
2023-05-28,Nizwa,Online,Wearables,1,76.46,49.71,76.46,0.0,-29.24,29.24,Returned
2023-05-28,Muscat,Online,Smartphones,5,248.7,151.35,1243.48,1243.48,486.74,0.0,Completed
2023-05-28,Muscat,Retail,Smartphones,3,263.6,142.02,790.79,790.79,364.73,0.0,Completed
2023-05-28,Muscat,Retail,Accessories,4,27.31,18.2,109.23,109.23,36.42,0.0,Completed
2023-05-29,Nizwa,Wholesale,Laptops,13,288.65,192.27,3752.46,3752.46,1252.99,0.0,Completed
2023-05-29,Muscat,Online,Accessories,5,23.36,13.61,116.79,116.79,48.76,0.0,Completed
2023-05-29,Muscat,Online,Smartphones,1,235.74,126.14,235.74,235.74,109.59,0.0,Completed
2023-05-29,Sohar,Online,Tablets,5,135.21,80.05,676.07,676.07,275.79,0.0,Completed
2023-05-30,Nizwa,Online,Tablets,4,135.33,93.29,541.31,541.31,168.14,0.0,Completed
2023-05-30,Muscat,Wholesale,Smartphones,39,216.86,183.71,8457.73,8457.73,1293.11,0.0,Completed
2023-05-30,Sohar,Online,Smartphones,5,226.69,139.47,1133.44,1133.44,436.08,0.0,Completed
2023-05-30,Salalah,Wholesale,Smartphones,65,209.43,176.99,13613.11,13613.11,2108.72,0.0,Completed
2023-05-30,Sohar,Retail,Wearables,4,86.53,56.79,346.12,346.12,118.96,0.0,Completed
2023-05-30,Muscat,Retail,Laptops,4,321.83,166.03,1287.33,1287.33,623.21,0.0,Completed
2023-05-31,Muscat,Retail,Tablets,1,144.55,72.69,144.55,144.55,71.86,0.0,Completed
2023-05-31,Muscat,Online,Tablets,2,138.46,90.21,276.92,276.92,96.5,0.0,Completed
2023-05-31,Salalah,Retail,Accessories,5,23.72,15.79,118.58,118.58,39.62,0.0,Completed
2023-05-31,Muscat,Retail,Accessories,4,27.24,17.41,108.96,108.96,39.32,0.0,Completed
2023-05-31,Salalah,Wholesale,Laptops,22,254.41,195.42,5596.99,5596.99,1297.78,0.0,Completed
2023-05-31,Sohar,Retail,Laptops,4,358.58,249.18,1434.3,1434.3,437.6,0.0,Completed
2023-05-31,Muscat,Retail,Smartphones,4,230.03,139.83,920.13,920.13,360.83,0.0,Completed
2023-06-01,Salalah,Retail,Smartphones,4,235.99,150.05,943.97,943.97,343.76,0.0,Completed
2023-06-01,Muscat,Retail,Smartphones,1,267.36,156.9,267.36,267.36,110.45,0.0,Completed
2023-06-02,Sohar,Retail,Wearables,1,84.01,52.02,84.01,0.0,-13.4,13.4,Returned
2023-06-02,Nizwa,Retail,Smartphones,5,251.6,150.14,1257.98,1257.98,507.27,0.0,Completed
2023-06-02,Nizwa,Retail,Accessories,1,25.52,16.85,25.52,25.52,8.66,0.0,Completed
2023-06-03,Muscat,Online,Wearables,1,85.45,50.61,85.45,85.45,34.84,0.0,Completed
2023-06-03,Muscat,Retail,Smartphones,1,251.85,162.14,251.85,251.85,89.71,0.0,Completed
2023-06-03,Muscat,Retail,Accessories,5,22.83,13.82,114.17,114.17,45.07,0.0,Completed
2023-06-03,Salalah,Online,Laptops,4,317.24,202.93,1268.95,1268.95,457.23,0.0,Completed
2023-06-03,Nizwa,Retail,Smartphones,5,237.08,140.58,1185.38,1185.38,482.49,0.0,Completed
2023-06-03,Salalah,Online,Laptops,2,374.08,248.22,748.16,748.16,251.73,0.0,Completed
2023-06-03,Muscat,Retail,Accessories,3,24.82,14.87,74.47,74.47,29.85,0.0,Completed
2023-06-03,Muscat,Online,Smartphones,4,259.43,143.24,1037.73,1037.73,464.76,0.0,Completed
2023-06-04,Sohar,Retail,Smartphones,3,251.4,143.49,754.2,754.2,323.73,0.0,Completed
2023-06-04,Muscat,Online,Laptops,3,373.75,218.9,1121.24,1121.24,464.56,0.0,Completed
2023-06-04,Muscat,Wholesale,Smartphones,55,212.66,161.29,11696.14,11696.14,2825.42,0.0,Completed
2023-06-04,Sohar,Retail,Laptops,3,352.37,235.64,1057.12,1057.12,350.2,0.0,Completed
2023-06-04,Muscat,Wholesale,Smartphones,12,212.41,168.65,2548.94,2548.94,525.14,0.0,Completed
2023-06-05,Sohar,Retail,Accessories,5,27.22,16.86,136.11,136.11,51.82,0.0,Completed
2023-06-05,Salalah,Retail,Tablets,3,156.16,81.46,468.49,468.49,224.11,0.0,Completed
2023-06-05,Nizwa,Retail,Accessories,2,23.45,13.65,46.9,46.9,19.6,0.0,Completed
2023-06-05,Muscat,Online,Tablets,3,151.82,98.88,455.47,455.47,158.83,0.0,Completed
2023-06-05,Salalah,Online,Smartphones,3,246.71,125.23,740.14,740.14,364.44,0.0,Completed
2023-06-05,Salalah,Online,Wearables,1,86.64,46.06,86.64,86.64,40.58,0.0,Completed
2023-06-06,Muscat,Retail,Smartphones,4,239.91,140.1,959.62,959.62,399.21,0.0,Completed
2023-06-06,Salalah,Online,Laptops,5,317.32,220.05,1586.62,1586.62,486.37,0.0,Completed
2023-06-06,Sohar,Retail,Tablets,2,140.47,78.88,280.94,280.94,123.19,0.0,Completed
2023-06-06,Muscat,Online,Tablets,3,161.72,82.9,485.15,485.15,236.46,0.0,Completed
2023-06-06,Muscat,Online,Wearables,2,81.01,41.21,162.02,162.02,79.61,0.0,Completed
2023-06-06,Muscat,Retail,Wearables,2,83.1,45.95,166.19,166.19,74.29,0.0,Completed
2023-06-06,Muscat,Online,Smartphones,3,238.01,164.87,714.04,714.04,219.42,0.0,Completed
2023-06-07,Salalah,Retail,Wearables,2,86.62,59.34,173.25,173.25,54.57,0.0,Completed
2023-06-07,Muscat,Retail,Laptops,5,373.31,253.02,1866.56,1866.56,601.46,0.0,Completed
2023-06-07,Salalah,Retail,Smartphones,5,268.69,137.86,1343.44,1343.44,654.16,0.0,Completed
2023-06-07,Muscat,Retail,Tablets,2,150.88,97.48,301.75,301.75,106.79,0.0,Completed
2023-06-07,Sohar,Online,Tablets,1,145.6,79.27,145.6,145.6,66.33,0.0,Completed
2023-06-07,Salalah,Online,Accessories,4,25.09,17.44,100.36,0.0,-50.39,50.39,Returned
2023-06-08,Muscat,Retail,Laptops,5,347.42,240.86,1737.1,1737.1,532.81,0.0,Completed
2023-06-08,Muscat,Online,Laptops,3,374.08,197.17,1122.24,1122.24,530.73,0.0,Completed
2023-06-08,Sohar,Online,Smartphones,2,238.9,147.26,477.8,477.8,183.28,0.0,Completed
2023-06-08,Salalah,Online,Smartphones,2,268.88,145.54,537.76,537.76,246.67,0.0,Completed
2023-06-08,Salalah,Retail,Accessories,2,26.51,15.82,53.02,53.02,21.37,0.0,Completed
2023-06-08,Salalah,Online,Laptops,1,355.25,244.0,355.25,355.25,111.26,0.0,Completed
2023-06-09,Muscat,Retail,Laptops,1,317.71,221.85,317.71,317.71,95.85,0.0,Completed
2023-06-09,Salalah,Wholesale,Smartphones,45,200.06,136.55,9002.57,9002.57,2857.8,0.0,Completed
2023-06-09,Muscat,Wholesale,Laptops,20,262.0,169.13,5239.9,5239.9,1857.23,0.0,Completed
2023-06-09,Nizwa,Online,Laptops,3,382.89,246.5,1148.67,1148.67,409.16,0.0,Completed
2023-06-10,Nizwa,Retail,Smartphones,4,233.39,138.43,933.56,933.56,379.84,0.0,Completed
2023-06-10,Muscat,Online,Accessories,2,26.29,15.26,52.59,52.59,22.08,0.0,Completed
2023-06-10,Salalah,Wholesale,Smartphones,57,215.05,157.33,12257.99,12257.99,3289.92,0.0,Completed
2023-06-11,Muscat,Online,Wearables,1,76.29,44.03,76.29,76.29,32.25,0.0,Completed
2023-06-11,Muscat,Online,Wearables,1,77.43,43.99,77.43,77.43,33.44,0.0,Completed
2023-06-11,Sohar,Wholesale,Smartphones,57,208.02,143.68,11857.16,11857.16,3667.48,0.0,Completed
2023-06-11,Nizwa,Retail,Smartphones,1,264.74,176.71,264.74,264.74,88.03,0.0,Completed
2023-06-11,Nizwa,Online,Accessories,3,24.51,16.71,73.53,73.53,23.4,0.0,Completed
2023-06-11,Muscat,Retail,Accessories,2,22.94,14.34,45.87,45.87,17.19,0.0,Completed
2023-06-12,Nizwa,Retail,Accessories,1,26.48,15.33,26.48,26.48,11.15,0.0,Completed
2023-06-12,Muscat,Retail,Laptops,1,341.16,205.9,341.16,341.16,135.26,0.0,Completed
2023-06-12,Salalah,Retail,Tablets,4,137.68,86.65,550.73,550.73,204.15,0.0,Completed
2023-06-12,Salalah,Online,Tablets,5,136.59,77.88,682.93,0.0,-334.68,334.68,Returned
2023-06-13,Muscat,Retail,Smartphones,1,253.6,148.75,253.6,253.6,104.85,0.0,Completed
2023-06-13,Muscat,Retail,Smartphones,3,251.06,149.22,753.19,753.19,305.52,0.0,Completed
2023-06-13,Salalah,Retail,Tablets,4,159.09,81.18,636.35,636.35,311.61,0.0,Completed
2023-06-13,Sohar,Retail,Accessories,4,23.47,13.39,93.88,93.88,40.33,0.0,Completed
2023-06-13,Muscat,Online,Laptops,3,325.02,225.97,975.06,975.06,297.14,0.0,Completed
2023-06-14,Sohar,Retail,Accessories,3,23.52,12.82,70.55,70.55,32.1,0.0,Completed
2023-06-14,Nizwa,Wholesale,Laptops,14,276.32,179.06,3868.53,3868.53,1361.7,0.0,Completed
2023-06-14,Sohar,Online,Wearables,4,75.63,47.56,302.51,302.51,112.26,0.0,Completed
2023-06-15,Muscat,Online,Smartphones,5,245.25,147.11,1226.25,1226.25,490.69,0.0,Completed
2023-06-15,Sohar,Online,Laptops,1,316.53,166.41,316.53,316.53,150.12,0.0,Completed
2023-06-15,Muscat,Wholesale,Tablets,15,129.93,89.33,1948.95,1948.95,608.99,0.0,Completed
2023-06-15,Muscat,Retail,Tablets,2,156.46,105.47,312.91,312.91,101.97,0.0,Completed
2023-06-15,Sohar,Online,Accessories,1,26.4,18.36,26.4,26.4,8.03,0.0,Completed
2023-06-15,Nizwa,Retail,Laptops,1,320.79,192.75,320.79,320.79,128.05,0.0,Completed
2023-06-15,Nizwa,Retail,Accessories,3,25.98,15.45,77.95,77.95,31.6,0.0,Completed
2023-06-15,Salalah,Online,Smartphones,3,252.12,167.17,756.35,756.35,254.85,0.0,Completed
2023-06-16,Muscat,Online,Smartphones,4,261.49,173.75,1045.95,1045.95,350.95,0.0,Completed
2023-06-16,Muscat,Online,Smartphones,4,265.6,154.56,1062.4,1062.4,444.16,0.0,Completed
2023-06-16,Muscat,Wholesale,Smartphones,34,204.15,163.36,6941.22,6941.22,1387.12,0.0,Completed
2023-06-16,Sohar,Retail,Accessories,5,23.6,11.9,118.01,118.01,58.53,0.0,Completed
2023-06-16,Muscat,Retail,Tablets,2,164.67,105.6,329.34,329.34,118.14,0.0,Completed
2023-06-16,Nizwa,Online,Smartphones,3,253.57,152.54,760.72,760.72,303.09,0.0,Completed
2023-06-16,Sohar,Retail,Laptops,1,344.12,234.92,344.12,344.12,109.2,0.0,Completed
2023-06-16,Sohar,Retail,Tablets,4,138.76,72.57,555.02,555.02,264.74,0.0,Completed
2023-06-17,Muscat,Wholesale,Laptops,42,263.34,183.04,11060.11,11060.11,3372.31,0.0,Completed
2023-06-17,Muscat,Retail,Tablets,5,147.4,102.92,736.98,736.98,222.37,0.0,Completed
2023-06-17,Nizwa,Retail,Smartphones,1,234.14,139.44,234.14,234.14,94.71,0.0,Completed
2023-06-17,Salalah,Wholesale,Smartphones,13,192.3,160.38,2499.88,2499.88,415.0,0.0,Completed
2023-06-17,Nizwa,Retail,Tablets,2,159.52,98.11,319.04,319.04,122.82,0.0,Completed
2023-06-18,Muscat,Online,Smartphones,4,270.82,169.97,1083.26,1083.26,403.38,0.0,Completed
2023-06-18,Nizwa,Retail,Accessories,1,24.45,16.53,24.45,24.45,7.92,0.0,Completed
2023-06-18,Muscat,Retail,Smartphones,3,266.82,175.92,800.47,800.47,272.7,0.0,Completed
2023-06-18,Sohar,Retail,Smartphones,1,251.94,127.44,251.94,251.94,124.49,0.0,Completed
2023-06-18,Muscat,Online,Accessories,5,22.66,15.06,113.29,113.29,37.98,0.0,Completed
2023-06-19,Salalah,Online,Accessories,5,26.79,18.25,133.97,133.97,42.72,0.0,Completed
2023-06-19,Muscat,Online,Accessories,1,23.65,13.09,23.65,23.65,10.55,0.0,Completed
2023-06-19,Muscat,Wholesale,Tablets,44,124.25,89.63,5467.1,5467.1,1523.53,0.0,Completed
2023-06-19,Muscat,Online,Smartphones,2,255.5,131.86,511.0,511.0,247.29,0.0,Completed
2023-06-19,Muscat,Retail,Smartphones,4,229.38,152.31,917.53,917.53,308.29,0.0,Completed
2023-06-19,Nizwa,Online,Accessories,4,25.43,16.42,101.72,101.72,36.05,0.0,Completed
2023-06-19,Muscat,Online,Accessories,4,26.9,17.19,107.59,107.59,38.82,0.0,Completed
2023-06-19,Muscat,Online,Laptops,2,341.24,199.5,682.49,682.49,283.48,0.0,Completed
2023-06-20,Salalah,Online,Accessories,2,26.65,14.99,53.3,53.3,23.32,0.0,Completed
2023-06-20,Muscat,Retail,Accessories,4,27.0,17.64,107.99,107.99,37.42,0.0,Completed
2023-06-20,Sohar,Retail,Smartphones,2,232.0,125.61,463.99,463.99,212.77,0.0,Completed
2023-06-20,Nizwa,Retail,Accessories,5,27.08,16.44,135.38,135.38,53.18,0.0,Completed
2023-06-20,Nizwa,Online,Smartphones,1,238.6,142.41,238.6,238.6,96.19,0.0,Completed
2023-06-20,Sohar,Online,Laptops,2,338.19,214.16,676.38,676.38,248.05,0.0,Completed
2023-06-21,Nizwa,Retail,Tablets,3,140.32,88.76,420.96,420.96,154.67,0.0,Completed
2023-06-21,Muscat,Retail,Tablets,3,138.15,95.26,414.45,414.45,128.66,0.0,Completed
2023-06-21,Muscat,Retail,Smartphones,2,267.06,156.1,534.11,534.11,221.92,0.0,Completed
2023-06-21,Muscat,Retail,Accessories,2,22.59,14.1,45.17,45.17,16.97,0.0,Completed
2023-06-21,Sohar,Retail,Wearables,4,82.69,55.6,330.74,330.74,108.36,0.0,Completed
2023-06-21,Sohar,Online,Smartphones,1,235.39,141.2,235.39,235.39,94.2,0.0,Completed
2023-06-21,Muscat,Online,Laptops,5,363.35,209.49,1816.73,1816.73,769.29,0.0,Completed
2023-06-21,Nizwa,Online,Smartphones,2,244.27,135.96,488.53,488.53,216.61,0.0,Completed
2023-06-22,Salalah,Online,Laptops,5,360.77,245.94,1803.84,1803.84,574.12,0.0,Completed
2023-06-22,Muscat,Online,Accessories,2,24.1,12.81,48.2,48.2,22.58,0.0,Completed
2023-06-22,Sohar,Online,Accessories,2,27.13,18.43,54.26,54.26,17.41,0.0,Completed
2023-06-22,Salalah,Online,Accessories,2,25.83,14.75,51.66,51.66,22.17,0.0,Completed
2023-06-22,Salalah,Online,Laptops,1,374.3,198.59,374.3,374.3,175.71,0.0,Completed
2023-06-22,Muscat,Retail,Tablets,5,157.96,92.33,789.81,789.81,328.13,0.0,Completed
2023-06-22,Muscat,Online,Laptops,3,377.84,234.18,1133.51,1133.51,430.95,0.0,Completed
2023-06-22,Salalah,Retail,Smartphones,2,269.79,145.74,539.58,539.58,248.1,0.0,Completed
2023-06-23,Sohar,Wholesale,Smartphones,42,181.71,117.26,7631.91,7631.91,2707.1,0.0,Completed
2023-06-23,Muscat,Retail,Smartphones,5,260.35,131.18,1301.73,1301.73,645.82,0.0,Completed
2023-06-23,Muscat,Online,Smartphones,1,240.55,151.3,240.55,240.55,89.26,0.0,Completed
2023-06-23,Muscat,Retail,Smartphones,3,228.63,132.9,685.9,685.9,287.21,0.0,Completed
2023-06-23,Sohar,Retail,Accessories,3,23.65,11.84,70.94,70.94,35.43,0.0,Completed
2023-06-23,Muscat,Retail,Accessories,4,26.4,16.22,105.59,105.59,40.71,0.0,Completed
2023-06-23,Salalah,Online,Smartphones,1,233.07,135.89,233.07,233.07,97.18,0.0,Completed
2023-06-24,Muscat,Retail,Accessories,1,26.29,15.58,26.29,0.0,-8.74,8.74,Returned
2023-06-24,Muscat,Retail,Tablets,1,153.04,99.08,153.04,153.04,53.95,0.0,Completed
2023-06-24,Salalah,Retail,Accessories,1,24.81,14.31,24.81,24.81,10.5,0.0,Completed
2023-06-24,Sohar,Retail,Tablets,1,145.88,75.58,145.88,145.88,70.29,0.0,Completed
2023-06-24,Salalah,Retail,Smartphones,3,257.93,168.65,773.8,773.8,267.83,0.0,Completed
2023-06-24,Muscat,Retail,Laptops,4,328.18,201.28,1312.72,1312.72,507.61,0.0,Completed
2023-06-24,Salalah,Retail,Laptops,5,343.43,180.94,1717.13,1717.13,812.41,0.0,Completed
2023-06-24,Sohar,Retail,Smartphones,3,241.64,122.13,724.93,724.93,358.53,0.0,Completed
2023-06-24,Sohar,Online,Tablets,4,150.52,93.86,602.09,602.09,226.67,0.0,Completed
2023-06-24,Salalah,Online,Laptops,5,355.03,213.25,1775.15,1775.15,708.88,0.0,Completed
2023-06-25,Muscat,Retail,Laptops,4,327.39,200.96,1309.57,1309.57,505.73,0.0,Completed
2023-06-25,Muscat,Online,Wearables,4,87.54,57.49,350.15,350.15,120.17,0.0,Completed
2023-06-25,Sohar,Retail,Smartphones,1,255.27,169.22,255.27,255.27,86.06,0.0,Completed
2023-06-25,Nizwa,Retail,Smartphones,3,236.73,158.6,710.18,710.18,234.39,0.0,Completed
2023-06-25,Muscat,Retail,Laptops,5,357.51,205.77,1787.57,1787.57,758.71,0.0,Completed
2023-06-25,Nizwa,Retail,Accessories,2,26.97,18.47,53.93,53.93,17.0,0.0,Completed
2023-06-26,Muscat,Wholesale,Accessories,68,20.05,15.61,1363.44,1363.44,302.25,0.0,Completed
2023-06-26,Muscat,Retail,Smartphones,2,265.65,133.14,531.3,0.0,-157.26,157.26,Returned
2023-06-26,Muscat,Online,Smartphones,1,229.69,152.31,229.69,229.69,77.38,0.0,Completed
2023-06-26,Nizwa,Online,Smartphones,1,235.52,161.26,235.52,235.52,74.26,0.0,Completed
2023-06-26,Salalah,Online,Smartphones,5,264.43,139.67,1322.14,1322.14,623.82,0.0,Completed
2023-06-26,Muscat,Retail,Laptops,2,354.31,200.41,708.62,708.62,307.81,0.0,Completed
2023-06-26,Muscat,Retail,Smartphones,4,261.92,172.16,1047.69,1047.69,359.07,0.0,Completed
2023-06-27,Muscat,Retail,Tablets,1,140.31,93.46,140.31,140.31,46.85,0.0,Completed
2023-06-27,Salalah,Retail,Accessories,1,25.82,14.78,25.82,25.82,11.04,0.0,Completed
2023-06-27,Nizwa,Retail,Smartphones,2,238.73,158.27,477.45,477.45,160.9,0.0,Completed
2023-06-27,Nizwa,Retail,Accessories,2,25.67,17.75,51.34,51.34,15.84,0.0,Completed
2023-06-27,Sohar,Retail,Accessories,1,25.14,14.48,25.14,25.14,10.66,0.0,Completed
2023-06-27,Salalah,Retail,Laptops,2,333.52,188.54,667.03,667.03,289.95,0.0,Completed
2023-06-27,Muscat,Retail,Smartphones,5,226.62,126.08,1133.09,1133.09,502.67,0.0,Completed
2023-06-27,Nizwa,Online,Accessories,1,25.34,16.9,25.34,25.34,8.44,0.0,Completed
2023-06-27,Muscat,Online,Smartphones,3,226.66,146.25,679.97,679.97,241.23,0.0,Completed
2023-06-28,Salalah,Retail,Laptops,5,375.08,243.87,1875.38,1875.38,656.03,0.0,Completed
2023-06-28,Muscat,Online,Wearables,1,82.53,56.03,82.53,82.53,26.5,0.0,Completed
2023-06-28,Nizwa,Retail,Tablets,1,159.33,87.85,159.33,159.33,71.48,0.0,Completed
2023-06-28,Sohar,Retail,Wearables,2,76.33,42.74,152.66,152.66,67.17,0.0,Completed
2023-06-28,Muscat,Retail,Wearables,2,82.88,47.53,165.77,165.77,70.7,0.0,Completed
2023-06-28,Muscat,Wholesale,Laptops,22,307.24,246.26,6759.3,6759.3,1341.62,0.0,Completed
2023-06-28,Muscat,Online,Smartphones,2,233.93,149.98,467.87,467.87,167.9,0.0,Completed
2023-06-28,Muscat,Online,Tablets,4,149.19,96.87,596.78,0.0,-346.62,346.62,Returned
2023-06-29,Muscat,Online,Wearables,2,84.4,58.34,168.81,168.81,52.13,0.0,Completed
2023-06-29,Muscat,Wholesale,Laptops,44,277.91,219.34,12228.07,12228.07,2577.31,0.0,Completed
2023-06-29,Sohar,Retail,Smartphones,2,257.58,135.51,515.16,515.16,244.14,0.0,Completed
2023-06-29,Sohar,Online,Tablets,1,150.42,87.64,150.42,150.42,62.78,0.0,Completed
2023-06-29,Sohar,Wholesale,Smartphones,40,206.32,129.63,8253.0,8253.0,3067.61,0.0,Completed
2023-06-29,Sohar,Online,Accessories,4,24.64,14.46,98.57,98.57,40.72,0.0,Completed
2023-06-29,Sohar,Retail,Accessories,1,22.86,14.8,22.86,0.0,-4.9,4.9,Returned
2023-06-29,Muscat,Retail,Smartphones,4,273.34,152.96,1093.37,1093.37,481.54,0.0,Completed
2023-06-30,Nizwa,Online,Laptops,4,366.22,231.43,1464.89,1464.89,539.17,0.0,Completed
2023-06-30,Muscat,Online,Smartphones,5,235.57,153.79,1177.85,1177.85,408.92,0.0,Completed
2023-06-30,Sohar,Online,Accessories,1,27.4,14.76,27.4,27.4,12.64,0.0,Completed
2023-06-30,Nizwa,Retail,Smartphones,3,252.52,144.71,757.56,757.56,323.43,0.0,Completed
2023-06-30,Muscat,Online,Smartphones,3,228.94,135.22,686.83,686.83,281.19,0.0,Completed
2023-06-30,Salalah,Retail,Smartphones,5,227.33,115.1,1136.66,1136.66,561.18,0.0,Completed
2023-06-30,Muscat,Retail,Wearables,2,77.49,53.64,154.98,154.98,47.7,0.0,Completed
2023-07-01,Muscat,Retail,Accessories,3,24.98,17.03,74.95,74.95,23.85,0.0,Completed
2023-07-01,Nizwa,Online,Smartphones,4,227.62,142.01,910.49,910.49,342.47,0.0,Completed
2023-07-01,Salalah,Retail,Wearables,4,77.42,44.22,309.67,309.67,132.81,0.0,Completed
2023-07-01,Salalah,Retail,Accessories,5,23.81,14.08,119.06,119.06,48.66,0.0,Completed
2023-07-01,Salalah,Wholesale,Smartphones,60,182.74,152.9,10964.36,10964.36,1790.21,0.0,Completed
2023-07-02,Salalah,Retail,Accessories,4,26.56,13.83,106.25,106.25,50.95,0.0,Completed
2023-07-02,Salalah,Wholesale,Laptops,24,286.69,216.38,6880.62,6880.62,1687.4,0.0,Completed
2023-07-02,Muscat,Online,Smartphones,2,242.61,128.93,485.22,485.22,227.35,0.0,Completed
2023-07-02,Muscat,Wholesale,Accessories,22,19.17,13.85,421.77,421.77,117.0,0.0,Completed
2023-07-02,Salalah,Retail,Laptops,2,337.39,196.33,674.78,674.78,282.12,0.0,Completed
2023-07-02,Muscat,Retail,Smartphones,1,226.48,153.08,226.48,226.48,73.41,0.0,Completed
2023-07-03,Salalah,Retail,Smartphones,4,239.95,125.88,959.79,959.79,456.27,0.0,Completed
2023-07-03,Nizwa,Retail,Accessories,2,26.38,18.36,52.77,52.77,16.05,0.0,Completed
2023-07-03,Sohar,Retail,Smartphones,4,274.27,179.24,1097.08,1097.08,380.12,0.0,Completed
2023-07-03,Sohar,Retail,Laptops,5,372.03,224.4,1860.13,1860.13,738.12,0.0,Completed
2023-07-03,Muscat,Online,Tablets,5,155.14,102.5,775.68,775.68,263.18,0.0,Completed
2023-07-04,Sohar,Retail,Laptops,3,321.97,207.81,965.91,965.91,342.47,0.0,Completed
2023-07-04,Sohar,Retail,Wearables,1,76.7,39.87,76.7,76.7,36.83,0.0,Completed
2023-07-04,Nizwa,Retail,Accessories,3,26.69,16.79,80.08,80.08,29.72,0.0,Completed
2023-07-04,Muscat,Online,Accessories,2,23.52,12.47,47.05,47.05,22.11,0.0,Completed
2023-07-04,Muscat,Online,Smartphones,3,256.63,133.08,769.89,769.89,370.65,0.0,Completed
2023-07-04,Salalah,Online,Tablets,4,164.85,102.7,659.4,659.4,248.61,0.0,Completed
2023-07-05,Nizwa,Retail,Smartphones,2,260.8,136.72,521.6,521.6,248.16,0.0,Completed
2023-07-05,Salalah,Online,Smartphones,1,261.36,175.19,261.36,261.36,86.17,0.0,Completed
2023-07-05,Sohar,Retail,Accessories,4,22.85,14.41,91.4,91.4,33.74,0.0,Completed
2023-07-05,Nizwa,Retail,Laptops,5,354.18,194.44,1770.88,1770.88,798.69,0.0,Completed
2023-07-05,Muscat,Online,Accessories,2,22.88,11.56,45.76,45.76,22.64,0.0,Completed
2023-07-06,Nizwa,Online,Accessories,3,25.34,13.93,76.02,76.02,34.23,0.0,Completed
2023-07-06,Muscat,Online,Laptops,5,377.02,255.89,1885.08,1885.08,605.63,0.0,Completed
2023-07-07,Muscat,Online,Wearables,2,80.41,49.32,160.82,160.82,62.18,0.0,Completed
2023-07-07,Muscat,Online,Laptops,3,368.62,185.87,1105.85,1105.85,548.23,0.0,Completed
2023-07-07,Muscat,Retail,Laptops,2,383.77,221.39,767.54,767.54,324.75,0.0,Completed
2023-07-07,Muscat,Online,Accessories,5,23.72,13.96,118.61,118.61,48.84,0.0,Completed
2023-07-07,Salalah,Retail,Laptops,4,342.2,201.3,1368.8,1368.8,563.62,0.0,Completed
2023-07-08,Sohar,Wholesale,Accessories,95,19.91,16.4,1891.8,1891.8,333.91,0.0,Completed
2023-07-08,Salalah,Wholesale,Smartphones,85,185.84,135.1,15796.77,15796.77,4313.44,0.0,Completed
2023-07-08,Salalah,Retail,Smartphones,5,227.65,126.48,1138.27,1138.27,505.88,0.0,Completed
2023-07-08,Nizwa,Online,Smartphones,4,226.61,114.22,906.45,906.45,449.56,0.0,Completed
2023-07-09,Sohar,Retail,Wearables,2,74.12,49.23,148.25,148.25,49.78,0.0,Completed
2023-07-09,Salalah,Retail,Smartphones,5,258.92,160.94,1294.59,1294.59,489.91,0.0,Completed
2023-07-09,Muscat,Retail,Smartphones,2,234.58,147.36,469.17,0.0,-214.99,214.99,Returned
2023-07-09,Nizwa,Online,Accessories,4,25.1,15.07,100.38,100.38,40.1,0.0,Completed
2023-07-09,Muscat,Retail,Accessories,4,25.09,13.58,100.36,100.36,46.03,0.0,Completed
2023-07-09,Nizwa,Online,Smartphones,4,264.06,148.73,1056.23,1056.23,461.33,0.0,Completed
2023-07-10,Muscat,Wholesale,Accessories,36,18.99,12.72,683.63,683.63,225.54,0.0,Completed
2023-07-10,Salalah,Retail,Accessories,4,23.79,16.47,95.14,95.14,29.26,0.0,Completed
2023-07-10,Sohar,Retail,Laptops,4,351.08,208.48,1404.31,1404.31,570.41,0.0,Completed
2023-07-10,Sohar,Online,Wearables,4,87.99,61.0,351.97,351.97,107.97,0.0,Completed
2023-07-10,Sohar,Retail,Tablets,3,150.32,92.39,450.96,450.96,173.79,0.0,Completed
2023-07-10,Nizwa,Online,Accessories,3,24.15,12.63,72.45,72.45,34.58,0.0,Completed
2023-07-10,Salalah,Retail,Wearables,3,81.44,53.44,244.32,244.32,83.99,0.0,Completed
2023-07-11,Muscat,Retail,Wearables,5,75.3,45.89,376.5,376.5,147.06,0.0,Completed
2023-07-11,Sohar,Retail,Smartphones,2,242.13,128.77,484.26,484.26,226.73,0.0,Completed
2023-07-11,Salalah,Retail,Smartphones,4,262.13,146.35,1048.51,1048.51,463.11,0.0,Completed
2023-07-11,Nizwa,Retail,Accessories,2,25.9,16.79,51.8,51.8,18.22,0.0,Completed
2023-07-12,Salalah,Retail,Accessories,2,25.44,14.79,50.87,0.0,-22.02,22.02,Returned
2023-07-12,Salalah,Retail,Wearables,2,83.66,56.23,167.32,167.32,54.87,0.0,Completed
2023-07-12,Salalah,Wholesale,Tablets,26,128.23,108.92,3334.1,3334.1,502.08,0.0,Completed
2023-07-12,Sohar,Online,Smartphones,2,255.18,175.65,510.35,510.35,159.05,0.0,Completed
2023-07-12,Nizwa,Wholesale,Accessories,60,21.38,14.51,1283.01,1283.01,412.4,0.0,Completed
2023-07-12,Muscat,Retail,Smartphones,1,239.03,142.96,239.03,239.03,96.07,0.0,Completed
2023-07-13,Muscat,Online,Accessories,1,23.72,13.41,23.72,23.72,10.31,0.0,Completed
2023-07-13,Muscat,Online,Accessories,2,23.16,11.96,46.32,46.32,22.39,0.0,Completed
2023-07-13,Salalah,Retail,Smartphones,2,258.39,144.14,516.77,516.77,228.49,0.0,Completed
2023-07-13,Salalah,Online,Accessories,5,27.21,18.72,136.03,136.03,42.44,0.0,Completed
2023-07-13,Muscat,Online,Accessories,5,25.71,17.39,128.56,128.56,41.59,0.0,Completed
2023-07-13,Nizwa,Retail,Laptops,4,344.0,207.97,1375.99,1375.99,544.11,0.0,Completed
2023-07-13,Sohar,Wholesale,Laptops,32,276.58,174.07,8850.58,8850.58,3280.25,0.0,Completed
2023-07-13,Muscat,Retail,Smartphones,2,267.75,168.58,535.5,535.5,198.35,0.0,Completed
2023-07-14,Sohar,Retail,Wearables,2,85.1,58.69,170.21,170.21,52.83,0.0,Completed
2023-07-14,Muscat,Retail,Laptops,4,342.97,224.58,1371.88,1371.88,473.56,0.0,Completed
2023-07-14,Muscat,Retail,Accessories,5,22.91,14.25,114.53,114.53,43.28,0.0,Completed
2023-07-14,Muscat,Online,Smartphones,3,257.98,155.45,773.94,773.94,307.6,0.0,Completed
2023-07-15,Sohar,Online,Laptops,5,376.46,204.5,1882.29,1882.29,859.8,0.0,Completed
2023-07-15,Sohar,Retail,Accessories,4,23.65,15.92,94.6,94.6,30.91,0.0,Completed
2023-07-15,Muscat,Retail,Smartphones,2,246.42,154.27,492.85,492.85,184.3,0.0,Completed
2023-07-15,Muscat,Online,Smartphones,3,273.43,144.28,820.28,820.28,387.43,0.0,Completed
2023-07-15,Muscat,Online,Accessories,4,25.12,12.73,100.46,100.46,49.53,0.0,Completed
2023-07-15,Muscat,Wholesale,Smartphones,24,213.07,174.53,5113.57,5113.57,924.74,0.0,Completed
2023-07-15,Muscat,Retail,Smartphones,2,261.97,147.65,523.94,523.94,228.64,0.0,Completed
2023-07-15,Muscat,Retail,Laptops,2,352.43,211.28,704.86,704.86,282.31,0.0,Completed
2023-07-15,Nizwa,Online,Smartphones,1,239.94,133.23,239.94,239.94,106.7,0.0,Completed
2023-07-16,Muscat,Retail,Laptops,3,351.61,214.59,1054.83,0.0,-323.14,323.14,Returned
2023-07-16,Muscat,Retail,Accessories,2,24.88,17.01,49.76,49.76,15.73,0.0,Completed
2023-07-16,Nizwa,Online,Laptops,4,377.75,217.34,1511.01,1511.01,641.67,0.0,Completed
2023-07-16,Muscat,Retail,Accessories,4,25.07,15.3,100.28,100.28,39.08,0.0,Completed
2023-07-16,Salalah,Retail,Smartphones,3,259.05,149.62,777.14,777.14,328.27,0.0,Completed
2023-07-17,Muscat,Retail,Smartphones,1,263.28,162.36,263.28,263.28,100.92,0.0,Completed
2023-07-17,Salalah,Wholesale,Accessories,65,20.81,18.17,1352.73,1352.73,171.38,0.0,Completed
2023-07-17,Sohar,Online,Wearables,2,80.37,41.19,160.73,160.73,78.35,0.0,Completed
2023-07-17,Nizwa,Online,Smartphones,3,227.15,115.05,681.45,681.45,336.29,0.0,Completed
2023-07-18,Salalah,Retail,Smartphones,2,248.03,140.12,496.05,496.05,215.8,0.0,Completed
2023-07-18,Muscat,Retail,Smartphones,5,249.68,127.94,1248.41,1248.41,608.74,0.0,Completed
2023-07-18,Sohar,Online,Tablets,4,156.71,83.0,626.82,626.82,294.82,0.0,Completed
2023-07-18,Sohar,Online,Tablets,2,143.99,95.98,287.97,287.97,96.02,0.0,Completed
2023-07-18,Salalah,Retail,Laptops,5,382.23,193.94,1911.13,1911.13,941.42,0.0,Completed
2023-07-18,Muscat,Retail,Wearables,1,85.34,51.71,85.34,85.34,33.63,0.0,Completed
2023-07-19,Muscat,Wholesale,Smartphones,55,216.04,179.3,11882.33,11882.33,2021.04,0.0,Completed
2023-07-19,Muscat,Retail,Smartphones,3,243.15,128.17,729.45,729.45,344.94,0.0,Completed
2023-07-19,Salalah,Retail,Laptops,4,378.85,238.7,1515.42,1515.42,560.61,0.0,Completed
2023-07-20,Salalah,Online,Smartphones,4,265.15,173.1,1060.62,1060.62,368.22,0.0,Completed
2023-07-20,Sohar,Retail,Smartphones,3,258.03,146.43,774.08,774.08,334.78,0.0,Completed
2023-07-20,Muscat,Online,Smartphones,3,247.9,159.49,743.69,743.69,265.24,0.0,Completed
2023-07-20,Muscat,Online,Smartphones,1,261.32,142.93,261.32,261.32,118.39,0.0,Completed
2023-07-20,Muscat,Online,Tablets,4,146.3,84.49,585.19,585.19,247.21,0.0,Completed
2023-07-20,Nizwa,Online,Accessories,4,24.45,13.57,97.81,97.81,43.54,0.0,Completed
2023-07-20,Muscat,Online,Laptops,1,348.39,241.48,348.39,348.39,106.91,0.0,Completed
2023-07-21,Salalah,Wholesale,Wearables,45,70.01,54.23,3150.56,3150.56,710.33,0.0,Completed
2023-07-21,Salalah,Retail,Tablets,5,141.49,87.51,707.43,707.43,269.89,0.0,Completed
2023-07-21,Nizwa,Retail,Wearables,4,81.43,49.3,325.71,325.71,128.5,0.0,Completed
2023-07-21,Salalah,Online,Smartphones,3,257.06,171.97,771.19,771.19,255.28,0.0,Completed
2023-07-21,Muscat,Online,Smartphones,4,254.03,132.99,1016.12,0.0,-335.43,335.43,Returned
2023-07-22,Muscat,Retail,Laptops,1,340.14,206.51,340.14,340.14,133.63,0.0,Completed
2023-07-22,Salalah,Online,Laptops,5,352.5,210.36,1762.48,1762.48,710.66,0.0,Completed
2023-07-22,Muscat,Online,Smartphones,4,225.29,114.1,901.16,901.16,444.77,0.0,Completed
2023-07-22,Nizwa,Online,Accessories,2,25.03,13.4,50.06,50.06,23.26,0.0,Completed
2023-07-22,Muscat,Retail,Smartphones,5,244.85,136.2,1224.27,1224.27,543.28,0.0,Completed
2023-07-23,Muscat,Wholesale,Accessories,30,20.95,14.7,628.58,628.58,187.57,0.0,Completed
2023-07-23,Muscat,Online,Accessories,4,25.21,12.81,100.85,100.85,49.61,0.0,Completed
2023-07-23,Sohar,Retail,Smartphones,4,261.4,151.94,1045.59,1045.59,437.84,0.0,Completed
2023-07-24,Nizwa,Retail,Accessories,4,26.08,13.57,104.31,104.31,50.05,0.0,Completed
2023-07-24,Nizwa,Retail,Accessories,2,22.97,13.68,45.94,45.94,18.58,0.0,Completed
2023-07-24,Sohar,Retail,Smartphones,4,232.2,150.98,928.78,928.78,324.85,0.0,Completed
2023-07-24,Muscat,Online,Laptops,5,343.93,195.57,1719.66,1719.66,741.79,0.0,Completed
2023-07-24,Muscat,Retail,Laptops,2,379.51,253.06,759.03,759.03,252.92,0.0,Completed
2023-07-24,Nizwa,Retail,Accessories,5,23.74,15.11,118.69,118.69,43.15,0.0,Completed
2023-07-24,Salalah,Retail,Laptops,5,349.76,180.14,1748.79,1748.79,848.08,0.0,Completed
2023-07-25,Sohar,Online,Accessories,4,23.24,12.76,92.96,92.96,41.9,0.0,Completed
2023-07-25,Nizwa,Retail,Tablets,3,149.55,86.42,448.66,448.66,189.41,0.0,Completed
2023-07-25,Muscat,Retail,Smartphones,3,270.2,167.03,810.59,810.59,309.51,0.0,Completed
2023-07-25,Salalah,Retail,Accessories,1,24.9,13.05,24.9,24.9,11.85,0.0,Completed
2023-07-25,Sohar,Retail,Laptops,1,329.33,178.36,329.33,329.33,150.98,0.0,Completed
2023-07-25,Muscat,Retail,Smartphones,2,235.46,119.13,470.92,470.92,232.66,0.0,Completed
2023-07-25,Salalah,Retail,Laptops,2,339.84,236.48,679.67,679.67,206.72,0.0,Completed
2023-07-26,Salalah,Retail,Wearables,5,78.14,41.14,390.71,390.71,185.02,0.0,Completed
2023-07-26,Salalah,Retail,Tablets,4,148.13,84.46,592.53,592.53,254.7,0.0,Completed
2023-07-26,Sohar,Retail,Accessories,3,26.29,15.77,78.88,78.88,31.57,0.0,Completed
2023-07-26,Muscat,Retail,Accessories,3,23.21,14.37,69.64,69.64,26.53,0.0,Completed
2023-07-26,Nizwa,Online,Accessories,3,25.88,17.76,77.63,77.63,24.36,0.0,Completed
2023-07-27,Muscat,Online,Smartphones,4,238.26,154.53,953.03,0.0,-269.26,269.26,Returned
2023-07-27,Salalah,Retail,Laptops,1,360.75,245.03,360.75,360.75,115.72,0.0,Completed
2023-07-27,Muscat,Wholesale,Smartphones,75,194.39,148.53,14578.99,14578.99,3438.95,0.0,Completed
2023-07-27,Muscat,Retail,Wearables,4,81.71,42.62,326.85,326.85,156.39,0.0,Completed
2023-07-27,Salalah,Retail,Accessories,2,23.43,11.9,46.86,46.86,23.06,0.0,Completed
2023-07-27,Salalah,Online,Laptops,5,316.77,161.26,1583.86,1583.86,777.57,0.0,Completed
2023-07-28,Salalah,Retail,Tablets,2,142.87,92.14,285.75,285.75,101.47,0.0,Completed
2023-07-28,Nizwa,Online,Accessories,4,26.09,14.96,104.34,104.34,44.51,0.0,Completed
2023-07-28,Salalah,Online,Accessories,5,26.7,17.43,133.52,133.52,46.37,0.0,Completed
2023-07-28,Muscat,Online,Accessories,4,23.67,13.28,94.67,94.67,41.57,0.0,Completed
2023-07-28,Muscat,Retail,Laptops,3,372.27,202.3,1116.82,1116.82,509.91,0.0,Completed
2023-07-28,Muscat,Online,Smartphones,4,229.11,138.19,916.44,916.44,363.67,0.0,Completed
2023-07-29,Nizwa,Wholesale,Smartphones,33,190.99,127.36,6302.56,6302.56,2099.52,0.0,Completed
2023-07-29,Muscat,Retail,Laptops,3,353.2,195.48,1059.6,1059.6,473.17,0.0,Completed
2023-07-29,Muscat,Retail,Smartphones,2,260.41,149.45,520.82,520.82,221.92,0.0,Completed
2023-07-29,Sohar,Online,Tablets,1,141.65,77.58,141.65,141.65,64.08,0.0,Completed
2023-07-29,Salalah,Retail,Accessories,1,26.63,16.46,26.63,26.63,10.17,0.0,Completed
2023-07-30,Muscat,Retail,Laptops,3,323.1,166.3,969.31,969.31,470.4,0.0,Completed
2023-07-30,Muscat,Wholesale,Laptops,19,290.75,215.8,5524.17,5524.17,1423.91,0.0,Completed
2023-07-30,Muscat,Retail,Smartphones,4,234.12,158.94,936.47,936.47,300.69,0.0,Completed
2023-07-30,Muscat,Online,Accessories,4,23.32,14.61,93.29,93.29,34.83,0.0,Completed
2023-07-30,Nizwa,Online,Laptops,3,377.33,222.72,1131.99,1131.99,463.82,0.0,Completed
2023-07-30,Sohar,Online,Smartphones,4,251.37,175.55,1005.5,1005.5,303.3,0.0,Completed
2023-07-31,Salalah,Online,Smartphones,3,229.17,134.69,687.52,687.52,283.46,0.0,Completed
2023-07-31,Muscat,Retail,Laptops,1,381.61,264.52,381.61,381.61,117.1,0.0,Completed
2023-07-31,Sohar,Online,Accessories,1,23.46,14.66,23.46,23.46,8.8,0.0,Completed
2023-07-31,Salalah,Retail,Smartphones,1,266.68,183.85,266.68,266.68,82.84,0.0,Completed
2023-08-01,Muscat,Retail,Laptops,1,384.87,236.7,384.87,384.87,148.17,0.0,Completed
2023-08-01,Muscat,Retail,Smartphones,4,251.94,144.24,1007.74,1007.74,430.79,0.0,Completed
2023-08-01,Muscat,Online,Wearables,3,83.07,57.48,249.21,249.21,76.77,0.0,Completed
2023-08-01,Muscat,Retail,Smartphones,5,236.06,162.02,1180.32,1180.32,370.21,0.0,Completed
2023-08-02,Muscat,Retail,Accessories,2,27.15,14.74,54.3,54.3,24.82,0.0,Completed
2023-08-03,Muscat,Online,Accessories,5,23.06,13.35,115.32,115.32,48.59,0.0,Completed
2023-08-03,Muscat,Retail,Accessories,3,26.22,17.94,78.66,78.66,24.83,0.0,Completed
2023-08-04,Muscat,Retail,Wearables,2,79.25,41.46,158.49,158.49,75.57,0.0,Completed
2023-08-04,Muscat,Retail,Accessories,2,24.72,13.46,49.45,49.45,22.53,0.0,Completed
2023-08-04,Salalah,Online,Laptops,1,355.2,230.69,355.2,355.2,124.51,0.0,Completed
2023-08-04,Muscat,Retail,Smartphones,5,258.39,170.4,1291.94,0.0,-433.41,433.41,Returned
2023-08-04,Muscat,Online,Smartphones,4,265.22,138.61,1060.88,1060.88,506.43,0.0,Completed
2023-08-05,Muscat,Online,Laptops,1,334.22,175.03,334.22,334.22,159.19,0.0,Completed
2023-08-05,Nizwa,Retail,Accessories,5,25.77,14.72,128.85,128.85,55.25,0.0,Completed
2023-08-05,Sohar,Online,Accessories,5,24.51,16.37,122.54,122.54,40.71,0.0,Completed
2023-08-05,Muscat,Retail,Smartphones,3,241.01,150.93,723.04,723.04,270.24,0.0,Completed
2023-08-06,Muscat,Retail,Laptops,5,377.22,237.16,1886.11,1886.11,700.3,0.0,Completed
2023-08-06,Muscat,Retail,Wearables,1,73.22,41.35,73.22,73.22,31.88,0.0,Completed
2023-08-06,Muscat,Online,Accessories,4,27.44,14.61,109.77,109.77,51.33,0.0,Completed
2023-08-06,Muscat,Retail,Wearables,1,84.44,44.96,84.44,84.44,39.48,0.0,Completed
2023-08-06,Nizwa,Online,Smartphones,4,273.24,157.68,1092.97,1092.97,462.24,0.0,Completed
2023-08-07,Muscat,Online,Wearables,4,79.99,46.16,319.97,319.97,135.31,0.0,Completed
2023-08-08,Nizwa,Retail,Laptops,5,356.57,226.73,1782.83,1782.83,649.16,0.0,Completed
2023-08-08,Nizwa,Retail,Smartphones,4,259.42,149.42,1037.67,1037.67,440.01,0.0,Completed
2023-08-08,Nizwa,Wholesale,Smartphones,70,208.46,142.86,14592.42,14592.42,4592.29,0.0,Completed
2023-08-08,Muscat,Wholesale,Accessories,13,20.3,17.5,263.91,263.91,36.42,0.0,Completed
2023-08-08,Muscat,Retail,Tablets,3,142.82,85.99,428.47,428.47,170.49,0.0,Completed
2023-08-09,Nizwa,Online,Laptops,2,323.32,200.93,646.64,646.64,244.77,0.0,Completed
2023-08-09,Sohar,Retail,Laptops,3,328.74,229.08,986.23,986.23,298.99,0.0,Completed
2023-08-09,Sohar,Online,Accessories,4,24.99,16.36,99.94,99.94,34.48,0.0,Completed
2023-08-09,Sohar,Wholesale,Laptops,44,272.62,218.39,11995.4,11995.4,2386.07,0.0,Completed
2023-08-09,Nizwa,Retail,Smartphones,1,226.47,129.43,226.47,226.47,97.03,0.0,Completed
2023-08-10,Muscat,Retail,Smartphones,4,229.51,151.66,918.04,918.04,311.39,0.0,Completed
2023-08-10,Sohar,Retail,Smartphones,3,272.88,177.81,818.63,818.63,285.2,0.0,Completed
2023-08-10,Sohar,Online,Laptops,1,315.88,220.15,315.88,315.88,95.73,0.0,Completed
2023-08-10,Muscat,Online,Accessories,4,25.75,14.26,102.99,102.99,45.96,0.0,Completed
2023-08-11,Muscat,Wholesale,Accessories,16,21.91,18.19,350.52,350.52,59.53,0.0,Completed
2023-08-12,Muscat,Retail,Laptops,5,330.59,189.15,1652.97,1652.97,707.22,0.0,Completed
2023-08-12,Muscat,Wholesale,Laptops,16,300.12,234.69,4801.99,4801.99,1046.99,0.0,Completed
2023-08-12,Muscat,Online,Smartphones,2,249.83,163.76,499.65,499.65,172.14,0.0,Completed
2023-08-12,Muscat,Retail,Smartphones,1,242.05,148.22,242.05,242.05,93.82,0.0,Completed
2023-08-12,Salalah,Online,Laptops,5,347.66,220.58,1738.3,1738.3,635.38,0.0,Completed
2023-08-13,Muscat,Retail,Wearables,5,76.76,52.17,383.79,383.79,122.95,0.0,Completed
2023-08-14,Nizwa,Online,Laptops,4,343.97,227.23,1375.89,1375.89,466.96,0.0,Completed
2023-08-14,Muscat,Online,Laptops,2,340.18,180.15,680.37,680.37,320.07,0.0,Completed
2023-08-14,Muscat,Retail,Smartphones,1,272.17,151.43,272.17,272.17,120.73,0.0,Completed
2023-08-15,Sohar,Online,Tablets,2,159.77,104.27,319.54,319.54,111.01,0.0,Completed
2023-08-15,Salalah,Online,Smartphones,1,274.05,181.89,274.05,274.05,92.16,0.0,Completed
2023-08-15,Muscat,Retail,Smartphones,1,231.22,143.05,231.22,231.22,88.16,0.0,Completed
2023-08-15,Nizwa,Online,Wearables,2,76.87,53.51,153.75,153.75,46.73,0.0,Completed
2023-08-15,Nizwa,Retail,Laptops,3,364.92,203.91,1094.77,1094.77,483.06,0.0,Completed
2023-08-16,Sohar,Retail,Smartphones,5,238.75,153.06,1193.77,1193.77,428.48,0.0,Completed
2023-08-16,Muscat,Retail,Accessories,5,24.31,16.94,121.57,121.57,36.85,0.0,Completed
2023-08-16,Muscat,Online,Smartphones,4,274.94,153.76,1099.77,1099.77,484.73,0.0,Completed
2023-08-16,Nizwa,Retail,Laptops,3,316.12,211.24,948.35,948.35,314.62,0.0,Completed
2023-08-16,Muscat,Retail,Smartphones,5,231.08,136.61,1155.4,1155.4,472.34,0.0,Completed
2023-08-16,Muscat,Retail,Accessories,1,24.77,13.86,24.77,24.77,10.91,0.0,Completed
2023-08-16,Muscat,Wholesale,Smartphones,51,217.29,143.44,11081.57,11081.57,3766.34,0.0,Completed
2023-08-16,Nizwa,Online,Accessories,3,22.83,13.16,68.5,68.5,29.02,0.0,Completed
2023-08-17,Muscat,Retail,Laptops,4,380.34,262.83,1521.36,1521.36,470.05,0.0,Completed
2023-08-17,Salalah,Retail,Smartphones,2,266.57,144.9,533.14,533.14,243.34,0.0,Completed
2023-08-17,Salalah,Online,Accessories,4,23.97,16.38,95.89,95.89,30.35,0.0,Completed
2023-08-17,Sohar,Online,Smartphones,4,237.13,151.12,948.52,948.52,344.03,0.0,Completed
2023-08-17,Salalah,Retail,Smartphones,1,236.01,146.96,236.01,236.01,89.05,0.0,Completed
2023-08-17,Muscat,Retail,Smartphones,1,262.61,145.22,262.61,262.61,117.39,0.0,Completed
2023-08-18,Muscat,Retail,Laptops,2,337.87,174.64,675.75,675.75,326.47,0.0,Completed
2023-08-18,Sohar,Retail,Smartphones,4,238.46,163.78,953.84,953.84,298.72,0.0,Completed
2023-08-19,Muscat,Online,Smartphones,4,258.07,169.51,1032.27,1032.27,354.21,0.0,Completed
2023-08-19,Muscat,Online,Smartphones,3,247.67,137.6,743.0,743.0,330.21,0.0,Completed
2023-08-19,Muscat,Wholesale,Smartphones,42,192.61,135.12,8089.67,8089.67,2414.59,0.0,Completed
2023-08-19,Muscat,Retail,Tablets,5,137.19,89.59,685.93,685.93,237.96,0.0,Completed
2023-08-19,Muscat,Wholesale,Laptops,13,277.15,219.41,3602.95,3602.95,750.61,0.0,Completed
2023-08-20,Muscat,Online,Accessories,3,22.88,12.74,68.63,68.63,30.4,0.0,Completed
2023-08-21,Nizwa,Online,Accessories,4,26.27,14.17,105.07,105.07,48.38,0.0,Completed
2023-08-21,Salalah,Online,Smartphones,3,249.01,142.35,747.02,747.02,319.97,0.0,Completed
2023-08-21,Muscat,Online,Accessories,3,23.79,14.03,71.38,71.38,29.29,0.0,Completed
2023-08-21,Muscat,Online,Laptops,1,376.66,257.94,376.66,376.66,118.73,0.0,Completed
2023-08-21,Muscat,Online,Smartphones,5,263.85,153.14,1319.23,1319.23,553.52,0.0,Completed
2023-08-22,Muscat,Retail,Smartphones,4,237.13,157.9,948.51,948.51,316.93,0.0,Completed
2023-08-22,Nizwa,Online,Laptops,5,364.78,190.99,1823.9,1823.9,868.96,0.0,Completed
2023-08-22,Sohar,Wholesale,Wearables,60,69.84,47.37,4190.18,4190.18,1348.07,0.0,Completed
2023-08-22,Sohar,Retail,Accessories,4,25.37,16.3,101.47,101.47,36.29,0.0,Completed
2023-08-22,Sohar,Retail,Tablets,3,152.57,89.56,457.71,457.71,189.04,0.0,Completed
2023-08-23,Nizwa,Retail,Smartphones,5,226.24,144.92,1131.18,1131.18,406.59,0.0,Completed
2023-08-23,Muscat,Online,Wearables,5,78.94,51.21,394.68,394.68,138.63,0.0,Completed
2023-08-23,Sohar,Online,Wearables,1,86.58,47.53,86.58,86.58,39.05,0.0,Completed
2023-08-24,Muscat,Online,Wearables,3,87.85,46.24,263.55,263.55,124.83,0.0,Completed
2023-08-24,Sohar,Online,Wearables,1,80.05,52.49,80.05,80.05,27.56,0.0,Completed
2023-08-24,Muscat,Retail,Accessories,2,25.53,15.14,51.07,51.07,20.78,0.0,Completed
2023-08-24,Muscat,Online,Laptops,1,384.7,256.87,384.7,384.7,127.83,0.0,Completed
2023-08-24,Nizwa,Online,Smartphones,5,260.6,175.97,1302.98,1302.98,423.11,0.0,Completed
2023-08-25,Muscat,Retail,Accessories,4,27.46,19.11,109.86,109.86,33.42,0.0,Completed
2023-08-25,Muscat,Online,Accessories,1,24.34,14.32,24.34,24.34,10.02,0.0,Completed
2023-08-25,Muscat,Retail,Laptops,1,349.7,194.71,349.7,349.7,154.99,0.0,Completed
2023-08-25,Muscat,Online,Wearables,2,82.28,51.23,164.56,164.56,62.1,0.0,Completed
2023-08-26,Sohar,Retail,Smartphones,5,235.09,155.59,1175.44,1175.44,397.48,0.0,Completed
2023-08-26,Muscat,Online,Laptops,5,359.37,250.93,1796.85,1796.85,542.21,0.0,Completed
2023-08-26,Sohar,Retail,Smartphones,3,249.56,173.27,748.67,748.67,228.86,0.0,Completed
2023-08-27,Salalah,Retail,Wearables,5,87.41,60.16,437.07,437.07,136.28,0.0,Completed
2023-08-27,Nizwa,Online,Wearables,2,72.72,37.03,145.44,145.44,71.37,0.0,Completed
2023-08-27,Salalah,Online,Smartphones,2,265.34,179.06,530.68,530.68,172.57,0.0,Completed
2023-08-28,Muscat,Online,Accessories,4,23.32,16.07,93.27,93.27,28.98,0.0,Completed
2023-08-28,Sohar,Retail,Accessories,1,23.12,15.01,23.12,23.12,8.11,0.0,Completed
2023-08-28,Nizwa,Retail,Accessories,4,26.67,13.53,106.69,106.69,52.59,0.0,Completed
2023-08-28,Muscat,Online,Smartphones,5,253.16,170.27,1265.8,1265.8,414.45,0.0,Completed
2023-08-28,Nizwa,Retail,Smartphones,2,265.97,134.44,531.95,531.95,263.07,0.0,Completed
2023-08-28,Sohar,Wholesale,Laptops,51,299.93,219.93,15296.38,15296.38,4080.01,0.0,Completed
2023-08-28,Nizwa,Online,Smartphones,3,238.82,140.56,716.45,716.45,294.78,0.0,Completed
2023-08-28,Muscat,Online,Smartphones,5,225.32,152.95,1126.61,1126.61,361.87,0.0,Completed
2023-08-28,Sohar,Online,Smartphones,4,248.17,148.14,992.69,992.69,400.11,0.0,Completed
2023-08-29,Muscat,Retail,Accessories,1,22.79,15.56,22.79,22.79,7.23,0.0,Completed
2023-08-29,Muscat,Online,Smartphones,2,268.93,164.1,537.85,537.85,209.65,0.0,Completed
2023-08-29,Nizwa,Online,Accessories,2,23.41,14.95,46.83,46.83,16.93,0.0,Completed
2023-08-29,Muscat,Online,Smartphones,2,267.57,173.8,535.13,535.13,187.54,0.0,Completed
2023-08-29,Sohar,Retail,Laptops,5,348.94,240.98,1744.69,1744.69,539.8,0.0,Completed
2023-08-29,Nizwa,Online,Accessories,2,23.16,15.42,46.32,46.32,15.49,0.0,Completed
2023-08-29,Nizwa,Retail,Wearables,5,81.78,54.19,408.9,408.9,137.98,0.0,Completed
2023-08-30,Nizwa,Retail,Smartphones,1,243.99,147.7,243.99,243.99,96.29,0.0,Completed
2023-08-30,Nizwa,Retail,Smartphones,2,272.84,158.81,545.67,545.67,228.05,0.0,Completed
2023-08-31,Muscat,Online,Accessories,5,24.34,16.21,121.72,121.72,40.67,0.0,Completed
2023-08-31,Muscat,Online,Wearables,3,75.27,46.6,225.8,225.8,86.02,0.0,Completed
2023-08-31,Salalah,Wholesale,Accessories,34,20.54,15.88,698.32,698.32,158.5,0.0,Completed
2023-08-31,Sohar,Retail,Laptops,3,372.11,208.54,1116.32,1116.32,490.69,0.0,Completed
2023-09-01,Sohar,Retail,Smartphones,3,264.13,148.03,792.38,792.38,348.3,0.0,Completed
2023-09-01,Muscat,Retail,Smartphones,3,237.86,148.29,713.59,713.59,268.72,0.0,Completed
2023-09-01,Salalah,Retail,Wearables,4,80.25,49.59,321.0,321.0,122.64,0.0,Completed
2023-09-01,Muscat,Retail,Smartphones,5,252.92,151.21,1264.62,1264.62,508.58,0.0,Completed
2023-09-01,Muscat,Online,Laptops,2,348.94,195.82,697.87,697.87,306.23,0.0,Completed
2023-09-02,Salalah,Online,Smartphones,5,251.96,127.54,1259.82,1259.82,622.14,0.0,Completed
2023-09-02,Salalah,Retail,Laptops,3,344.57,214.74,1033.7,1033.7,389.49,0.0,Completed
2023-09-02,Salalah,Online,Smartphones,4,263.07,145.27,1052.28,1052.28,471.18,0.0,Completed
2023-09-03,Muscat,Online,Wearables,3,73.27,42.32,219.8,219.8,92.85,0.0,Completed
2023-09-03,Sohar,Retail,Smartphones,4,238.09,134.52,952.38,952.38,414.3,0.0,Completed
2023-09-03,Salalah,Online,Smartphones,3,267.78,182.27,803.33,803.33,256.51,0.0,Completed
2023-09-03,Muscat,Online,Tablets,5,152.35,101.24,761.76,761.76,255.57,0.0,Completed
2023-09-03,Sohar,Online,Accessories,2,25.89,14.25,51.79,51.79,23.29,0.0,Completed
2023-09-03,Salalah,Online,Laptops,1,320.92,221.16,320.92,0.0,-132.21,132.21,Returned
2023-09-04,Muscat,Online,Smartphones,1,236.55,145.52,236.55,236.55,91.03,0.0,Completed
2023-09-04,Nizwa,Online,Accessories,2,24.81,14.57,49.61,49.61,20.47,0.0,Completed
2023-09-04,Muscat,Online,Accessories,3,25.95,16.9,77.84,77.84,27.14,0.0,Completed
2023-09-04,Salalah,Online,Accessories,3,23.11,15.65,69.34,0.0,-17.89,17.89,Returned
2023-09-04,Muscat,Retail,Smartphones,1,249.33,130.98,249.33,249.33,118.35,0.0,Completed
2023-09-04,Muscat,Online,Smartphones,4,225.18,155.28,900.71,900.71,279.6,0.0,Completed
2023-09-04,Sohar,Retail,Smartphones,5,236.86,157.48,1184.28,1184.28,396.86,0.0,Completed
2023-09-04,Salalah,Online,Accessories,5,26.76,13.79,133.82,133.82,64.9,0.0,Completed
2023-09-05,Muscat,Retail,Accessories,1,24.82,12.89,24.82,24.82,11.92,0.0,Completed
2023-09-05,Muscat,Retail,Accessories,1,25.73,14.64,25.73,25.73,11.09,0.0,Completed
2023-09-05,Sohar,Retail,Smartphones,1,237.2,127.79,237.2,237.2,109.4,0.0,Completed
2023-09-05,Nizwa,Online,Tablets,4,155.11,107.49,620.45,620.45,190.5,0.0,Completed
2023-09-05,Muscat,Retail,Accessories,5,26.59,18.24,132.97,132.97,41.76,0.0,Completed
2023-09-05,Salalah,Retail,Wearables,3,77.19,49.94,231.56,231.56,81.75,0.0,Completed
2023-09-05,Sohar,Retail,Laptops,1,376.28,220.35,376.28,376.28,155.93,0.0,Completed
2023-09-06,Sohar,Online,Smartphones,4,272.34,181.71,1089.38,1089.38,362.52,0.0,Completed
2023-09-06,Salalah,Wholesale,Laptops,24,303.74,228.21,7289.83,7289.83,1812.77,0.0,Completed
2023-09-06,Muscat,Retail,Smartphones,5,243.85,149.6,1219.27,1219.27,471.26,0.0,Completed
2023-09-06,Muscat,Wholesale,Tablets,52,113.44,97.83,5898.74,5898.74,811.74,0.0,Completed
2023-09-06,Salalah,Retail,Accessories,5,22.51,12.39,112.57,112.57,50.64,0.0,Completed
2023-09-06,Nizwa,Retail,Accessories,4,24.83,12.91,99.32,99.32,47.68,0.0,Completed
2023-09-07,Salalah,Retail,Accessories,3,25.6,14.24,76.81,76.81,34.08,0.0,Completed
2023-09-07,Salalah,Retail,Accessories,1,23.41,14.3,23.41,23.41,9.1,0.0,Completed
2023-09-07,Salalah,Online,Tablets,2,164.99,112.38,329.99,329.99,105.23,0.0,Completed
2023-09-08,Salalah,Retail,Smartphones,5,241.54,140.02,1207.71,1207.71,507.63,0.0,Completed
2023-09-08,Muscat,Retail,Accessories,2,24.15,13.49,48.3,48.3,21.32,0.0,Completed
2023-09-08,Sohar,Retail,Smartphones,2,241.2,142.15,482.39,482.39,198.1,0.0,Completed
2023-09-08,Sohar,Online,Smartphones,3,267.64,153.12,802.93,802.93,343.57,0.0,Completed
2023-09-08,Sohar,Retail,Tablets,1,144.08,96.2,144.08,144.08,47.88,0.0,Completed
2023-09-08,Salalah,Retail,Smartphones,1,267.0,144.71,267.0,267.0,122.29,0.0,Completed
2023-09-08,Muscat,Retail,Laptops,3,328.2,178.18,984.61,984.61,450.06,0.0,Completed
2023-09-08,Muscat,Retail,Laptops,5,371.73,217.62,1858.64,1858.64,770.53,0.0,Completed
2023-09-09,Muscat,Wholesale,Smartphones,39,197.86,130.99,7716.66,7716.66,2607.92,0.0,Completed
2023-09-09,Sohar,Retail,Laptops,2,334.55,209.01,669.1,669.1,251.07,0.0,Completed
2023-09-09,Sohar,Retail,Smartphones,3,245.49,162.93,736.46,736.46,247.69,0.0,Completed
2023-09-09,Muscat,Online,Accessories,1,26.2,14.59,26.2,26.2,11.61,0.0,Completed
2023-09-09,Muscat,Online,Smartphones,5,271.51,146.67,1357.55,1357.55,624.23,0.0,Completed
2023-09-10,Muscat,Online,Laptops,2,352.07,246.21,704.14,704.14,211.72,0.0,Completed
2023-09-10,Muscat,Wholesale,Accessories,38,19.64,12.3,746.35,746.35,279.13,0.0,Completed
2023-09-10,Muscat,Wholesale,Laptops,64,297.22,192.78,19021.8,19021.8,6684.2,0.0,Completed
2023-09-10,Nizwa,Retail,Smartphones,3,270.37,171.3,811.12,811.12,297.22,0.0,Completed
2023-09-11,Muscat,Wholesale,Laptops,90,252.04,168.87,22683.54,22683.54,7484.85,0.0,Completed
2023-09-11,Nizwa,Online,Accessories,5,25.81,13.34,129.06,129.06,62.36,0.0,Completed
2023-09-11,Muscat,Retail,Wearables,4,79.53,50.13,318.11,318.11,117.58,0.0,Completed
2023-09-11,Sohar,Online,Accessories,1,23.8,15.93,23.8,23.8,7.87,0.0,Completed
2023-09-11,Nizwa,Retail,Laptops,3,336.86,169.41,1010.57,1010.57,502.33,0.0,Completed
2023-09-11,Nizwa,Retail,Smartphones,1,272.86,189.06,272.86,272.86,83.8,0.0,Completed
2023-09-12,Salalah,Retail,Accessories,5,25.14,16.6,125.72,125.72,42.73,0.0,Completed
2023-09-12,Muscat,Online,Wearables,1,77.35,45.61,77.35,77.35,31.75,0.0,Completed
2023-09-13,Sohar,Retail,Smartphones,3,244.52,130.47,733.56,733.56,342.14,0.0,Completed
2023-09-13,Muscat,Online,Laptops,3,359.85,187.82,1079.55,1079.55,516.09,0.0,Completed
2023-09-14,Salalah,Online,Smartphones,4,231.72,157.06,926.88,0.0,-325.25,325.25,Returned
2023-09-14,Muscat,Online,Smartphones,1,233.29,149.48,233.29,233.29,83.81,0.0,Completed
2023-09-14,Muscat,Retail,Wearables,4,74.09,44.27,296.37,296.37,119.27,0.0,Completed
2023-09-14,Muscat,Online,Smartphones,4,238.73,163.7,954.93,954.93,300.15,0.0,Completed
2023-09-14,Salalah,Online,Accessories,1,25.92,13.0,25.92,25.92,12.93,0.0,Completed
2023-09-15,Salalah,Retail,Smartphones,5,268.19,160.18,1340.96,1340.96,540.08,0.0,Completed
2023-09-15,Muscat,Retail,Laptops,1,319.67,207.97,319.67,319.67,111.7,0.0,Completed
2023-09-15,Nizwa,Retail,Laptops,4,339.91,177.0,1359.66,1359.66,651.67,0.0,Completed
2023-09-15,Sohar,Wholesale,Wearables,72,64.27,42.71,4627.29,4627.29,1552.05,0.0,Completed
2023-09-15,Nizwa,Retail,Tablets,2,164.33,97.03,328.65,328.65,134.59,0.0,Completed
2023-09-15,Muscat,Wholesale,Smartphones,30,206.48,170.7,6194.44,6194.44,1073.51,0.0,Completed
2023-09-16,Muscat,Online,Accessories,3,24.9,17.24,74.69,74.69,22.97,0.0,Completed
2023-09-17,Muscat,Retail,Laptops,3,374.53,261.77,1123.6,1123.6,338.27,0.0,Completed
2023-09-18,Nizwa,Retail,Tablets,1,152.53,86.54,152.53,152.53,65.99,0.0,Completed
2023-09-18,Sohar,Online,Smartphones,5,227.9,144.37,1139.49,1139.49,417.65,0.0,Completed
2023-09-18,Salalah,Online,Accessories,5,23.46,15.0,117.31,117.31,42.31,0.0,Completed
2023-09-18,Muscat,Retail,Laptops,5,354.18,193.94,1770.9,1770.9,801.18,0.0,Completed
2023-09-18,Muscat,Retail,Wearables,1,79.34,54.46,79.34,79.34,24.88,0.0,Completed
2023-09-18,Muscat,Online,Wearables,2,84.85,43.69,169.71,169.71,82.33,0.0,Completed
2023-09-18,Salalah,Online,Smartphones,2,252.7,166.98,505.4,0.0,-293.03,293.03,Returned
2023-09-19,Salalah,Retail,Accessories,2,25.35,17.11,50.7,50.7,16.47,0.0,Completed
2023-09-19,Sohar,Wholesale,Smartphones,10,185.7,160.84,1857.03,1857.03,248.63,0.0,Completed
2023-09-19,Nizwa,Retail,Tablets,1,135.33,83.56,135.33,135.33,51.76,0.0,Completed
2023-09-19,Muscat,Online,Smartphones,3,255.65,166.67,766.94,766.94,266.93,0.0,Completed
2023-09-19,Muscat,Wholesale,Wearables,34,58.95,46.59,2004.36,2004.36,420.41,0.0,Completed
2023-09-20,Muscat,Online,Tablets,4,152.08,85.2,608.33,608.33,267.53,0.0,Completed
2023-09-20,Sohar,Online,Tablets,3,151.84,96.01,455.52,455.52,167.5,0.0,Completed
2023-09-20,Sohar,Online,Smartphones,3,243.0,160.32,729.0,729.0,248.05,0.0,Completed
2023-09-20,Nizwa,Online,Smartphones,1,225.52,143.53,225.52,225.52,81.99,0.0,Completed
2023-09-20,Muscat,Retail,Accessories,3,26.93,18.01,80.8,80.8,26.76,0.0,Completed
2023-09-20,Muscat,Retail,Laptops,3,382.53,197.66,1147.58,1147.58,554.59,0.0,Completed
2023-09-20,Muscat,Retail,Accessories,2,25.85,13.57,51.7,51.7,24.56,0.0,Completed
2023-09-20,Sohar,Online,Accessories,4,26.64,13.83,106.55,106.55,51.24,0.0,Completed
2023-09-20,Salalah,Online,Smartphones,5,251.43,144.39,1257.13,1257.13,535.18,0.0,Completed
2023-09-21,Sohar,Wholesale,Laptops,76,275.05,219.34,20903.96,20903.96,4234.48,0.0,Completed
2023-09-21,Sohar,Retail,Tablets,3,135.26,80.05,405.77,405.77,165.61,0.0,Completed
2023-09-21,Muscat,Retail,Laptops,4,339.32,181.82,1357.3,1357.3,630.01,0.0,Completed
2023-09-21,Sohar,Online,Laptops,3,354.34,219.52,1063.02,1063.02,404.46,0.0,Completed
2023-09-21,Nizwa,Online,Accessories,5,25.63,13.33,128.15,128.15,61.49,0.0,Completed
2023-09-22,Salalah,Wholesale,Wearables,30,63.5,41.09,1905.14,1905.14,672.49,0.0,Completed
2023-09-22,Muscat,Retail,Smartphones,1,238.9,130.49,238.9,238.9,108.41,0.0,Completed
2023-09-22,Muscat,Online,Smartphones,4,231.19,124.95,924.76,924.76,424.96,0.0,Completed
2023-09-22,Sohar,Retail,Laptops,5,350.32,206.74,1751.58,0.0,-765.69,765.69,Returned
2023-09-22,Muscat,Online,Smartphones,5,269.09,184.39,1345.47,1345.47,423.54,0.0,Completed
2023-09-23,Salalah,Online,Accessories,2,25.59,13.08,51.19,51.19,25.03,0.0,Completed
2023-09-23,Muscat,Online,Wearables,4,73.78,48.32,295.12,295.12,101.82,0.0,Completed
2023-09-23,Muscat,Online,Smartphones,5,229.85,133.09,1149.24,1149.24,483.79,0.0,Completed
2023-09-23,Salalah,Online,Tablets,2,158.83,96.67,317.66,317.66,124.32,0.0,Completed
2023-09-24,Muscat,Online,Smartphones,4,247.31,160.14,989.25,989.25,348.68,0.0,Completed
2023-09-24,Nizwa,Retail,Accessories,1,23.25,12.27,23.25,23.25,10.98,0.0,Completed
2023-09-24,Muscat,Retail,Tablets,4,154.27,105.81,617.09,617.09,193.83,0.0,Completed
2023-09-24,Muscat,Retail,Tablets,4,147.36,84.84,589.43,589.43,250.08,0.0,Completed
2023-09-24,Salalah,Online,Tablets,4,146.7,83.55,586.79,586.79,252.58,0.0,Completed
2023-09-24,Muscat,Retail,Laptops,4,379.54,265.09,1518.18,1518.18,457.81,0.0,Completed
2023-09-24,Muscat,Retail,Tablets,2,140.11,71.76,280.23,0.0,-87.97,87.97,Returned
2023-09-24,Muscat,Retail,Accessories,2,22.59,12.31,45.18,45.18,20.57,0.0,Completed
2023-09-25,Salalah,Retail,Laptops,1,378.36,216.59,378.36,378.36,161.76,0.0,Completed
2023-09-25,Salalah,Retail,Tablets,1,146.77,76.22,146.77,146.77,70.55,0.0,Completed
2023-09-25,Muscat,Retail,Accessories,5,25.55,14.46,127.75,127.75,55.47,0.0,Completed
2023-09-25,Muscat,Retail,Tablets,2,147.19,78.76,294.37,294.37,136.85,0.0,Completed
2023-09-25,Muscat,Retail,Laptops,5,363.57,210.82,1817.85,1817.85,763.77,0.0,Completed
2023-09-25,Muscat,Retail,Smartphones,5,251.33,135.61,1256.67,1256.67,578.6,0.0,Completed
2023-09-26,Muscat,Wholesale,Smartphones,57,219.77,159.93,12527.0,12527.0,3410.85,0.0,Completed
2023-09-27,Sohar,Online,Laptops,1,337.17,234.46,337.17,337.17,102.71,0.0,Completed
2023-09-27,Muscat,Wholesale,Accessories,42,21.84,14.32,917.19,917.19,315.91,0.0,Completed
2023-09-27,Muscat,Online,Smartphones,4,265.38,134.71,1061.53,1061.53,522.71,0.0,Completed
2023-09-28,Muscat,Wholesale,Smartphones,68,207.96,156.52,14140.97,14140.97,3497.38,0.0,Completed
2023-09-28,Sohar,Retail,Smartphones,5,230.58,149.24,1152.9,1152.9,406.71,0.0,Completed
2023-09-28,Sohar,Retail,Smartphones,5,267.02,184.43,1335.1,1335.1,412.94,0.0,Completed
2023-09-28,Muscat,Online,Smartphones,2,256.12,145.89,512.25,512.25,220.47,0.0,Completed
2023-09-28,Nizwa,Online,Smartphones,5,236.3,155.09,1181.51,1181.51,406.05,0.0,Completed
2023-09-28,Muscat,Online,Smartphones,2,252.0,173.54,503.99,503.99,156.92,0.0,Completed
2023-09-30,Sohar,Retail,Tablets,3,162.49,106.76,487.47,487.47,167.2,0.0,Completed
2023-09-30,Salalah,Retail,Laptops,4,327.39,209.59,1309.55,1309.55,471.2,0.0,Completed
2023-09-30,Salalah,Online,Accessories,2,24.96,12.61,49.91,49.91,24.69,0.0,Completed
2023-09-30,Nizwa,Wholesale,Laptops,14,253.34,188.56,3546.77,3546.77,906.97,0.0,Completed
2023-09-30,Muscat,Retail,Laptops,4,340.79,174.78,1363.17,1363.17,664.05,0.0,Completed
2023-10-01,Salalah,Online,Tablets,3,137.65,89.32,412.96,0.0,-256.42,256.42,Returned
2023-10-01,Nizwa,Online,Laptops,4,347.28,193.41,1389.14,0.0,-288.79,288.79,Returned
2023-10-01,Salalah,Retail,Tablets,3,142.76,74.02,428.29,428.29,206.22,0.0,Completed
2023-10-01,Salalah,Retail,Accessories,2,24.8,13.65,49.6,49.6,22.3,0.0,Completed
2023-10-02,Sohar,Online,Laptops,3,322.48,196.49,967.45,967.45,377.99,0.0,Completed
2023-10-03,Muscat,Retail,Smartphones,4,253.26,154.77,1013.06,0.0,-221.25,221.25,Returned
2023-10-03,Muscat,Retail,Smartphones,1,255.05,129.56,255.05,255.05,125.5,0.0,Completed
2023-10-03,Salalah,Retail,Smartphones,5,260.58,154.33,1302.88,1302.88,531.21,0.0,Completed
2023-10-03,Nizwa,Online,Accessories,3,22.5,13.91,67.5,67.5,25.77,0.0,Completed
2023-10-03,Nizwa,Online,Tablets,2,155.59,94.78,311.18,311.18,121.63,0.0,Completed
2023-10-03,Muscat,Online,Smartphones,5,248.12,134.13,1240.62,1240.62,569.97,0.0,Completed
2023-10-03,Salalah,Retail,Tablets,2,161.11,98.17,322.21,0.0,-71.89,71.89,Returned
2023-10-03,Salalah,Retail,Laptops,5,373.89,197.14,1869.46,1869.46,883.75,0.0,Completed
2023-10-03,Nizwa,Retail,Smartphones,4,254.18,162.99,1016.73,1016.73,364.78,0.0,Completed
2023-10-03,Sohar,Online,Wearables,1,84.81,53.39,84.81,0.0,-36.85,36.85,Returned
2023-10-04,Salalah,Online,Laptops,1,338.32,195.35,338.32,338.32,142.97,0.0,Completed
2023-10-04,Muscat,Online,Laptops,1,368.07,220.5,368.07,368.07,147.57,0.0,Completed
2023-10-04,Muscat,Retail,Smartphones,2,227.1,154.12,454.2,454.2,145.96,0.0,Completed
2023-10-05,Sohar,Wholesale,Laptops,15,300.84,214.76,4512.63,4512.63,1291.17,0.0,Completed
2023-10-05,Nizwa,Retail,Accessories,1,22.9,13.21,22.9,22.9,9.69,0.0,Completed
2023-10-05,Nizwa,Online,Smartphones,2,227.27,141.5,454.54,454.54,171.53,0.0,Completed
2023-10-05,Muscat,Online,Tablets,2,156.03,84.23,312.06,312.06,143.6,0.0,Completed
2023-10-05,Muscat,Online,Accessories,4,24.34,14.87,97.37,97.37,37.91,0.0,Completed
2023-10-05,Muscat,Retail,Smartphones,5,243.57,161.07,1217.85,0.0,-507.47,507.47,Returned
2023-10-05,Salalah,Online,Smartphones,3,247.47,145.11,742.41,742.41,307.09,0.0,Completed
2023-10-06,Muscat,Online,Smartphones,4,257.17,177.66,1028.68,0.0,-282.47,282.47,Returned
2023-10-06,Muscat,Online,Smartphones,3,234.9,151.69,704.71,0.0,-219.25,219.25,Returned
2023-10-06,Muscat,Retail,Tablets,3,138.0,95.89,414.01,414.01,126.35,0.0,Completed
2023-10-07,Salalah,Retail,Wearables,1,86.16,48.11,86.16,86.16,38.05,0.0,Completed
2023-10-07,Salalah,Retail,Smartphones,3,249.43,158.7,748.28,0.0,-137.33,137.33,Returned
2023-10-07,Salalah,Retail,Smartphones,5,272.69,145.27,1363.45,1363.45,637.11,0.0,Completed
2023-10-07,Muscat,Retail,Accessories,1,27.06,16.41,27.06,27.06,10.65,0.0,Completed
2023-10-07,Muscat,Retail,Tablets,3,162.27,93.38,486.81,486.81,206.67,0.0,Completed
2023-10-07,Muscat,Online,Laptops,3,328.89,180.98,986.66,986.66,443.71,0.0,Completed
2023-10-07,Salalah,Online,Smartphones,1,263.29,151.27,263.29,0.0,-121.62,121.62,Returned
2023-10-07,Muscat,Retail,Smartphones,3,271.86,173.82,815.58,815.58,294.11,0.0,Completed
2023-10-07,Muscat,Online,Smartphones,3,231.71,136.84,695.14,695.14,284.61,0.0,Completed
2023-10-07,Sohar,Wholesale,Laptops,34,302.58,194.1,10287.73,10287.73,3688.19,0.0,Completed
2023-10-08,Salalah,Online,Smartphones,5,268.07,149.75,1340.33,1340.33,591.59,0.0,Completed
2023-10-08,Nizwa,Retail,Laptops,1,363.09,237.86,363.09,363.09,125.23,0.0,Completed
2023-10-08,Nizwa,Retail,Accessories,5,27.38,17.61,136.9,136.9,48.86,0.0,Completed
2023-10-08,Salalah,Retail,Smartphones,1,240.58,147.46,240.58,240.58,93.13,0.0,Completed
2023-10-08,Muscat,Retail,Smartphones,3,267.68,146.71,803.03,803.03,362.9,0.0,Completed
2023-10-08,Salalah,Retail,Smartphones,1,266.76,137.0,266.76,266.76,129.76,0.0,Completed
2023-10-08,Muscat,Retail,Laptops,4,325.44,198.88,1301.76,1301.76,506.25,0.0,Completed
2023-10-08,Salalah,Online,Laptops,1,363.92,245.4,363.92,363.92,118.52,0.0,Completed
2023-10-09,Sohar,Retail,Smartphones,2,251.29,159.0,502.59,502.59,184.59,0.0,Completed
2023-10-09,Salalah,Retail,Smartphones,4,235.48,137.85,941.91,941.91,390.5,0.0,Completed
2023-10-09,Salalah,Retail,Laptops,1,364.71,204.53,364.71,364.71,160.17,0.0,Completed
2023-10-09,Muscat,Retail,Wearables,1,85.19,47.87,85.19,85.19,37.32,0.0,Completed
2023-10-10,Sohar,Retail,Accessories,2,25.43,15.23,50.85,50.85,20.39,0.0,Completed
2023-10-10,Muscat,Retail,Tablets,2,150.77,79.91,301.54,301.54,141.71,0.0,Completed
2023-10-10,Sohar,Online,Smartphones,1,273.67,160.95,273.67,273.67,112.72,0.0,Completed
2023-10-10,Nizwa,Retail,Accessories,3,26.72,13.38,80.17,80.17,40.02,0.0,Completed
2023-10-10,Nizwa,Wholesale,Smartphones,15,199.21,143.33,2988.18,0.0,-594.86,594.86,Returned
2023-10-11,Sohar,Retail,Smartphones,3,250.47,130.4,751.4,0.0,-88.8,88.8,Returned
2023-10-11,Muscat,Retail,Laptops,4,347.25,193.52,1389.01,0.0,-411.11,411.11,Returned
2023-10-11,Sohar,Online,Tablets,4,158.1,102.57,632.39,632.39,222.09,0.0,Completed
2023-10-11,Muscat,Retail,Wearables,4,74.54,50.4,298.16,0.0,-77.69,77.69,Returned
2023-10-11,Muscat,Online,Laptops,1,357.05,220.06,357.05,357.05,136.99,0.0,Completed
2023-10-11,Salalah,Online,Smartphones,1,249.11,133.9,249.11,0.0,-38.8,38.8,Returned
2023-10-11,Sohar,Retail,Smartphones,2,260.49,134.1,520.98,0.0,-158.29,158.29,Returned
2023-10-12,Salalah,Online,Accessories,4,26.61,15.52,106.42,106.42,44.33,0.0,Completed
2023-10-12,Salalah,Online,Laptops,5,365.35,217.68,1826.77,1826.77,738.38,0.0,Completed
2023-10-12,Nizwa,Retail,Accessories,5,23.97,14.85,119.87,119.87,45.61,0.0,Completed
2023-10-13,Salalah,Online,Accessories,1,24.37,15.9,24.37,24.37,8.47,0.0,Completed
2023-10-13,Nizwa,Wholesale,Accessories,44,20.71,13.81,911.38,911.38,303.85,0.0,Completed
2023-10-13,Salalah,Retail,Smartphones,2,252.59,143.52,505.18,0.0,-248.58,248.58,Returned
2023-10-13,Salalah,Online,Smartphones,2,228.95,155.38,457.89,0.0,-239.66,239.66,Returned
2023-10-13,Salalah,Retail,Smartphones,2,226.15,126.44,452.31,0.0,-147.39,147.39,Returned
2023-10-14,Muscat,Retail,Laptops,4,379.7,195.29,1518.82,1518.82,737.67,0.0,Completed
2023-10-14,Muscat,Retail,Smartphones,1,251.54,132.47,251.54,251.54,119.07,0.0,Completed
2023-10-15,Sohar,Online,Accessories,3,22.63,15.03,67.88,67.88,22.78,0.0,Completed
2023-10-15,Sohar,Retail,Laptops,1,344.33,175.08,344.33,344.33,169.25,0.0,Completed
2023-10-15,Muscat,Retail,Laptops,2,341.51,197.73,683.02,683.02,287.56,0.0,Completed
2023-10-15,Nizwa,Retail,Wearables,1,80.48,48.45,80.48,80.48,32.03,0.0,Completed
2023-10-15,Muscat,Online,Accessories,4,23.11,15.85,92.45,92.45,29.05,0.0,Completed
2023-10-15,Nizwa,Online,Smartphones,1,243.61,160.09,243.61,0.0,-139.43,139.43,Returned
2023-10-15,Salalah,Online,Smartphones,5,240.04,142.84,1200.22,1200.22,486.02,0.0,Completed
2023-10-16,Muscat,Retail,Accessories,3,24.21,14.58,72.62,72.62,28.89,0.0,Completed
2023-10-16,Muscat,Retail,Smartphones,1,237.22,155.2,237.22,237.22,82.03,0.0,Completed
2023-10-16,Sohar,Retail,Tablets,2,148.59,84.7,297.19,297.19,127.79,0.0,Completed
2023-10-16,Sohar,Online,Accessories,5,24.7,13.68,123.49,123.49,55.11,0.0,Completed
2023-10-16,Nizwa,Online,Accessories,3,27.4,16.02,82.21,82.21,34.15,0.0,Completed
2023-10-17,Muscat,Online,Tablets,1,153.68,80.68,153.68,153.68,72.99,0.0,Completed
2023-10-17,Salalah,Retail,Laptops,3,316.59,202.73,949.77,0.0,-192.72,192.72,Returned
2023-10-17,Nizwa,Online,Wearables,3,80.39,44.94,241.16,241.16,106.33,0.0,Completed
2023-10-17,Muscat,Online,Accessories,1,22.61,14.6,22.61,22.61,8.01,0.0,Completed
2023-10-18,Sohar,Online,Smartphones,2,261.3,176.18,522.6,0.0,-335.24,335.24,Returned
2023-10-18,Nizwa,Online,Accessories,4,24.66,13.66,98.63,98.63,43.97,0.0,Completed
2023-10-18,Nizwa,Retail,Accessories,4,23.44,15.86,93.77,93.77,30.31,0.0,Completed
2023-10-19,Salalah,Retail,Smartphones,5,263.01,169.57,1315.04,0.0,-694.27,694.27,Returned
2023-10-19,Muscat,Online,Laptops,3,378.76,263.49,1136.28,1136.28,345.8,0.0,Completed
2023-10-19,Muscat,Retail,Smartphones,4,270.87,186.81,1083.49,0.0,-381.81,381.81,Returned
2023-10-19,Muscat,Online,Accessories,1,25.11,16.11,25.11,25.11,9.0,0.0,Completed
2023-10-19,Salalah,Retail,Wearables,1,73.97,44.15,73.97,73.97,29.82,0.0,Completed
2023-10-19,Muscat,Retail,Tablets,5,156.82,100.38,784.08,784.08,282.18,0.0,Completed
2023-10-19,Muscat,Online,Laptops,3,360.56,219.44,1081.67,1081.67,423.36,0.0,Completed
2023-10-20,Salalah,Online,Smartphones,5,267.43,185.86,1337.15,1337.15,407.87,0.0,Completed
2023-10-20,Salalah,Wholesale,Laptops,33,292.39,190.9,9648.76,9648.76,3349.09,0.0,Completed
2023-10-21,Nizwa,Online,Accessories,3,24.3,13.66,72.91,72.91,31.94,0.0,Completed
2023-10-21,Sohar,Online,Smartphones,3,259.29,140.83,777.87,777.87,355.38,0.0,Completed
2023-10-21,Salalah,Online,Smartphones,5,257.51,143.3,1287.56,1287.56,571.04,0.0,Completed
2023-10-21,Nizwa,Retail,Smartphones,4,229.78,150.4,919.13,0.0,-474.56,474.56,Returned
2023-10-21,Sohar,Wholesale,Laptops,36,276.42,183.39,9951.24,0.0,-5360.01,5360.01,Returned
2023-10-22,Sohar,Retail,Laptops,4,339.95,230.31,1359.81,1359.81,438.57,0.0,Completed
2023-10-22,Salalah,Retail,Laptops,3,356.01,184.61,1068.04,1068.04,514.22,0.0,Completed
2023-10-22,Muscat,Retail,Laptops,1,346.82,207.26,346.82,346.82,139.55,0.0,Completed
2023-10-23,Muscat,Online,Accessories,3,24.59,16.49,73.77,73.77,24.3,0.0,Completed
2023-10-24,Nizwa,Retail,Accessories,5,23.88,14.64,119.39,119.39,46.21,0.0,Completed
2023-10-24,Sohar,Online,Tablets,4,158.74,94.93,634.96,634.96,255.23,0.0,Completed
2023-10-24,Muscat,Online,Laptops,5,377.2,246.6,1886.0,1886.0,653.01,0.0,Completed
2023-10-24,Muscat,Retail,Laptops,1,320.73,222.32,320.73,320.73,98.41,0.0,Completed
2023-10-25,Salalah,Retail,Smartphones,4,265.86,165.9,1063.43,1063.43,399.81,0.0,Completed
2023-10-25,Sohar,Online,Smartphones,3,262.86,169.88,788.59,0.0,-214.42,214.42,Returned
2023-10-25,Sohar,Retail,Smartphones,5,257.73,180.19,1288.63,1288.63,387.68,0.0,Completed
2023-10-26,Sohar,Wholesale,Laptops,80,255.57,173.42,20445.81,20445.81,6571.82,0.0,Completed
2023-10-26,Salalah,Retail,Laptops,2,360.87,187.04,721.73,721.73,347.64,0.0,Completed
2023-10-26,Sohar,Retail,Accessories,5,26.6,16.85,132.99,132.99,48.72,0.0,Completed
2023-10-26,Muscat,Online,Laptops,3,343.08,216.22,1029.25,1029.25,380.59,0.0,Completed
2023-10-26,Muscat,Online,Wearables,4,87.31,45.48,349.24,349.24,167.3,0.0,Completed
2023-10-26,Sohar,Retail,Accessories,5,25.39,17.64,126.93,126.93,38.71,0.0,Completed
2023-10-26,Salalah,Online,Laptops,5,365.58,220.74,1827.89,1827.89,724.21,0.0,Completed
2023-10-27,Muscat,Online,Smartphones,4,228.18,157.68,912.72,912.72,282.01,0.0,Completed
2023-10-27,Salalah,Retail,Wearables,4,75.75,50.57,303.01,303.01,100.72,0.0,Completed
2023-10-27,Muscat,Online,Laptops,4,358.36,198.38,1433.43,1433.43,639.92,0.0,Completed
2023-10-27,Salalah,Online,Smartphones,2,230.67,141.87,461.35,0.0,-75.58,75.58,Returned
2023-10-27,Muscat,Retail,Smartphones,1,269.41,179.71,269.41,269.41,89.7,0.0,Completed
2023-10-28,Nizwa,Online,Wearables,2,72.31,45.53,144.62,144.62,53.56,0.0,Completed
2023-10-28,Sohar,Retail,Smartphones,2,267.44,167.81,534.88,0.0,-96.16,96.16,Returned
2023-10-28,Muscat,Retail,Accessories,5,25.15,14.21,125.73,125.73,54.7,0.0,Completed
2023-10-29,Muscat,Retail,Tablets,2,161.18,86.44,322.37,322.37,149.49,0.0,Completed
2023-10-29,Salalah,Retail,Accessories,5,24.54,15.07,122.68,122.68,47.34,0.0,Completed
2023-10-30,Muscat,Retail,Laptops,2,317.0,167.78,634.01,634.01,298.44,0.0,Completed
2023-10-30,Nizwa,Retail,Accessories,2,24.25,12.46,48.51,48.51,23.59,0.0,Completed
2023-10-30,Sohar,Online,Accessories,4,26.53,14.06,106.12,106.12,49.88,0.0,Completed
2023-10-30,Muscat,Wholesale,Laptops,55,273.51,198.82,15043.06,15043.06,4108.2,0.0,Completed
2023-10-30,Sohar,Retail,Accessories,4,22.58,12.58,90.33,90.33,39.99,0.0,Completed
2023-10-31,Nizwa,Online,Accessories,3,26.56,15.79,79.68,79.68,32.3,0.0,Completed
2023-10-31,Sohar,Retail,Accessories,3,25.48,15.99,76.45,76.45,28.5,0.0,Completed
2023-10-31,Muscat,Online,Smartphones,4,262.96,181.2,1051.84,0.0,-502.91,502.91,Returned
2023-10-31,Sohar,Wholesale,Laptops,56,255.98,205.9,14334.95,14334.95,2804.7,0.0,Completed
2023-10-31,Muscat,Wholesale,Accessories,36,19.1,12.91,687.55,687.55,222.74,0.0,Completed
2023-10-31,Muscat,Online,Accessories,4,23.14,14.49,92.56,92.56,34.61,0.0,Completed
2023-10-31,Salalah,Retail,Accessories,4,27.27,17.02,109.09,109.09,41.03,0.0,Completed
2023-11-01,Sohar,Retail,Accessories,5,26.97,18.55,134.87,134.87,42.11,0.0,Completed
2023-11-01,Salalah,Online,Accessories,1,24.32,14.49,24.32,24.32,9.83,0.0,Completed
2023-11-01,Muscat,Retail,Accessories,2,27.48,13.91,54.96,54.96,27.14,0.0,Completed
2023-11-01,Salalah,Online,Smartphones,2,260.51,174.89,521.02,521.02,171.23,0.0,Completed
2023-11-01,Muscat,Retail,Tablets,5,135.15,91.06,675.76,675.76,220.47,0.0,Completed
2023-11-01,Nizwa,Online,Accessories,1,23.75,13.22,23.75,23.75,10.53,0.0,Completed
2023-11-02,Salalah,Wholesale,Accessories,65,20.27,13.58,1317.53,1317.53,435.12,0.0,Completed
2023-11-02,Muscat,Online,Laptops,4,381.96,213.24,1527.84,1527.84,674.86,0.0,Completed
2023-11-02,Muscat,Retail,Smartphones,2,241.81,149.02,483.62,483.62,185.58,0.0,Completed
2023-11-02,Muscat,Retail,Smartphones,4,240.09,126.13,960.35,0.0,-155.28,155.28,Returned
2023-11-02,Sohar,Retail,Wearables,4,85.96,49.94,343.85,0.0,-86.62,86.62,Returned
2023-11-03,Sohar,Retail,Smartphones,3,272.47,161.87,817.42,817.42,331.81,0.0,Completed
2023-11-03,Muscat,Retail,Tablets,3,148.02,102.09,444.06,444.06,137.78,0.0,Completed
2023-11-03,Nizwa,Online,Laptops,5,340.37,213.84,1701.86,1701.86,632.67,0.0,Completed
2023-11-04,Muscat,Online,Wearables,1,86.88,46.44,86.88,86.88,40.44,0.0,Completed
2023-11-04,Salalah,Online,Tablets,5,164.9,111.89,824.51,824.51,265.06,0.0,Completed
2023-11-04,Muscat,Retail,Accessories,5,26.12,16.44,130.6,130.6,48.42,0.0,Completed
2023-11-05,Nizwa,Online,Smartphones,4,242.94,132.25,971.77,971.77,442.76,0.0,Completed
2023-11-05,Muscat,Retail,Laptops,3,324.97,176.38,974.9,974.9,445.77,0.0,Completed
2023-11-05,Muscat,Retail,Tablets,2,143.42,77.46,286.83,286.83,131.91,0.0,Completed
2023-11-05,Muscat,Online,Laptops,3,380.4,260.28,1141.2,1141.2,360.35,0.0,Completed
2023-11-05,Muscat,Retail,Smartphones,4,258.67,155.59,1034.7,1034.7,412.33,0.0,Completed
2023-11-05,Sohar,Retail,Laptops,5,349.63,225.01,1748.17,1748.17,623.1,0.0,Completed
2023-11-05,Muscat,Wholesale,Accessories,11,18.29,14.36,201.14,201.14,43.21,0.0,Completed
2023-11-05,Sohar,Retail,Wearables,3,81.57,57.02,244.7,244.7,73.64,0.0,Completed
2023-11-06,Sohar,Online,Accessories,2,27.01,13.86,54.03,54.03,26.32,0.0,Completed
2023-11-06,Salalah,Online,Smartphones,3,265.58,166.79,796.74,796.74,296.38,0.0,Completed
2023-11-06,Sohar,Online,Accessories,5,26.23,18.06,131.16,131.16,40.84,0.0,Completed
2023-11-06,Sohar,Retail,Laptops,2,338.44,219.7,676.88,676.88,237.49,0.0,Completed
2023-11-06,Muscat,Online,Smartphones,3,252.04,134.99,756.12,756.12,351.13,0.0,Completed
2023-11-06,Salalah,Online,Tablets,5,148.69,102.62,743.45,743.45,230.33,0.0,Completed
2023-11-06,Sohar,Retail,Tablets,1,161.97,103.31,161.97,161.97,58.67,0.0,Completed
2023-11-07,Muscat,Wholesale,Accessories,100,20.22,17.3,2021.64,2021.64,291.19,0.0,Completed
2023-11-07,Muscat,Online,Accessories,3,24.39,17.01,73.16,73.16,22.12,0.0,Completed
2023-11-07,Muscat,Retail,Wearables,1,85.66,52.53,85.66,85.66,33.14,0.0,Completed
2023-11-07,Muscat,Retail,Laptops,2,321.34,189.17,642.68,642.68,264.33,0.0,Completed
2023-11-07,Salalah,Retail,Wearables,3,74.63,43.75,223.89,223.89,92.63,0.0,Completed
2023-11-07,Nizwa,Online,Tablets,2,137.85,89.72,275.7,275.7,96.25,0.0,Completed
2023-11-08,Sohar,Retail,Accessories,5,26.26,13.81,131.3,131.3,62.26,0.0,Completed
2023-11-08,Salalah,Online,Smartphones,4,254.18,131.66,1016.73,1016.73,490.07,0.0,Completed
2023-11-08,Sohar,Online,Laptops,3,364.33,244.38,1092.98,1092.98,359.84,0.0,Completed
2023-11-08,Muscat,Retail,Accessories,1,26.21,16.66,26.21,26.21,9.55,0.0,Completed
2023-11-08,Sohar,Retail,Smartphones,5,245.41,160.48,1227.04,1227.04,424.65,0.0,Completed
2023-11-09,Muscat,Retail,Smartphones,5,245.46,153.01,1227.31,1227.31,462.27,0.0,Completed
2023-11-09,Muscat,Retail,Smartphones,2,232.85,121.32,465.71,0.0,-215.86,215.86,Returned
2023-11-09,Muscat,Online,Smartphones,1,249.38,151.81,249.38,249.38,97.57,0.0,Completed
2023-11-09,Muscat,Retail,Smartphones,2,268.98,146.25,537.96,537.96,245.46,0.0,Completed
2023-11-09,Nizwa,Online,Accessories,1,23.08,15.11,23.08,23.08,7.97,0.0,Completed
2023-11-10,Muscat,Retail,Smartphones,5,260.49,146.36,1302.43,1302.43,570.63,0.0,Completed
2023-11-10,Sohar,Retail,Smartphones,3,237.82,136.19,713.47,0.0,-200.35,200.35,Returned
2023-11-10,Salalah,Retail,Wearables,3,75.53,38.21,226.6,226.6,111.98,0.0,Completed
2023-11-10,Salalah,Online,Accessories,4,27.32,16.22,109.28,109.28,44.4,0.0,Completed
2023-11-10,Nizwa,Online,Wearables,4,82.58,54.14,330.33,330.33,113.79,0.0,Completed
2023-11-10,Muscat,Online,Smartphones,2,233.7,125.39,467.39,467.39,216.61,0.0,Completed
2023-11-10,Muscat,Retail,Smartphones,3,271.96,150.28,815.89,815.89,365.06,0.0,Completed
2023-11-10,Muscat,Wholesale,Laptops,33,257.3,216.11,8490.76,8490.76,1359.12,0.0,Completed
2023-11-11,Salalah,Online,Smartphones,4,241.58,132.94,966.34,966.34,434.58,0.0,Completed
2023-11-11,Sohar,Online,Laptops,2,351.07,236.57,702.15,702.15,229.0,0.0,Completed
2023-11-11,Nizwa,Retail,Laptops,5,343.49,214.67,1717.43,1717.43,644.09,0.0,Completed
2023-11-11,Salalah,Retail,Accessories,4,23.47,11.94,93.9,93.9,46.14,0.0,Completed
2023-11-12,Salalah,Online,Wearables,2,78.18,44.27,156.36,156.36,67.81,0.0,Completed
2023-11-12,Salalah,Retail,Accessories,2,23.05,15.22,46.1,46.1,15.67,0.0,Completed
2023-11-12,Muscat,Online,Smartphones,5,264.97,138.39,1324.85,1324.85,632.92,0.0,Completed
2023-11-13,Salalah,Online,Laptops,2,381.64,243.68,763.28,763.28,275.93,0.0,Completed
2023-11-13,Sohar,Online,Smartphones,1,251.58,169.1,251.58,251.58,82.48,0.0,Completed
2023-11-13,Muscat,Retail,Smartphones,1,264.96,171.8,264.96,264.96,93.16,0.0,Completed
2023-11-14,Nizwa,Online,Tablets,3,137.98,95.35,413.94,413.94,127.89,0.0,Completed
2023-11-14,Muscat,Retail,Laptops,2,367.79,232.71,735.58,735.58,270.17,0.0,Completed
2023-11-14,Muscat,Retail,Tablets,4,144.36,83.91,577.45,577.45,241.79,0.0,Completed
2023-11-14,Muscat,Wholesale,Smartphones,28,185.33,125.78,5189.26,5189.26,1667.51,0.0,Completed
2023-11-14,Muscat,Retail,Smartphones,2,237.22,157.75,474.43,474.43,158.93,0.0,Completed
2023-11-15,Nizwa,Online,Accessories,5,26.41,16.41,132.04,132.04,49.99,0.0,Completed
2023-11-15,Nizwa,Retail,Accessories,5,23.13,14.25,115.63,115.63,44.36,0.0,Completed
2023-11-15,Muscat,Wholesale,Smartphones,65,181.48,134.58,11796.12,11796.12,3048.53,0.0,Completed
2023-11-15,Sohar,Online,Smartphones,2,257.4,152.18,514.8,514.8,210.43,0.0,Completed
2023-11-15,Muscat,Retail,Smartphones,2,270.77,177.48,541.55,541.55,186.59,0.0,Completed
2023-11-15,Muscat,Retail,Smartphones,5,251.88,168.07,1259.38,1259.38,419.04,0.0,Completed
2023-11-16,Sohar,Wholesale,Laptops,95,271.94,171.42,25834.08,25834.08,9549.19,0.0,Completed
2023-11-16,Sohar,Online,Laptops,5,354.14,210.44,1770.72,1770.72,718.52,0.0,Completed
2023-11-16,Nizwa,Retail,Laptops,1,349.39,217.4,349.39,349.39,131.99,0.0,Completed
2023-11-16,Salalah,Online,Tablets,5,151.79,99.56,758.94,758.94,261.16,0.0,Completed
2023-11-16,Muscat,Online,Laptops,5,371.44,249.41,1857.2,1857.2,610.14,0.0,Completed
2023-11-17,Muscat,Online,Smartphones,1,228.44,134.9,228.44,228.44,93.53,0.0,Completed
2023-11-17,Muscat,Online,Tablets,2,164.08,105.44,328.16,328.16,117.28,0.0,Completed
2023-11-17,Salalah,Retail,Smartphones,4,246.66,145.3,986.65,986.65,405.44,0.0,Completed
2023-11-17,Salalah,Online,Smartphones,5,225.59,142.46,1127.93,1127.93,415.61,0.0,Completed
2023-11-17,Nizwa,Wholesale,Accessories,55,21.49,16.12,1181.74,1181.74,295.0,0.0,Completed
2023-11-17,Salalah,Retail,Accessories,3,22.95,12.77,68.84,68.84,30.53,0.0,Completed
2023-11-17,Muscat,Online,Accessories,4,25.62,14.79,102.49,102.49,43.33,0.0,Completed
2023-11-17,Salalah,Online,Accessories,2,25.1,17.03,50.2,50.2,16.14,0.0,Completed
2023-11-17,Muscat,Online,Accessories,3,22.89,15.91,68.68,68.68,20.97,0.0,Completed
2023-11-17,Muscat,Wholesale,Smartphones,48,181.78,133.98,8725.54,8725.54,2294.72,0.0,Completed
2023-11-18,Sohar,Online,Smartphones,5,249.8,133.48,1248.98,1248.98,581.59,0.0,Completed
2023-11-18,Sohar,Online,Wearables,4,76.22,49.48,304.9,304.9,106.99,0.0,Completed
2023-11-18,Salalah,Retail,Smartphones,1,260.95,133.36,260.95,260.95,127.58,0.0,Completed
2023-11-18,Salalah,Retail,Laptops,5,365.69,215.33,1828.47,1828.47,751.81,0.0,Completed
2023-11-18,Muscat,Retail,Accessories,1,24.43,16.7,24.43,24.43,7.73,0.0,Completed
2023-11-18,Muscat,Retail,Smartphones,5,258.31,170.75,1291.57,1291.57,437.84,0.0,Completed
2023-11-18,Sohar,Wholesale,Laptops,60,269.29,234.72,16157.47,16157.47,2074.34,0.0,Completed
2023-11-19,Muscat,Online,Laptops,3,334.48,195.0,1003.44,1003.44,418.44,0.0,Completed
2023-11-19,Nizwa,Retail,Smartphones,2,250.08,157.02,500.16,500.16,186.12,0.0,Completed
2023-11-19,Sohar,Retail,Laptops,1,345.48,200.1,345.48,345.48,145.38,0.0,Completed
2023-11-19,Salalah,Retail,Laptops,1,315.82,189.15,315.82,315.82,126.67,0.0,Completed
2023-11-19,Nizwa,Wholesale,Wearables,26,65.93,56.01,1714.22,1714.22,257.96,0.0,Completed
2023-11-20,Muscat,Retail,Smartphones,3,248.35,156.09,745.06,745.06,276.8,0.0,Completed
2023-11-20,Nizwa,Retail,Tablets,1,154.81,96.41,154.81,154.81,58.4,0.0,Completed
2023-11-20,Muscat,Wholesale,Wearables,32,68.85,44.65,2203.17,2203.17,774.5,0.0,Completed
2023-11-20,Sohar,Retail,Wearables,5,85.43,55.11,427.17,427.17,151.61,0.0,Completed
2023-11-20,Muscat,Retail,Laptops,3,327.96,208.42,983.87,983.87,358.62,0.0,Completed
2023-11-20,Nizwa,Retail,Laptops,3,337.09,223.07,1011.27,1011.27,342.06,0.0,Completed
2023-11-21,Muscat,Online,Accessories,5,26.66,15.25,133.29,133.29,57.03,0.0,Completed
2023-11-21,Salalah,Online,Smartphones,3,259.91,136.23,779.73,0.0,-329.49,329.49,Returned
2023-11-21,Nizwa,Retail,Smartphones,2,244.24,146.73,488.49,488.49,195.04,0.0,Completed
2023-11-21,Muscat,Wholesale,Smartphones,32,199.53,150.87,6385.11,6385.11,1557.42,0.0,Completed
2023-11-21,Sohar,Online,Wearables,1,82.02,48.1,82.02,82.02,33.92,0.0,Completed
2023-11-21,Salalah,Retail,Smartphones,4,252.12,164.92,1008.47,1008.47,348.77,0.0,Completed
2023-11-21,Nizwa,Retail,Smartphones,1,243.48,142.64,243.48,243.48,100.84,0.0,Completed
2023-11-21,Salalah,Retail,Accessories,3,23.35,15.99,70.05,70.05,22.07,0.0,Completed
2023-11-21,Muscat,Online,Accessories,1,27.32,17.47,27.32,27.32,9.84,0.0,Completed
2023-11-21,Sohar,Retail,Wearables,4,78.7,41.35,314.81,314.81,149.4,0.0,Completed
2023-11-22,Salalah,Online,Laptops,4,357.73,233.07,1430.91,1430.91,498.64,0.0,Completed
2023-11-22,Sohar,Retail,Accessories,5,23.69,14.26,118.46,118.46,47.17,0.0,Completed
2023-11-22,Salalah,Retail,Smartphones,4,260.8,166.71,1043.21,1043.21,376.35,0.0,Completed
2023-11-22,Salalah,Retail,Tablets,5,155.18,103.51,775.9,775.9,258.37,0.0,Completed
2023-11-22,Muscat,Online,Laptops,5,343.66,192.22,1718.31,1718.31,757.23,0.0,Completed
2023-11-22,Salalah,Online,Accessories,4,25.19,13.81,100.77,100.77,45.53,0.0,Completed
2023-11-22,Salalah,Online,Laptops,4,369.04,244.3,1476.18,0.0,-883.35,883.35,Returned
2023-11-22,Salalah,Retail,Accessories,3,25.59,15.81,76.77,76.77,29.33,0.0,Completed
2023-11-23,Salalah,Online,Smartphones,1,265.14,171.47,265.14,265.14,93.66,0.0,Completed
2023-11-23,Nizwa,Retail,Tablets,1,164.4,89.59,164.4,164.4,74.81,0.0,Completed
2023-11-23,Nizwa,Retail,Smartphones,4,260.22,161.74,1040.87,1040.87,393.92,0.0,Completed
2023-11-23,Salalah,Online,Smartphones,4,236.1,141.18,944.4,944.4,379.67,0.0,Completed
2023-11-23,Nizwa,Online,Smartphones,5,270.49,180.48,1352.45,1352.45,450.05,0.0,Completed
2023-11-23,Muscat,Retail,Smartphones,1,237.0,119.69,237.0,0.0,-93.08,93.08,Returned
2023-11-24,Muscat,Retail,Accessories,3,23.56,12.75,70.67,70.67,32.42,0.0,Completed
2023-11-24,Sohar,Retail,Accessories,3,26.57,16.55,79.7,79.7,30.05,0.0,Completed
2023-11-24,Salalah,Online,Smartphones,3,249.21,165.35,747.62,747.62,251.57,0.0,Completed
2023-11-24,Sohar,Retail,Tablets,2,140.17,94.08,280.35,280.35,92.19,0.0,Completed
2023-11-24,Salalah,Online,Wearables,1,87.24,55.31,87.24,87.24,31.93,0.0,Completed
2023-11-25,Salalah,Retail,Tablets,3,157.45,99.6,472.35,472.35,173.55,0.0,Completed
2023-11-25,Salalah,Retail,Accessories,2,24.78,12.84,49.55,49.55,23.86,0.0,Completed
2023-11-25,Nizwa,Online,Laptops,5,351.32,234.97,1756.61,1756.61,581.77,0.0,Completed
2023-11-25,Salalah,Online,Smartphones,3,225.33,151.54,676.0,676.0,221.39,0.0,Completed
2023-11-25,Muscat,Retail,Accessories,2,25.51,16.25,51.03,51.03,18.52,0.0,Completed
2023-11-26,Nizwa,Retail,Wearables,2,76.01,46.68,152.03,152.03,58.67,0.0,Completed
2023-11-26,Salalah,Online,Smartphones,2,260.69,139.92,521.37,521.37,241.54,0.0,Completed
2023-11-26,Muscat,Retail,Laptops,2,344.16,227.76,688.32,688.32,232.8,0.0,Completed
2023-11-26,Sohar,Retail,Accessories,5,26.47,14.2,132.33,132.33,61.34,0.0,Completed
2023-11-26,Nizwa,Wholesale,Smartphones,60,194.38,126.84,11663.02,11663.02,4052.9,0.0,Completed
2023-11-26,Muscat,Wholesale,Smartphones,44,189.2,155.44,8324.91,0.0,-1532.06,1532.06,Returned
2023-11-26,Muscat,Retail,Laptops,3,322.41,211.14,967.22,967.22,333.8,0.0,Completed
2023-11-26,Muscat,Online,Accessories,1,25.46,14.36,25.46,25.46,11.11,0.0,Completed
2023-11-26,Muscat,Retail,Accessories,3,26.2,15.28,78.59,78.59,32.76,0.0,Completed
2023-11-26,Muscat,Online,Laptops,4,362.5,192.52,1450.02,1450.02,679.93,0.0,Completed
2023-11-27,Muscat,Online,Accessories,3,27.09,14.78,81.26,81.26,36.93,0.0,Completed
2023-11-27,Muscat,Retail,Accessories,2,22.71,12.31,45.42,45.42,20.8,0.0,Completed
2023-11-27,Nizwa,Online,Laptops,3,375.36,200.02,1126.08,1126.08,526.01,0.0,Completed
2023-11-27,Muscat,Online,Accessories,5,25.44,17.69,127.19,127.19,38.74,0.0,Completed
2023-11-27,Sohar,Retail,Tablets,5,144.62,77.15,723.1,723.1,337.37,0.0,Completed
2023-11-28,Sohar,Online,Smartphones,1,234.0,120.21,234.0,234.0,113.79,0.0,Completed
2023-11-28,Salalah,Retail,Smartphones,3,267.75,181.24,803.26,803.26,259.53,0.0,Completed
2023-11-28,Muscat,Retail,Smartphones,4,266.66,140.73,1066.65,1066.65,503.73,0.0,Completed
2023-11-28,Nizwa,Online,Laptops,4,339.25,236.8,1357.01,1357.01,409.81,0.0,Completed
2023-11-28,Muscat,Retail,Wearables,2,84.85,47.43,169.7,169.7,74.84,0.0,Completed
2023-11-28,Muscat,Retail,Smartphones,4,246.27,130.21,985.08,985.08,464.23,0.0,Completed
2023-11-28,Salalah,Retail,Smartphones,1,245.51,171.39,245.51,245.51,74.12,0.0,Completed
2023-11-29,Salalah,Online,Tablets,5,149.78,87.23,748.88,748.88,312.75,0.0,Completed
2023-11-29,Muscat,Retail,Laptops,2,346.83,237.06,693.66,693.66,219.54,0.0,Completed
2023-11-29,Sohar,Online,Accessories,2,24.53,16.74,49.07,49.07,15.6,0.0,Completed
2023-11-30,Sohar,Retail,Tablets,4,151.22,101.82,604.88,604.88,197.62,0.0,Completed
2023-11-30,Sohar,Retail,Tablets,2,157.34,108.2,314.68,314.68,98.28,0.0,Completed
2023-11-30,Muscat,Retail,Accessories,1,23.81,15.12,23.81,23.81,8.69,0.0,Completed
2023-11-30,Sohar,Retail,Laptops,4,380.55,221.13,1522.2,1522.2,637.68,0.0,Completed
2023-12-01,Muscat,Wholesale,Laptops,50,296.12,240.61,14806.15,14806.15,2775.65,0.0,Completed
2023-12-01,Muscat,Online,Accessories,3,26.6,13.69,79.79,79.79,38.72,0.0,Completed
2023-12-01,Sohar,Retail,Smartphones,4,235.79,159.55,943.17,943.17,304.98,0.0,Completed
2023-12-01,Salalah,Online,Laptops,2,322.35,186.87,644.71,644.71,270.97,0.0,Completed
2023-12-02,Muscat,Retail,Laptops,3,365.42,236.81,1096.25,1096.25,385.81,0.0,Completed
2023-12-02,Sohar,Retail,Accessories,1,24.53,13.39,24.53,24.53,11.14,0.0,Completed
2023-12-02,Nizwa,Retail,Smartphones,3,260.76,138.08,782.27,782.27,368.04,0.0,Completed
2023-12-02,Salalah,Online,Smartphones,2,271.96,185.57,543.91,543.91,172.78,0.0,Completed
2023-12-02,Salalah,Retail,Accessories,3,25.34,13.22,76.03,76.03,36.38,0.0,Completed
2023-12-02,Nizwa,Wholesale,Accessories,85,19.17,13.35,1629.43,1629.43,494.98,0.0,Completed
2023-12-03,Salalah,Online,Smartphones,4,245.12,126.54,980.47,980.47,474.32,0.0,Completed
2023-12-03,Nizwa,Online,Accessories,2,25.64,17.32,51.29,51.29,16.66,0.0,Completed
2023-12-03,Sohar,Wholesale,Laptops,42,280.96,193.34,11800.4,11800.4,3680.04,0.0,Completed
2023-12-04,Muscat,Online,Smartphones,1,237.42,123.93,237.42,237.42,113.49,0.0,Completed
2023-12-04,Sohar,Online,Smartphones,2,241.83,140.48,483.67,483.67,202.7,0.0,Completed
2023-12-04,Muscat,Retail,Smartphones,5,271.56,165.22,1357.8,1357.8,531.72,0.0,Completed
2023-12-04,Muscat,Retail,Smartphones,1,225.39,128.93,225.39,225.39,96.46,0.0,Completed
2023-12-04,Muscat,Online,Accessories,3,26.23,17.79,78.68,78.68,25.3,0.0,Completed
2023-12-04,Muscat,Online,Laptops,1,344.49,195.84,344.49,344.49,148.66,0.0,Completed
2023-12-04,Sohar,Wholesale,Laptops,40,301.69,226.97,12067.76,12067.76,2988.8,0.0,Completed
2023-12-04,Muscat,Online,Accessories,1,27.3,18.79,27.3,27.3,8.51,0.0,Completed
2023-12-04,Muscat,Retail,Smartphones,4,244.1,164.91,976.41,976.41,316.77,0.0,Completed
2023-12-05,Sohar,Retail,Smartphones,3,274.61,173.49,823.82,823.82,303.35,0.0,Completed
2023-12-05,Sohar,Wholesale,Smartphones,54,210.32,155.73,11357.02,11357.02,2947.75,0.0,Completed
2023-12-05,Sohar,Wholesale,Wearables,30,69.0,48.69,2070.08,2070.08,609.47,0.0,Completed
2023-12-05,Nizwa,Retail,Laptops,2,367.28,195.22,734.56,734.56,344.11,0.0,Completed
2023-12-06,Muscat,Online,Accessories,4,27.5,18.09,110.0,110.0,37.62,0.0,Completed
2023-12-06,Salalah,Online,Smartphones,3,241.29,168.62,723.88,723.88,218.02,0.0,Completed
2023-12-06,Nizwa,Wholesale,Smartphones,38,218.89,175.51,8317.63,8317.63,1648.18,0.0,Completed
2023-12-06,Muscat,Online,Wearables,5,72.84,44.0,364.2,364.2,144.22,0.0,Completed
2023-12-06,Sohar,Retail,Accessories,5,26.64,14.91,133.19,133.19,58.66,0.0,Completed
2023-12-06,Muscat,Retail,Accessories,5,26.67,14.88,133.35,133.35,58.95,0.0,Completed
2023-12-07,Nizwa,Retail,Wearables,1,80.6,51.83,80.6,80.6,28.76,0.0,Completed
2023-12-07,Muscat,Retail,Smartphones,2,242.5,134.27,484.99,484.99,216.46,0.0,Completed
2023-12-07,Sohar,Online,Wearables,3,86.96,45.04,260.88,260.88,125.77,0.0,Completed
2023-12-07,Muscat,Retail,Smartphones,3,261.73,169.61,785.2,785.2,276.37,0.0,Completed
2023-12-07,Muscat,Online,Wearables,1,79.67,45.65,79.67,79.67,34.02,0.0,Completed
2023-12-07,Muscat,Retail,Smartphones,3,268.05,172.31,804.14,804.14,287.21,0.0,Completed
2023-12-07,Muscat,Wholesale,Accessories,51,19.25,13.78,981.54,981.54,278.52,0.0,Completed
2023-12-07,Sohar,Wholesale,Tablets,51,117.05,90.95,5969.62,5969.62,1331.13,0.0,Completed
2023-12-07,Nizwa,Retail,Accessories,5,23.3,15.55,116.51,116.51,38.74,0.0,Completed
2023-12-08,Muscat,Online,Smartphones,2,246.8,135.06,493.61,493.61,223.48,0.0,Completed
2023-12-08,Salalah,Wholesale,Smartphones,15,196.16,140.97,2942.42,2942.42,827.91,0.0,Completed
2023-12-08,Sohar,Wholesale,Smartphones,34,193.15,133.63,6567.11,6567.11,2023.78,0.0,Completed
2023-12-09,Sohar,Retail,Accessories,2,25.2,13.33,50.41,50.41,23.76,0.0,Completed
2023-12-09,Muscat,Online,Wearables,3,83.53,53.14,250.58,250.58,91.15,0.0,Completed
2023-12-09,Sohar,Online,Laptops,5,338.31,189.31,1691.57,1691.57,745.03,0.0,Completed
2023-12-09,Muscat,Retail,Smartphones,3,232.5,142.83,697.51,697.51,269.02,0.0,Completed
2023-12-09,Salalah,Online,Smartphones,2,266.17,147.04,532.35,532.35,238.27,0.0,Completed
2023-12-09,Salalah,Retail,Smartphones,4,242.86,129.85,971.46,971.46,452.07,0.0,Completed
2023-12-09,Muscat,Retail,Accessories,2,27.35,16.29,54.71,0.0,-15.23,15.23,Returned
2023-12-10,Muscat,Online,Laptops,2,319.0,204.16,638.0,638.0,229.69,0.0,Completed
2023-12-10,Muscat,Retail,Wearables,5,82.46,52.41,412.31,412.31,150.24,0.0,Completed
2023-12-10,Nizwa,Retail,Smartphones,3,257.28,141.0,771.85,771.85,348.85,0.0,Completed
2023-12-10,Sohar,Retail,Tablets,3,152.3,80.34,456.9,456.9,215.89,0.0,Completed
2023-12-10,Muscat,Retail,Accessories,1,23.69,15.14,23.69,23.69,8.55,0.0,Completed
2023-12-10,Nizwa,Retail,Tablets,4,139.94,93.75,559.75,559.75,184.76,0.0,Completed
2023-12-10,Salalah,Online,Laptops,5,379.84,264.75,1899.21,0.0,-1034.13,1034.13,Returned
2023-12-10,Nizwa,Retail,Smartphones,2,236.46,157.57,472.93,472.93,157.78,0.0,Completed
2023-12-10,Salalah,Online,Smartphones,3,244.73,128.34,734.19,734.19,349.18,0.0,Completed
2023-12-11,Muscat,Retail,Accessories,4,22.92,12.86,91.69,91.69,40.27,0.0,Completed
2023-12-11,Salalah,Online,Laptops,3,369.97,250.49,1109.9,1109.9,358.43,0.0,Completed
2023-12-11,Nizwa,Retail,Smartphones,3,248.92,144.19,746.76,746.76,314.18,0.0,Completed
2023-12-11,Salalah,Wholesale,Accessories,13,20.33,16.17,264.32,264.32,54.07,0.0,Completed
2023-12-11,Salalah,Retail,Accessories,4,23.93,15.14,95.71,95.71,35.15,0.0,Completed
2023-12-11,Salalah,Retail,Laptops,1,360.35,239.62,360.35,360.35,120.73,0.0,Completed
2023-12-11,Sohar,Retail,Tablets,2,163.7,89.08,327.41,327.41,149.25,0.0,Completed
2023-12-11,Muscat,Online,Smartphones,5,258.0,161.02,1290.01,1290.01,484.91,0.0,Completed
2023-12-11,Salalah,Retail,Smartphones,5,227.06,121.67,1135.28,1135.28,526.95,0.0,Completed
2023-12-12,Salalah,Retail,Wearables,5,73.63,49.79,368.14,368.14,119.17,0.0,Completed
2023-12-12,Nizwa,Retail,Laptops,5,323.54,210.71,1617.7,1617.7,564.16,0.0,Completed
2023-12-12,Salalah,Retail,Tablets,1,162.07,110.44,162.07,162.07,51.63,0.0,Completed
2023-12-12,Muscat,Online,Accessories,3,24.24,15.57,72.73,72.73,26.02,0.0,Completed
2023-12-13,Sohar,Online,Laptops,5,333.52,231.26,1667.6,1667.6,511.31,0.0,Completed
2023-12-14,Muscat,Retail,Accessories,4,25.54,16.9,102.17,102.17,34.57,0.0,Completed
2023-12-14,Salalah,Retail,Laptops,1,383.32,218.62,383.32,383.32,164.7,0.0,Completed
2023-12-14,Muscat,Online,Tablets,1,156.8,93.27,156.8,156.8,63.53,0.0,Completed
2023-12-15,Salalah,Online,Accessories,1,24.76,14.8,24.76,24.76,9.96,0.0,Completed
2023-12-15,Salalah,Online,Smartphones,5,254.61,163.09,1273.03,1273.03,457.57,0.0,Completed
2023-12-15,Salalah,Retail,Smartphones,4,246.26,161.8,985.03,985.03,337.81,0.0,Completed
2023-12-15,Muscat,Retail,Laptops,5,335.31,206.38,1676.54,1676.54,644.62,0.0,Completed
2023-12-15,Muscat,Wholesale,Laptops,72,281.75,234.8,20286.01,20286.01,3380.77,0.0,Completed
2023-12-16,Muscat,Retail,Laptops,4,342.77,226.85,1371.08,1371.08,463.69,0.0,Completed
2023-12-16,Sohar,Retail,Accessories,5,22.81,12.88,114.07,114.07,49.68,0.0,Completed
2023-12-16,Sohar,Online,Smartphones,3,244.06,134.47,732.18,0.0,-332.08,332.08,Returned
2023-12-16,Sohar,Wholesale,Smartphones,42,217.9,182.09,9151.94,9151.94,1503.96,0.0,Completed
2023-12-17,Salalah,Online,Wearables,1,87.75,57.84,87.75,87.75,29.91,0.0,Completed
2023-12-17,Nizwa,Wholesale,Laptops,13,277.39,207.66,3606.05,3606.05,906.45,0.0,Completed
2023-12-17,Nizwa,Retail,Laptops,5,324.25,213.44,1621.25,1621.25,554.05,0.0,Completed
2023-12-17,Muscat,Retail,Smartphones,2,251.12,154.22,502.24,502.24,193.81,0.0,Completed
2023-12-17,Nizwa,Wholesale,Smartphones,44,202.76,154.25,8921.29,8921.29,2134.26,0.0,Completed
2023-12-18,Nizwa,Online,Wearables,5,73.61,46.96,368.06,368.06,133.25,0.0,Completed
2023-12-18,Sohar,Online,Accessories,5,24.96,16.94,124.82,124.82,40.13,0.0,Completed
2023-12-18,Muscat,Retail,Accessories,4,25.62,13.15,102.47,102.47,49.86,0.0,Completed
2023-12-19,Muscat,Online,Tablets,3,135.37,74.68,406.11,406.11,182.08,0.0,Completed
2023-12-19,Sohar,Retail,Accessories,3,24.5,15.89,73.5,73.5,25.82,0.0,Completed
2023-12-19,Muscat,Online,Accessories,1,27.06,18.37,27.06,27.06,8.69,0.0,Completed
2023-12-19,Muscat,Online,Accessories,5,27.43,15.26,137.17,137.17,60.89,0.0,Completed
2023-12-19,Muscat,Retail,Accessories,1,23.2,13.23,23.2,23.2,9.96,0.0,Completed
2023-12-19,Muscat,Online,Laptops,5,321.0,193.66,1605.02,1605.02,636.72,0.0,Completed
2023-12-19,Salalah,Online,Wearables,3,75.49,50.33,226.47,226.47,75.46,0.0,Completed
2023-12-19,Muscat,Retail,Laptops,4,382.18,200.76,1528.73,1528.73,725.69,0.0,Completed
2023-12-20,Salalah,Retail,Wearables,5,80.07,44.67,400.34,400.34,177.0,0.0,Completed
2023-12-20,Sohar,Retail,Tablets,1,135.77,89.0,135.77,135.77,46.77,0.0,Completed
2023-12-20,Muscat,Online,Smartphones,5,272.02,146.47,1360.09,1360.09,627.72,0.0,Completed
2023-12-20,Muscat,Online,Smartphones,3,271.42,150.08,814.27,814.27,364.02,0.0,Completed
2023-12-20,Sohar,Online,Accessories,1,26.61,14.19,26.61,26.61,12.42,0.0,Completed
2023-12-20,Muscat,Retail,Smartphones,2,256.02,158.43,512.03,512.03,195.17,0.0,Completed
2023-12-21,Muscat,Online,Tablets,2,149.42,103.35,298.83,298.83,92.13,0.0,Completed
2023-12-21,Muscat,Online,Smartphones,5,227.28,140.51,1136.42,1136.42,433.87,0.0,Completed
2023-12-21,Muscat,Retail,Smartphones,1,237.14,147.1,237.14,237.14,90.04,0.0,Completed
2023-12-21,Muscat,Online,Accessories,3,26.03,15.42,78.08,78.08,31.81,0.0,Completed
2023-12-22,Muscat,Retail,Accessories,5,24.91,15.41,124.53,124.53,47.46,0.0,Completed
2023-12-22,Nizwa,Wholesale,Smartphones,15,205.03,174.84,3075.52,3075.52,452.87,0.0,Completed
2023-12-22,Nizwa,Online,Wearables,2,84.93,50.27,169.86,169.86,69.32,0.0,Completed
2023-12-22,Muscat,Online,Tablets,4,143.69,81.15,574.77,574.77,250.18,0.0,Completed
2023-12-22,Muscat,Retail,Laptops,1,372.7,238.32,372.7,372.7,134.37,0.0,Completed
2023-12-22,Sohar,Wholesale,Accessories,51,19.59,13.53,999.27,999.27,309.38,0.0,Completed
2023-12-22,Muscat,Retail,Smartphones,5,246.55,163.6,1232.74,1232.74,414.73,0.0,Completed
2023-12-22,Salalah,Retail,Accessories,4,25.51,14.46,102.03,102.03,44.18,0.0,Completed
2023-12-23,Muscat,Retail,Wearables,5,79.63,52.61,398.17,398.17,135.12,0.0,Completed
2023-12-23,Muscat,Online,Tablets,5,164.78,111.82,823.91,823.91,264.79,0.0,Completed
2023-12-23,Muscat,Online,Smartphones,3,239.63,162.72,718.9,718.9,230.75,0.0,Completed
2023-12-23,Muscat,Online,Wearables,5,84.48,49.24,422.4,422.4,176.2,0.0,Completed
2023-12-24,Muscat,Retail,Laptops,3,365.81,198.94,1097.44,1097.44,500.63,0.0,Completed
2023-12-24,Muscat,Retail,Smartphones,3,236.13,136.26,708.38,708.38,299.6,0.0,Completed
2023-12-24,Salalah,Wholesale,Smartphones,18,206.84,148.41,3723.19,3723.19,1051.89,0.0,Completed
2023-12-24,Salalah,Retail,Tablets,2,155.65,93.6,311.3,311.3,124.1,0.0,Completed
2023-12-24,Salalah,Online,Laptops,2,332.8,229.87,665.6,665.6,205.87,0.0,Completed
2023-12-25,Muscat,Retail,Smartphones,1,255.44,155.43,255.44,255.44,100.01,0.0,Completed
2023-12-25,Muscat,Wholesale,Accessories,36,18.46,11.73,664.6,664.6,242.22,0.0,Completed
2023-12-25,Nizwa,Online,Smartphones,4,262.52,134.92,1050.09,1050.09,510.41,0.0,Completed
2023-12-25,Nizwa,Retail,Laptops,4,350.17,185.03,1400.68,1400.68,660.56,0.0,Completed
2023-12-25,Salalah,Wholesale,Laptops,20,276.78,206.61,5535.51,5535.51,1403.4,0.0,Completed
2023-12-26,Salalah,Online,Smartphones,1,248.48,141.46,248.48,248.48,107.02,0.0,Completed
2023-12-26,Sohar,Online,Laptops,5,351.26,228.2,1756.32,1756.32,615.31,0.0,Completed
2023-12-26,Sohar,Retail,Tablets,5,148.0,94.42,740.0,740.0,267.91,0.0,Completed
2023-12-26,Muscat,Online,Laptops,5,323.13,163.25,1615.63,1615.63,799.36,0.0,Completed
2023-12-26,Sohar,Wholesale,Accessories,15,20.06,14.84,300.97,300.97,78.36,0.0,Completed
2023-12-26,Muscat,Retail,Tablets,1,161.65,86.68,161.65,161.65,74.97,0.0,Completed
2023-12-26,Nizwa,Online,Laptops,5,334.98,194.21,1674.9,1674.9,703.84,0.0,Completed
2023-12-26,Nizwa,Retail,Accessories,2,23.24,14.74,46.49,46.49,17.01,0.0,Completed
2023-12-27,Muscat,Retail,Laptops,1,325.34,197.62,325.34,325.34,127.71,0.0,Completed
2023-12-27,Muscat,Retail,Smartphones,4,258.24,132.18,1032.97,1032.97,504.27,0.0,Completed
2023-12-27,Sohar,Retail,Smartphones,2,244.78,169.77,489.57,489.57,150.02,0.0,Completed
2023-12-27,Muscat,Retail,Laptops,4,322.84,194.62,1291.36,1291.36,512.89,0.0,Completed
2023-12-27,Salalah,Retail,Laptops,4,383.4,240.99,1533.61,1533.61,569.65,0.0,Completed
2023-12-27,Salalah,Retail,Smartphones,4,271.95,152.37,1087.8,1087.8,478.34,0.0,Completed
2023-12-27,Muscat,Online,Smartphones,3,233.36,128.49,700.07,700.07,314.61,0.0,Completed
2023-12-27,Salalah,Retail,Smartphones,4,270.2,170.01,1080.8,1080.8,400.75,0.0,Completed
