Date,Branch,Channel,Category,Quantity,Unit Price,Cost,Total Sales,Revenue,Profit,Waste,Status
2023-01-01,Nizwa,Online,Laptops,2,323.0,224.89,645.99,645.99,196.21,0.0,Completed
2023-01-01,Muscat,Retail,Tablets,4,147.94,80.71,591.74,591.74,268.9,0.0,Completed
2023-01-01,Muscat,Wholesale,Smartphones,36,198.57,162.81,7148.67,7148.67,1287.42,0.0,Completed
2023-01-01,Sohar,Retail,Smartphones,3,258.43,158.44,775.29,775.29,299.97,0.0,Completed
2023-01-02,Nizwa,Retail,Accessories,5,23.28,15.88,116.39,116.39,36.98,0.0,Completed
2023-01-02,Nizwa,Online,Smartphones,5,254.17,144.66,1270.85,1270.85,547.54,0.0,Completed
2023-01-02,Salalah,Online,Smartphones,4,273.98,149.72,1095.91,1095.91,497.03,0.0,Completed
2023-01-02,Sohar,Online,Accessories,2,23.39,12.51,46.77,46.77,21.74,0.0,Completed
2023-01-02,Salalah,Retail,Laptops,3,374.28,250.87,1122.85,1122.85,370.23,0.0,Completed
2023-01-02,Salalah,Online,Tablets,5,138.94,87.93,694.7,694.7,255.06,0.0,Completed
2023-01-02,Muscat,Online,Smartphones,4,274.9,140.44,1099.59,1099.59,537.84,0.0,Completed
2023-01-02,Salalah,Retail,Laptops,5,380.2,202.23,1901.01,1901.01,889.86,0.0,Completed
2023-01-03,Muscat,Online,Smartphones,3,253.65,153.43,760.95,760.95,300.65,0.0,Completed
2023-01-03,Muscat,Online,Accessories,1,26.43,14.17,26.43,26.43,12.26,0.0,Completed
2023-01-03,Nizwa,Online,Laptops,3,338.96,222.16,1016.87,1016.87,350.38,0.0,Completed
2023-01-04,Sohar,Online,Wearables,5,78.44,40.42,392.21,392.21,190.11,0.0,Completed
2023-01-04,Nizwa,Retail,Laptops,3,334.21,220.73,1002.63,1002.63,340.45,0.0,Completed
2023-01-04,Sohar,Online,Accessories,5,27.45,15.27,137.26,137.26,60.93,0.0,Completed
2023-01-04,Muscat,Wholesale,Wearables,51,58.6,49.98,2988.78,2988.78,439.96,0.0,Completed
2023-01-04,Muscat,Online,Smartphones,4,257.34,152.83,1029.34,1029.34,418.03,0.0,Completed
2023-01-04,Nizwa,Retail,Tablets,3,155.25,107.72,465.75,465.75,142.59,0.0,Completed
2023-01-05,Sohar,Online,Accessories,4,26.3,17.2,105.22,105.22,36.43,0.0,Completed
2023-01-05,Muscat,Retail,Smartphones,1,265.02,163.74,265.02,265.02,101.29,0.0,Completed
2023-01-05,Sohar,Retail,Tablets,3,156.56,80.31,469.68,469.68,228.77,0.0,Completed
2023-01-05,Salalah,Online,Smartphones,2,234.56,150.34,469.11,469.11,168.43,0.0,Completed
2023-01-05,Nizwa,Retail,Accessories,2,27.15,15.64,54.3,54.3,23.01,0.0,Completed
2023-01-05,Sohar,Retail,Tablets,3,161.52,99.23,484.56,484.56,186.88,0.0,Completed
2023-01-05,Muscat,Online,Smartphones,5,226.43,145.56,1132.17,1132.17,404.38,0.0,Completed
2023-01-05,Salalah,Retail,Laptops,3,317.32,220.02,951.97,951.97,291.89,0.0,Completed
2023-01-06,Salalah,Online,Wearables,2,82.1,53.98,164.2,0.0,-31.77,31.77,Returned
2023-01-06,Salalah,Wholesale,Accessories,11,19.63,15.8,215.94,215.94,42.17,0.0,Completed
2023-01-06,Nizwa,Wholesale,Laptops,33,262.82,168.15,8673.09,8673.09,3124.15,0.0,Completed
2023-01-06,Sohar,Online,Accessories,1,24.3,14.66,24.3,24.3,9.64,0.0,Completed
2023-01-07,Salalah,Wholesale,Accessories,26,18.36,14.21,477.45,477.45,107.94,0.0,Completed
2023-01-07,Muscat,Wholesale,Laptops,75,279.7,182.0,20977.17,20977.17,7327.3,0.0,Completed
2023-01-07,Muscat,Retail,Laptops,3,327.73,201.49,983.2,983.2,378.72,0.0,Completed
2023-01-07,Sohar,Online,Accessories,5,23.95,16.03,119.77,119.77,39.6,0.0,Completed
2023-01-07,Nizwa,Online,Tablets,1,141.81,94.92,141.81,141.81,46.89,0.0,Completed
2023-01-07,Muscat,Retail,Laptops,5,331.69,175.19,1658.45,1658.45,782.48,0.0,Completed
2023-01-07,Sohar,Online,Smartphones,5,236.75,161.3,1183.76,1183.76,377.27,0.0,Completed
2023-01-08,Sohar,Online,Accessories,1,25.6,14.42,25.6,25.6,11.18,0.0,Completed
2023-01-08,Nizwa,Retail,Smartphones,3,243.11,159.28,729.32,729.32,251.49,0.0,Completed
2023-01-08,Muscat,Retail,Smartphones,1,261.62,155.24,261.62,261.62,106.39,0.0,Completed
2023-01-08,Salalah,Online,Accessories,5,27.18,16.9,135.91,135.91,51.41,0.0,Completed
2023-01-09,Muscat,Retail,Laptops,4,367.79,223.48,1471.17,1471.17,577.25,0.0,Completed
2023-01-09,Salalah,Retail,Tablets,1,146.25,77.7,146.25,146.25,68.55,0.0,Completed
2023-01-09,Muscat,Online,Smartphones,5,264.9,179.4,1324.49,1324.49,427.48,0.0,Completed
2023-01-10,Muscat,Online,Laptops,4,322.43,181.35,1289.7,1289.7,564.29,0.0,Completed
2023-01-10,Muscat,Retail,Laptops,4,375.59,253.35,1502.35,1502.35,488.96,0.0,Completed
2023-01-10,Nizwa,Online,Smartphones,1,238.47,143.35,238.47,238.47,95.12,0.0,Completed
2023-01-10,Muscat,Retail,Accessories,2,26.09,15.7,52.18,52.18,20.78,0.0,Completed
2023-01-11,Salalah,Retail,Smartphones,2,274.06,150.62,548.12,548.12,246.87,0.0,Completed
2023-01-11,Muscat,Online,Accessories,4,24.58,16.82,98.34,98.34,31.06,0.0,Completed
2023-01-11,Sohar,Retail,Smartphones,5,240.04,153.44,1200.22,0.0,-758.51,758.51,Returned
2023-01-11,Sohar,Retail,Wearables,4,77.39,51.75,309.57,309.57,102.57,0.0,Completed
2023-01-11,Sohar,Online,Smartphones,4,267.58,138.36,1070.31,1070.31,516.87,0.0,Completed
2023-01-11,Salalah,Retail,Accessories,4,23.11,14.3,92.43,92.43,35.24,0.0,Completed
2023-01-11,Muscat,Retail,Smartphones,1,246.08,127.92,246.08,0.0,-66.22,66.22,Returned
2023-01-11,Muscat,Retail,Tablets,1,136.87,77.04,136.87,136.87,59.82,0.0,Completed
2023-01-12,Muscat,Retail,Tablets,2,158.25,87.39,316.5,316.5,141.73,0.0,Completed
2023-01-12,Muscat,Online,Accessories,2,26.95,17.03,53.89,53.89,19.82,0.0,Completed
2023-01-12,Muscat,Online,Smartphones,3,236.46,125.35,709.37,709.37,333.32,0.0,Completed
2023-01-12,Nizwa,Retail,Smartphones,4,274.75,145.82,1099.01,1099.01,515.73,0.0,Completed
2023-01-12,Sohar,Online,Accessories,4,26.42,14.28,105.68,105.68,48.56,0.0,Completed
2023-01-12,Muscat,Online,Smartphones,3,262.4,153.66,787.19,787.19,326.2,0.0,Completed
2023-01-13,Muscat,Retail,Laptops,5,376.26,210.97,1881.29,1881.29,826.43,0.0,Completed
2023-01-13,Muscat,Retail,Accessories,3,26.32,15.14,78.95,78.95,33.54,0.0,Completed
2023-01-13,Sohar,Retail,Tablets,4,154.29,84.76,617.15,617.15,278.11,0.0,Completed
2023-01-13,Muscat,Online,Smartphones,5,233.74,136.51,1168.7,1168.7,486.16,0.0,Completed
2023-01-13,Sohar,Online,Smartphones,4,228.32,117.77,913.29,913.29,442.2,0.0,Completed
2023-01-13,Muscat,Retail,Smartphones,3,236.49,123.65,709.46,709.46,338.52,0.0,Completed
2023-01-13,Sohar,Retail,Smartphones,3,268.35,181.68,805.04,805.04,260.01,0.0,Completed
2023-01-13,Nizwa,Retail,Smartphones,3,274.09,173.7,822.27,822.27,301.19,0.0,Completed
2023-01-13,Nizwa,Online,Laptops,3,327.29,195.83,981.88,981.88,394.38,0.0,Completed
2023-01-13,Muscat,Online,Smartphones,1,226.4,117.24,226.4,226.4,109.16,0.0,Completed
2023-01-13,Muscat,Retail,Accessories,1,26.64,18.16,26.64,26.64,8.48,0.0,Completed
2023-01-14,Salalah,Online,Laptops,5,337.75,186.71,1688.73,1688.73,755.2,0.0,Completed
2023-01-14,Salalah,Online,Laptops,1,340.11,216.84,340.11,340.11,123.27,0.0,Completed
2023-01-14,Muscat,Online,Tablets,3,162.1,92.32,486.31,486.31,209.34,0.0,Completed
2023-01-14,Muscat,Online,Accessories,1,25.63,14.33,25.63,25.63,11.3,0.0,Completed
2023-01-14,Muscat,Online,Laptops,4,316.94,219.93,1267.75,0.0,-580.52,580.52,Returned
2023-01-15,Salalah,Wholesale,Smartphones,13,186.22,133.24,2420.92,2420.92,688.78,0.0,Completed
2023-01-15,Sohar,Online,Accessories,1,24.73,12.65,24.73,24.73,12.08,0.0,Completed
2023-01-15,Nizwa,Retail,Accessories,2,23.52,14.06,47.03,47.03,18.91,0.0,Completed
2023-01-15,Sohar,Online,Wearables,3,82.99,49.01,248.97,248.97,101.94,0.0,Completed
2023-01-15,Muscat,Wholesale,Tablets,48,114.27,76.45,5485.12,5485.12,1815.46,0.0,Completed
2023-01-15,Nizwa,Retail,Wearables,3,79.05,41.03,237.15,237.15,114.06,0.0,Completed
2023-01-15,Salalah,Retail,Laptops,2,382.26,214.16,764.51,764.51,336.2,0.0,Completed
2023-01-15,Nizwa,Retail,Tablets,2,146.04,86.16,292.08,292.08,119.77,0.0,Completed
2023-01-16,Sohar,Retail,Smartphones,2,234.89,143.42,469.77,469.77,182.93,0.0,Completed
2023-01-16,Salalah,Wholesale,Accessories,42,19.7,14.62,827.39,827.39,213.28,0.0,Completed
2023-01-16,Nizwa,Retail,Smartphones,4,230.05,150.92,920.19,920.19,316.5,0.0,Completed
2023-01-16,Muscat,Wholesale,Smartphones,10,201.31,134.58,2013.08,2013.08,667.32,0.0,Completed
2023-01-17,Salalah,Online,Wearables,2,76.26,47.15,152.53,152.53,58.22,0.0,Completed
2023-01-17,Sohar,Online,Smartphones,3,230.24,117.87,690.72,690.72,337.1,0.0,Completed
2023-01-17,Muscat,Online,Accessories,1,26.66,14.06,26.66,26.66,12.6,0.0,Completed
2023-01-17,Muscat,Retail,Smartphones,3,253.9,137.46,761.71,761.71,349.34,0.0,Completed
2023-01-17,Sohar,Online,Laptops,3,379.85,213.11,1139.55,1139.55,500.21,0.0,Completed
2023-01-17,Muscat,Online,Laptops,1,321.81,209.09,321.81,321.81,112.72,0.0,Completed
2023-01-17,Nizwa,Online,Laptops,1,374.93,203.38,374.93,374.93,171.55,0.0,Completed
2023-01-18,Salalah,Online,Smartphones,3,267.96,142.3,803.87,803.87,376.98,0.0,Completed
2023-01-18,Nizwa,Retail,Accessories,4,23.84,12.24,95.35,95.35,46.37,0.0,Completed
2023-01-18,Muscat,Online,Smartphones,4,235.71,161.2,942.82,942.82,298.01,0.0,Completed
2023-01-18,Muscat,Retail,Wearables,4,82.98,57.89,331.9,331.9,100.33,0.0,Completed
2023-01-18,Salalah,Online,Laptops,2,377.94,207.68,755.89,755.89,340.53,0.0,Completed
2023-01-18,Salalah,Online,Tablets,2,152.27,86.12,304.53,304.53,132.29,0.0,Completed
2023-01-19,Muscat,Retail,Smartphones,5,274.12,154.17,1370.58,1370.58,599.72,0.0,Completed
2023-01-19,Nizwa,Online,Accessories,5,24.86,17.14,124.29,124.29,38.58,0.0,Completed
2023-01-19,Muscat,Online,Laptops,5,355.16,226.18,1775.82,1775.82,644.91,0.0,Completed
2023-01-19,Sohar,Online,Smartphones,1,255.34,158.67,255.34,0.0,-34.05,34.05,Returned
2023-01-19,Muscat,Retail,Tablets,3,158.17,103.04,474.52,474.52,165.4,0.0,Completed
2023-01-20,Sohar,Wholesale,Accessories,38,19.41,16.93,737.47,737.47,94.22,0.0,Completed
2023-01-20,Sohar,Online,Smartphones,5,253.79,176.28,1268.93,1268.93,387.54,0.0,Completed
2023-01-20,Nizwa,Retail,Smartphones,4,259.22,176.48,1036.87,1036.87,330.95,0.0,Completed
2023-01-20,Salalah,Online,Accessories,4,23.37,12.0,93.49,93.49,45.5,0.0,Completed
2023-01-20,Nizwa,Retail,Accessories,4,27.03,18.21,108.13,108.13,35.3,0.0,Completed
2023-01-20,Muscat,Wholesale,Smartphones,33,203.84,140.23,6726.77,6726.77,2099.06,0.0,Completed
2023-01-20,Nizwa,Retail,Tablets,3,145.58,101.37,436.75,436.75,132.63,0.0,Completed
2023-01-21,Sohar,Wholesale,Accessories,17,20.36,17.09,346.08,346.08,55.48,0.0,Completed
2023-01-21,Muscat,Online,Tablets,4,162.58,111.69,650.31,650.31,203.57,0.0,Completed
2023-01-21,Sohar,Retail,Smartphones,2,239.11,145.73,478.22,478.22,186.76,0.0,Completed
2023-01-21,Muscat,Retail,Smartphones,2,256.19,176.08,512.38,512.38,160.21,0.0,Completed
2023-01-21,Nizwa,Online,Laptops,2,315.48,196.44,630.97,630.97,238.09,0.0,Completed
2023-01-21,Muscat,Retail,Smartphones,1,266.1,148.96,266.1,266.1,117.15,0.0,Completed
2023-01-21,Salalah,Online,Accessories,1,22.82,12.84,22.82,22.82,9.98,0.0,Completed
2023-01-21,Muscat,Retail,Laptops,4,353.87,207.71,1415.47,1415.47,584.62,0.0,Completed
2023-01-21,Muscat,Online,Smartphones,2,238.84,139.08,477.68,477.68,199.51,0.0,Completed
2023-01-22,Salalah,Retail,Accessories,2,24.29,16.35,48.59,48.59,15.89,0.0,Completed
2023-01-22,Muscat,Retail,Smartphones,2,246.06,166.64,492.12,492.12,158.83,0.0,Completed
2023-01-22,Nizwa,Retail,Laptops,2,318.42,176.69,636.84,636.84,283.47,0.0,Completed
2023-01-23,Muscat,Online,Smartphones,3,258.59,156.27,775.78,775.78,306.96,0.0,Completed
2023-01-23,Sohar,Retail,Accessories,1,26.19,14.51,26.19,26.19,11.67,0.0,Completed
2023-01-23,Salalah,Retail,Wearables,2,74.93,51.59,149.87,149.87,46.7,0.0,Completed
2023-01-23,Muscat,Retail,Tablets,4,151.98,100.82,607.91,607.91,204.64,0.0,Completed
2023-01-23,Nizwa,Wholesale,Laptops,100,295.45,215.74,29545.45,29545.45,7970.95,0.0,Completed
2023-01-24,Salalah,Retail,Tablets,3,139.18,95.69,417.54,417.54,130.45,0.0,Completed
2023-01-24,Muscat,Retail,Tablets,3,154.02,82.25,462.05,462.05,215.3,0.0,Completed
2023-01-24,Salalah,Retail,Wearables,2,78.86,50.14,157.72,0.0,-85.77,85.77,Returned
2023-01-24,Sohar,Retail,Wearables,2,84.56,52.13,169.13,169.13,64.88,0.0,Completed
2023-01-24,Muscat,Retail,Smartphones,2,227.88,116.44,455.76,455.76,222.87,0.0,Completed
2023-01-25,Sohar,Online,Smartphones,3,238.33,146.62,714.98,714.98,275.13,0.0,Completed
2023-01-25,Muscat,Retail,Smartphones,2,241.36,156.53,482.71,482.71,169.64,0.0,Completed
2023-01-25,Muscat,Wholesale,Wearables,90,60.68,45.7,5461.45,5461.45,1348.01,0.0,Completed
2023-01-25,Muscat,Online,Wearables,2,82.79,45.43,165.59,165.59,74.73,0.0,Completed
2023-01-25,Muscat,Retail,Laptops,2,338.92,187.12,677.84,677.84,303.59,0.0,Completed
2023-01-25,Salalah,Retail,Smartphones,4,229.67,132.78,918.7,918.7,387.59,0.0,Completed
2023-01-25,Muscat,Online,Accessories,5,24.31,13.91,121.56,121.56,52.0,0.0,Completed
2023-01-25,Sohar,Retail,Accessories,3,26.61,18.6,79.82,79.82,24.03,0.0,Completed
2023-01-26,Muscat,Retail,Smartphones,4,265.38,167.4,1061.53,1061.53,391.93,0.0,Completed
2023-01-26,Salalah,Online,Smartphones,1,256.34,153.31,256.34,256.34,103.03,0.0,Completed
2023-01-26,Sohar,Online,Smartphones,3,259.33,131.76,777.99,777.99,382.69,0.0,Completed
2023-01-26,Muscat,Online,Smartphones,5,258.34,147.42,1291.71,1291.71,554.6,0.0,Completed
2023-01-27,Salalah,Retail,Laptops,5,330.45,166.83,1652.24,1652.24,818.08,0.0,Completed
2023-01-27,Muscat,Retail,Smartphones,1,237.95,144.57,237.95,237.95,93.38,0.0,Completed
2023-01-27,Salalah,Wholesale,Wearables,22,66.45,56.13,1461.85,1461.85,226.96,0.0,Completed
2023-01-27,Muscat,Retail,Accessories,4,26.3,17.48,105.21,0.0,-55.62,55.62,Returned
2023-01-28,Sohar,Retail,Smartphones,3,254.9,158.96,764.7,764.7,287.8,0.0,Completed
2023-01-28,Salalah,Retail,Tablets,5,163.47,98.13,817.35,817.35,326.72,0.0,Completed
2023-01-28,Muscat,Wholesale,Laptops,12,277.18,221.12,3326.21,3326.21,672.73,0.0,Completed
2023-01-28,Salalah,Retail,Wearables,5,77.83,48.26,389.16,389.16,147.86,0.0,Completed
2023-01-28,Muscat,Online,Smartphones,3,273.33,166.56,819.99,819.99,320.3,0.0,Completed
2023-01-28,Muscat,Retail,Wearables,2,75.15,41.23,150.31,150.31,67.86,0.0,Completed
2023-01-28,Salalah,Retail,Laptops,3,346.07,201.89,1038.21,1038.21,432.55,0.0,Completed
2023-01-28,Muscat,Retail,Smartphones,4,241.45,159.37,965.81,965.81,328.32,0.0,Completed
2023-01-29,Sohar,Wholesale,Laptops,36,261.28,185.27,9406.15,9406.15,2736.32,0.0,Completed
2023-01-29,Salalah,Retail,Smartphones,4,244.18,136.03,976.7,976.7,432.59,0.0,Completed
2023-01-29,Muscat,Wholesale,Tablets,13,118.93,78.17,1546.07,1546.07,529.8,0.0,Completed
2023-01-29,Nizwa,Online,Laptops,4,348.33,213.73,1393.33,1393.33,538.42,0.0,Completed
2023-01-29,Muscat,Online,Wearables,2,75.91,46.76,151.83,151.83,58.31,0.0,Completed
2023-01-29,Sohar,Online,Laptops,3,359.61,187.05,1078.84,1078.84,517.68,0.0,Completed
2023-01-29,Sohar,Retail,Smartphones,3,231.09,133.2,693.28,693.28,293.67,0.0,Completed
2023-01-29,Muscat,Online,Tablets,4,154.61,105.34,618.44,618.44,197.06,0.0,Completed
2023-01-30,Salalah,Wholesale,Laptops,38,271.8,181.37,10328.24,10328.24,3436.32,0.0,Completed
2023-01-30,Nizwa,Retail,Accessories,3,25.35,16.81,76.06,76.06,25.62,0.0,Completed
2023-01-30,Muscat,Online,Smartphones,4,259.45,134.99,1037.82,1037.82,497.85,0.0,Completed
2023-01-30,Muscat,Wholesale,Laptops,85,298.93,210.0,25409.19,25409.19,7558.81,0.0,Completed
2023-01-30,Muscat,Retail,Tablets,5,162.13,107.02,810.65,810.65,275.56,0.0,Completed
2023-01-30,Muscat,Online,Accessories,3,26.16,17.07,78.49,78.49,27.3,0.0,Completed
2023-01-31,Muscat,Retail,Laptops,3,376.5,221.66,1129.51,1129.51,464.52,0.0,Completed
2023-01-31,Salalah,Retail,Laptops,1,367.53,207.08,367.53,367.53,160.45,0.0,Completed
2023-01-31,Salalah,Retail,Smartphones,4,262.45,154.82,1049.8,1049.8,430.52,0.0,Completed
2023-01-31,Muscat,Retail,Smartphones,1,234.11,150.78,234.11,234.11,83.33,0.0,Completed
2023-01-31,Salalah,Retail,Accessories,5,24.14,16.06,120.71,120.71,40.41,0.0,Completed
2023-01-31,Nizwa,Retail,Accessories,5,23.61,15.92,118.05,118.05,38.43,0.0,Completed
2023-01-31,Nizwa,Online,Wearables,5,85.4,52.64,427.01,427.01,163.81,0.0,Completed
2023-01-31,Sohar,Online,Laptops,2,368.24,241.76,736.47,736.47,252.95,0.0,Completed
2023-02-01,Muscat,Online,Tablets,5,143.1,77.45,715.49,715.49,328.24,0.0,Completed
2023-02-01,Muscat,Retail,Tablets,1,151.55,77.16,151.55,151.55,74.39,0.0,Completed
2023-02-01,Nizwa,Retail,Smartphones,1,263.29,146.77,263.29,263.29,116.52,0.0,Completed
2023-02-01,Salalah,Retail,Wearables,1,75.75,44.48,75.75,75.75,31.27,0.0,Completed
2023-02-01,Sohar,Wholesale,Smartphones,80,206.72,159.12,16537.39,16537.39,3807.94,0.0,Completed
2023-02-01,Muscat,Wholesale,Accessories,33,19.16,12.73,632.13,632.13,212.05,0.0,Completed
2023-02-01,Nizwa,Online,Smartphones,2,272.55,180.65,545.11,545.11,183.81,0.0,Completed
2023-02-01,Muscat,Wholesale,Smartphones,90,206.55,148.83,18589.18,18589.18,5194.06,0.0,Completed
2023-02-01,Sohar,Online,Smartphones,5,268.84,149.52,1344.21,1344.21,596.62,0.0,Completed
2023-02-02,Muscat,Retail,Smartphones,5,235.4,131.82,1176.98,1176.98,517.89,0.0,Completed
2023-02-02,Salalah,Retail,Laptops,1,321.39,200.81,321.39,321.39,120.58,0.0,Completed
2023-02-02,Muscat,Retail,Smartphones,5,274.76,168.34,1373.82,1373.82,532.13,0.0,Completed
2023-02-03,Muscat,Online,Accessories,2,22.63,12.09,45.27,45.27,21.09,0.0,Completed
2023-02-03,Muscat,Online,Smartphones,1,239.65,146.67,239.65,239.65,92.98,0.0,Completed
2023-02-04,Sohar,Retail,Accessories,2,23.46,11.77,46.91,46.91,23.38,0.0,Completed
2023-02-04,Muscat,Retail,Laptops,1,354.85,189.08,354.85,354.85,165.77,0.0,Completed
2023-02-04,Muscat,Retail,Smartphones,1,236.28,159.25,236.28,236.28,77.04,0.0,Completed
2023-02-04,Sohar,Retail,Tablets,5,138.57,70.67,692.86,692.86,339.5,0.0,Completed
2023-02-04,Salalah,Online,Accessories,1,24.2,13.07,24.2,24.2,11.12,0.0,Completed
2023-02-04,Muscat,Online,Smartphones,2,244.69,152.38,489.39,489.39,184.63,0.0,Completed
2023-02-04,Muscat,Online,Smartphones,2,247.79,143.03,495.58,495.58,209.52,0.0,Completed
2023-02-04,Muscat,Retail,Wearables,1,75.23,42.52,75.23,75.23,32.71,0.0,Completed
2023-02-05,Salalah,Retail,Accessories,3,25.22,15.63,75.66,75.66,28.76,0.0,Completed
2023-02-05,Nizwa,Retail,Smartphones,1,235.45,123.68,235.45,235.45,111.76,0.0,Completed
2023-02-05,Salalah,Wholesale,Wearables,52,64.88,56.36,3373.71,3373.71,442.73,0.0,Completed
2023-02-05,Nizwa,Retail,Laptops,4,326.06,182.19,1304.25,1304.25,575.5,0.0,Completed
2023-02-05,Sohar,Retail,Smartphones,5,256.8,177.68,1283.99,1283.99,395.58,0.0,Completed
2023-02-05,Muscat,Wholesale,Smartphones,76,211.86,163.27,16101.5,16101.5,3692.75,0.0,Completed
2023-02-05,Salalah,Retail,Laptops,4,349.25,232.05,1397.01,1397.01,468.79,0.0,Completed
2023-02-05,Muscat,Retail,Laptops,1,373.18,211.84,373.18,373.18,161.34,0.0,Completed
2023-02-06,Nizwa,Wholesale,Smartphones,90,197.39,159.15,17765.15,17765.15,3441.33,0.0,Completed
2023-02-06,Sohar,Retail,Smartphones,2,245.73,161.96,491.45,491.45,167.53,0.0,Completed
2023-02-07,Salalah,Online,Laptops,4,315.74,199.71,1262.96,1262.96,464.12,0.0,Completed
2023-02-07,Muscat,Online,Accessories,3,25.36,14.64,76.09,76.09,32.17,0.0,Completed
2023-02-07,Sohar,Online,Accessories,5,23.1,15.31,115.5,115.5,38.93,0.0,Completed
2023-02-07,Nizwa,Online,Smartphones,1,237.44,127.28,237.44,237.44,110.16,0.0,Completed
2023-02-07,Sohar,Retail,Tablets,3,145.48,95.29,436.45,436.45,150.57,0.0,Completed
2023-02-07,Sohar,Wholesale,Smartphones,68,191.19,160.92,13000.8,13000.8,2058.38,0.0,Completed
2023-02-08,Salalah,Retail,Laptops,3,327.15,218.49,981.46,981.46,326.0,0.0,Completed
2023-02-08,Nizwa,Retail,Smartphones,5,265.12,146.65,1325.59,1325.59,592.35,0.0,Completed
2023-02-08,Muscat,Online,Tablets,5,141.12,70.79,705.62,705.62,351.69,0.0,Completed
2023-02-08,Nizwa,Online,Smartphones,5,244.8,126.72,1224.02,1224.02,590.43,0.0,Completed
2023-02-09,Muscat,Retail,Smartphones,1,267.14,166.63,267.14,267.14,100.51,0.0,Completed
2023-02-09,Muscat,Wholesale,Smartphones,33,205.65,155.15,6786.36,6786.36,1666.56,0.0,Completed
2023-02-09,Salalah,Wholesale,Smartphones,64,211.64,147.26,13544.84,13544.84,4120.01,0.0,Completed
2023-02-09,Salalah,Retail,Accessories,3,23.2,13.92,69.61,0.0,-21.15,21.15,Returned
2023-02-09,Salalah,Online,Accessories,2,24.14,14.76,48.29,48.29,18.76,0.0,Completed
2023-02-09,Salalah,Wholesale,Laptops,90,254.5,164.9,22904.86,22904.86,8064.07,0.0,Completed
2023-02-10,Salalah,Online,Accessories,2,25.18,15.37,50.35,50.35,19.62,0.0,Completed
2023-02-10,Muscat,Online,Smartphones,1,262.08,172.64,262.08,262.08,89.44,0.0,Completed
2023-02-10,Salalah,Online,Smartphones,4,265.12,144.63,1060.48,1060.48,481.97,0.0,Completed
2023-02-10,Muscat,Online,Smartphones,3,225.18,138.02,675.54,675.54,261.49,0.0,Completed
2023-02-10,Nizwa,Retail,Smartphones,1,257.37,149.82,257.37,257.37,107.56,0.0,Completed
2023-02-10,Muscat,Retail,Accessories,1,25.45,17.21,25.45,25.45,8.24,0.0,Completed
2023-02-11,Sohar,Online,Laptops,1,334.83,169.67,334.83,334.83,165.17,0.0,Completed
2023-02-11,Muscat,Online,Accessories,2,26.75,14.23,53.5,53.5,25.04,0.0,Completed
2023-02-11,Salalah,Online,Laptops,2,365.82,254.86,731.64,731.64,221.91,0.0,Completed
2023-02-11,Nizwa,Retail,Accessories,1,24.25,16.49,24.25,24.25,7.76,0.0,Completed
2023-02-11,Muscat,Online,Accessories,2,22.56,14.22,45.12,45.12,16.68,0.0,Completed
2023-02-11,Muscat,Retail,Wearables,1,83.23,55.45,83.23,83.23,27.78,0.0,Completed
2023-02-11,Muscat,Retail,Smartphones,4,251.82,138.92,1007.28,1007.28,451.58,0.0,Completed
2023-02-12,Sohar,Retail,Smartphones,5,241.65,143.77,1208.25,1208.25,489.42,0.0,Completed
2023-02-12,Sohar,Wholesale,Laptops,60,278.15,198.02,16689.24,16689.24,4808.07,0.0,Completed
2023-02-12,Salalah,Retail,Smartphones,5,230.94,142.75,1154.69,1154.69,440.92,0.0,Completed
2023-02-12,Salalah,Retail,Smartphones,2,260.47,150.19,520.94,520.94,220.56,0.0,Completed
2023-02-12,Salalah,Retail,Wearables,4,80.1,42.24,320.42,320.42,151.46,0.0,Completed
2023-02-13,Salalah,Retail,Smartphones,3,246.96,161.23,740.89,740.89,257.2,0.0,Completed
2023-02-13,Muscat,Wholesale,Accessories,19,19.85,14.87,377.21,377.21,94.75,0.0,Completed
2023-02-13,Sohar,Online,Laptops,5,326.87,192.68,1634.36,1634.36,670.95,0.0,Completed
2023-02-13,Muscat,Online,Accessories,4,27.03,15.13,108.13,108.13,47.62,0.0,Completed
2023-02-13,Salalah,Wholesale,Smartphones,45,185.74,118.57,8358.35,8358.35,3022.67,0.0,Completed
2023-02-14,Salalah,Retail,Smartphones,5,267.75,182.07,1338.73,1338.73,428.37,0.0,Completed
2023-02-14,Muscat,Retail,Laptops,3,330.53,198.0,991.58,991.58,397.57,0.0,Completed
2023-02-14,Muscat,Online,Accessories,1,26.6,16.22,26.6,26.6,10.39,0.0,Completed
2023-02-15,Nizwa,Retail,Tablets,1,136.86,71.81,136.86,136.86,65.05,0.0,Completed
2023-02-15,Salalah,Online,Accessories,3,26.71,13.77,80.14,80.14,38.82,0.0,Completed
2023-02-15,Salalah,Wholesale,Laptops,95,300.52,200.81,28549.01,28549.01,9472.28,0.0,Completed
2023-02-16,Salalah,Retail,Laptops,3,372.87,229.76,1118.61,1118.61,429.32,0.0,Completed
2023-02-16,Salalah,Retail,Laptops,2,331.29,198.83,662.57,662.57,264.9,0.0,Completed
2023-02-16,Muscat,Online,Smartphones,2,234.42,154.95,468.84,468.84,158.94,0.0,Completed
2023-02-16,Muscat,Online,Laptops,1,355.78,198.07,355.78,355.78,157.72,0.0,Completed
2023-02-16,Salalah,Online,Smartphones,2,256.86,175.12,513.72,513.72,163.49,0.0,Completed
2023-02-16,Nizwa,Retail,Accessories,1,22.7,11.77,22.7,22.7,10.93,0.0,Completed
2023-02-17,Nizwa,Retail,Wearables,3,81.66,45.02,244.99,244.99,109.93,0.0,Completed
2023-02-17,Muscat,Wholesale,Smartphones,42,216.58,177.13,9096.45,9096.45,1657.18,0.0,Completed
2023-02-17,Muscat,Retail,Accessories,5,23.51,13.87,117.56,117.56,48.2,0.0,Completed
2023-02-17,Salalah,Online,Accessories,1,26.23,14.58,26.23,26.23,11.65,0.0,Completed
2023-02-17,Muscat,Retail,Laptops,5,376.03,215.4,1880.14,1880.14,803.12,0.0,Completed
2023-02-17,Muscat,Online,Accessories,3,22.57,11.8,67.72,67.72,32.32,0.0,Completed
2023-02-17,Nizwa,Retail,Tablets,3,156.83,99.5,470.5,470.5,172.0,0.0,Completed
2023-02-18,Nizwa,Retail,Smartphones,3,269.36,185.31,808.08,808.08,252.15,0.0,Completed
2023-02-18,Salalah,Online,Accessories,1,25.93,16.65,25.93,25.93,9.28,0.0,Completed
2023-02-18,Muscat,Retail,Accessories,3,22.77,12.23,68.31,68.31,31.63,0.0,Completed
2023-02-18,Nizwa,Online,Laptops,2,339.5,207.98,678.99,678.99,263.04,0.0,Completed
2023-02-18,Salalah,Retail,Smartphones,3,272.09,172.04,816.26,0.0,-420.48,420.48,Returned
2023-02-18,Muscat,Retail,Accessories,2,23.69,12.31,47.38,47.38,22.76,0.0,Completed
2023-02-19,Muscat,Retail,Smartphones,2,257.17,170.42,514.34,514.34,173.51,0.0,Completed
2023-02-19,Muscat,Retail,Smartphones,1,238.74,123.84,238.74,238.74,114.9,0.0,Completed
2023-02-19,Muscat,Online,Smartphones,3,240.39,127.65,721.17,721.17,338.21,0.0,Completed
2023-02-19,Muscat,Retail,Tablets,3,140.18,90.74,420.55,420.55,148.33,0.0,Completed
2023-02-19,Nizwa,Online,Laptops,3,317.17,220.0,951.51,951.51,291.51,0.0,Completed
2023-02-19,Muscat,Retail,Smartphones,2,267.15,184.03,534.31,534.31,166.26,0.0,Completed
2023-02-19,Salalah,Online,Accessories,4,26.68,16.33,106.71,106.71,41.4,0.0,Completed
2023-02-19,Nizwa,Retail,Accessories,5,25.76,13.11,128.78,128.78,63.22,0.0,Completed
2023-02-19,Sohar,Retail,Accessories,5,26.6,13.62,133.02,133.02,64.93,0.0,Completed
2023-02-19,Muscat,Online,Wearables,5,78.95,45.02,394.77,394.77,169.67,0.0,Completed
2023-02-19,Sohar,Retail,Smartphones,1,231.62,134.43,231.62,231.62,97.19,0.0,Completed
2023-02-19,Sohar,Retail,Accessories,3,25.27,16.47,75.81,75.81,26.41,0.0,Completed
2023-02-19,Sohar,Online,Accessories,4,26.27,18.09,105.08,105.08,32.71,0.0,Completed
2023-02-20,Salalah,Online,Accessories,1,26.13,16.31,26.13,26.13,9.82,0.0,Completed
2023-02-20,Muscat,Retail,Laptops,4,340.87,210.31,1363.47,1363.47,522.22,0.0,Completed
2023-02-20,Salalah,Retail,Smartphones,5,246.38,131.79,1231.9,1231.9,572.97,0.0,Completed
2023-02-20,Salalah,Retail,Smartphones,1,247.22,138.72,247.22,247.22,108.5,0.0,Completed
2023-02-20,Nizwa,Online,Tablets,4,140.52,74.8,562.07,562.07,262.86,0.0,Completed
2023-02-21,Sohar,Retail,Accessories,1,25.07,14.03,25.07,25.07,11.04,0.0,Completed
2023-02-21,Muscat,Wholesale,Smartphones,56,195.62,168.22,10954.48,10954.48,1534.04,0.0,Completed
2023-02-21,Nizwa,Wholesale,Laptops,54,294.86,196.76,15922.27,15922.27,5297.1,0.0,Completed
2023-02-21,Sohar,Online,Smartphones,1,258.83,167.49,258.83,258.83,91.34,0.0,Completed
2023-02-22,Sohar,Retail,Smartphones,4,233.86,143.74,935.46,935.46,360.51,0.0,Completed
2023-02-22,Sohar,Retail,Smartphones,3,232.38,144.65,697.13,697.13,263.17,0.0,Completed
2023-02-22,Salalah,Wholesale,Laptops,55,273.65,234.51,15050.65,15050.65,2152.59,0.0,Completed
2023-02-22,Sohar,Online,Accessories,3,26.36,15.55,79.08,79.08,32.42,0.0,Completed
2023-02-22,Nizwa,Wholesale,Tablets,16,108.78,79.57,1740.53,1740.53,467.35,0.0,Completed
2023-02-22,Muscat,Retail,Smartphones,4,237.51,123.83,950.06,950.06,454.74,0.0,Completed
2023-02-22,Salalah,Online,Smartphones,1,251.41,137.99,251.41,251.41,113.43,0.0,Completed
2023-02-23,Sohar,Online,Wearables,4,79.76,45.9,319.04,319.04,135.45,0.0,Completed
2023-02-23,Muscat,Retail,Accessories,1,25.54,16.89,25.54,25.54,8.65,0.0,Completed
2023-02-23,Muscat,Online,Laptops,1,374.93,232.54,374.93,374.93,142.39,0.0,Completed
2023-02-23,Sohar,Retail,Accessories,3,24.25,13.72,72.74,72.74,31.59,0.0,Completed
2023-02-24,Muscat,Retail,Smartphones,4,249.74,164.67,998.96,998.96,340.27,0.0,Completed
2023-02-24,Muscat,Retail,Laptops,4,315.65,159.0,1262.6,1262.6,626.6,0.0,Completed
2023-02-24,Salalah,Retail,Smartphones,2,228.48,130.75,456.96,456.96,195.47,0.0,Completed
2023-02-24,Nizwa,Retail,Smartphones,2,242.29,153.2,484.58,484.58,178.18,0.0,Completed
2023-02-24,Salalah,Online,Tablets,4,154.19,99.6,616.74,616.74,218.32,0.0,Completed
2023-02-24,Nizwa,Online,Smartphones,2,245.26,147.86,490.52,490.52,194.79,0.0,Completed
2023-02-25,Salalah,Retail,Laptops,1,367.7,198.28,367.7,367.7,169.42,0.0,Completed
2023-02-25,Muscat,Retail,Smartphones,3,254.25,149.0,762.74,762.74,315.73,0.0,Completed
2023-02-25,Salalah,Wholesale,Accessories,19,21.49,18.8,408.28,408.28,51.05,0.0,Completed
2023-02-25,Salalah,Retail,Tablets,4,148.85,88.12,595.41,595.41,242.93,0.0,Completed
2023-02-25,Sohar,Retail,Smartphones,1,229.59,152.11,229.59,229.59,77.48,0.0,Completed
2023-02-26,Sohar,Online,Smartphones,2,245.71,164.49,491.43,491.43,162.44,0.0,Completed
2023-02-26,Salalah,Retail,Smartphones,4,227.27,129.69,909.08,0.0,-446.13,446.13,Returned
2023-02-26,Muscat,Retail,Tablets,5,141.71,88.8,708.56,708.56,264.55,0.0,Completed
2023-02-26,Muscat,Wholesale,Wearables,95,60.31,45.51,5729.79,5729.79,1406.16,0.0,Completed
2023-02-26,Nizwa,Online,Accessories,4,23.2,11.79,92.81,0.0,-10.12,10.12,Returned
2023-02-27,Muscat,Online,Accessories,3,24.44,13.54,73.32,73.32,32.7,0.0,Completed
2023-02-27,Muscat,Retail,Smartphones,5,245.9,145.2,1229.5,1229.5,503.52,0.0,Completed
2023-02-27,Salalah,Retail,Accessories,4,23.38,11.98,93.54,93.54,45.61,0.0,Completed
2023-02-27,Sohar,Wholesale,Smartphones,34,185.26,154.49,6298.74,6298.74,1046.04,0.0,Completed
2023-02-27,Salalah,Wholesale,Tablets,13,112.64,71.99,1464.36,1464.36,528.49,0.0,Completed
2023-02-27,Salalah,Retail,Smartphones,4,229.12,119.52,916.47,916.47,438.39,0.0,Completed
2023-02-27,Muscat,Online,Tablets,4,153.26,92.5,613.06,613.06,243.07,0.0,Completed
2023-02-27,Salalah,Online,Smartphones,3,246.25,156.84,738.75,738.75,268.24,0.0,Completed
2023-02-28,Salalah,Online,Tablets,4,141.74,87.23,566.95,566.95,218.02,0.0,Completed
2023-02-28,Sohar,Retail,Smartphones,5,273.5,140.85,1367.51,1367.51,663.24,0.0,Completed
2023-02-28,Salalah,Online,Tablets,2,140.92,77.12,281.84,281.84,127.59,0.0,Completed
2023-02-28,Muscat,Online,Smartphones,2,236.92,123.42,473.84,0.0,-210.17,210.17,Returned
2023-02-28,Sohar,Retail,Smartphones,2,225.79,140.99,451.58,451.58,169.61,0.0,Completed
2023-02-28,Muscat,Retail,Accessories,2,27.41,17.41,54.81,54.81,19.99,0.0,Completed
2023-02-28,Salalah,Wholesale,Tablets,65,124.48,85.84,8091.09,0.0,-3861.11,3861.11,Returned
2023-03-01,Sohar,Retail,Tablets,1,158.01,91.28,158.01,158.01,66.73,0.0,Completed
2023-03-01,Salalah,Retail,Wearables,5,72.71,47.55,363.54,363.54,125.78,0.0,Completed
2023-03-01,Muscat,Online,Wearables,5,77.55,45.34,387.76,387.76,161.08,0.0,Completed
2023-03-01,Sohar,Online,Smartphones,5,237.72,148.05,1188.6,1188.6,448.34,0.0,Completed
2023-03-01,Nizwa,Online,Accessories,2,23.97,15.13,47.94,47.94,17.69,0.0,Completed
2023-03-02,Nizwa,Online,Smartphones,3,232.52,125.52,697.57,697.57,321.02,0.0,Completed
2023-03-02,Muscat,Online,Smartphones,5,228.47,158.49,1142.36,1142.36,349.94,0.0,Completed
2023-03-02,Muscat,Retail,Laptops,2,355.55,189.82,711.1,711.1,331.46,0.0,Completed
2023-03-02,Sohar,Online,Tablets,5,146.89,85.72,734.46,734.46,305.88,0.0,Completed
2023-03-03,Muscat,Retail,Accessories,1,25.17,16.96,25.17,25.17,8.21,0.0,Completed
2023-03-03,Muscat,Wholesale,Wearables,80,59.42,42.16,4753.3,0.0,-1906.03,1906.03,Returned
2023-03-03,Sohar,Retail,Tablets,3,145.85,75.77,437.54,437.54,210.23,0.0,Completed
2023-03-03,Muscat,Online,Smartphones,4,240.87,131.68,963.49,963.49,436.76,0.0,Completed
2023-03-03,Muscat,Retail,Accessories,1,26.18,13.29,26.18,26.18,12.89,0.0,Completed
2023-03-04,Sohar,Online,Smartphones,1,243.41,137.48,243.41,243.41,105.93,0.0,Completed
2023-03-04,Muscat,Online,Accessories,2,23.69,15.11,47.38,47.38,17.15,0.0,Completed
2023-03-04,Nizwa,Online,Accessories,3,24.11,14.8,72.33,72.33,27.93,0.0,Completed
2023-03-05,Salalah,Retail,Laptops,3,377.48,240.13,1132.44,1132.44,412.05,0.0,Completed
2023-03-05,Muscat,Online,Wearables,1,82.76,50.13,82.76,82.76,32.62,0.0,Completed
2023-03-05,Muscat,Online,Smartphones,3,255.57,158.3,766.71,0.0,-374.18,374.18,Returned
2023-03-05,Salalah,Online,Smartphones,3,229.58,121.38,688.73,688.73,324.6,0.0,Completed
2023-03-06,Salalah,Retail,Accessories,3,23.31,11.87,69.94,69.94,34.32,0.0,Completed
2023-03-06,Salalah,Retail,Laptops,5,367.96,250.11,1839.79,1839.79,589.25,0.0,Completed
2023-03-06,Sohar,Online,Accessories,2,23.02,14.99,46.04,46.04,16.07,0.0,Completed
2023-03-06,Sohar,Retail,Smartphones,2,254.08,159.68,508.15,508.15,188.79,0.0,Completed
2023-03-06,Salalah,Retail,Accessories,1,27.24,15.41,27.24,27.24,11.83,0.0,Completed
2023-03-07,Sohar,Online,Smartphones,5,261.17,157.1,1305.84,1305.84,520.36,0.0,Completed
2023-03-07,Salalah,Retail,Accessories,5,25.91,17.04,129.57,129.57,44.36,0.0,Completed
2023-03-07,Sohar,Retail,Smartphones,4,263.75,169.98,1054.99,1054.99,375.05,0.0,Completed
2023-03-07,Nizwa,Wholesale,Smartphones,65,191.18,121.92,12426.53,12426.53,4501.43,0.0,Completed
2023-03-07,Salalah,Retail,Smartphones,4,274.1,190.93,1096.38,1096.38,332.67,0.0,Completed
2023-03-07,Sohar,Retail,Laptops,4,317.4,199.07,1269.58,1269.58,473.32,0.0,Completed
2023-03-07,Sohar,Retail,Laptops,4,337.51,211.8,1350.03,1350.03,502.83,0.0,Completed
2023-03-07,Salalah,Online,Accessories,3,27.19,16.65,81.58,81.58,31.63,0.0,Completed
2023-03-07,Muscat,Online,Accessories,3,26.88,18.44,80.63,80.63,25.31,0.0,Completed
2023-03-07,Muscat,Retail,Accessories,3,22.74,14.85,68.21,68.21,23.68,0.0,Completed
2023-03-08,Muscat,Online,Accessories,5,26.53,18.39,132.64,132.64,40.67,0.0,Completed
2023-03-08,Nizwa,Online,Smartphones,4,250.85,170.57,1003.41,1003.41,321.15,0.0,Completed
2023-03-08,Muscat,Retail,Tablets,2,162.34,98.04,324.67,324.67,128.59,0.0,Completed
2023-03-08,Salalah,Retail,Smartphones,2,245.71,146.06,491.42,491.42,199.3,0.0,Completed
2023-03-08,Muscat,Online,Laptops,1,371.18,230.81,371.18,371.18,140.36,0.0,Completed
2023-03-09,Sohar,Wholesale,Accessories,48,19.11,13.96,917.28,917.28,247.02,0.0,Completed
2023-03-09,Salalah,Online,Tablets,5,151.62,95.88,758.08,758.08,278.68,0.0,Completed
2023-03-09,Sohar,Retail,Wearables,4,87.91,53.12,351.64,351.64,139.15,0.0,Completed
2023-03-10,Nizwa,Retail,Wearables,2,77.29,45.15,154.58,154.58,64.28,0.0,Completed
2023-03-10,Salalah,Retail,Laptops,1,340.13,175.94,340.13,340.13,164.19,0.0,Completed
2023-03-10,Muscat,Online,Smartphones,3,257.7,145.73,773.09,773.09,335.89,0.0,Completed
2023-03-10,Muscat,Retail,Smartphones,1,227.6,114.59,227.6,0.0,-27.75,27.75,Returned
2023-03-11,Salalah,Retail,Accessories,1,26.93,16.79,26.93,26.93,10.13,0.0,Completed
2023-03-11,Muscat,Online,Wearables,4,81.03,48.15,324.11,324.11,131.52,0.0,Completed
2023-03-11,Nizwa,Retail,Laptops,3,338.2,181.0,1014.61,0.0,-422.83,422.83,Returned
2023-03-11,Muscat,Retail,Accessories,3,23.29,16.03,69.88,69.88,21.78,0.0,Completed
2023-03-11,Salalah,Online,Tablets,5,162.64,90.09,813.18,813.18,362.74,0.0,Completed
2023-03-11,Salalah,Wholesale,Smartphones,13,181.48,152.07,2359.21,2359.21,382.29,0.0,Completed
2023-03-11,Muscat,Online,Accessories,1,25.43,14.44,25.43,25.43,10.98,0.0,Completed
2023-03-12,Muscat,Online,Accessories,4,26.98,15.99,107.94,107.94,43.99,0.0,Completed
2023-03-12,Salalah,Online,Smartphones,2,248.13,131.46,496.25,496.25,233.34,0.0,Completed
2023-03-13,Muscat,Online,Accessories,3,24.12,15.22,72.36,72.36,26.7,0.0,Completed
2023-03-13,Salalah,Retail,Smartphones,4,247.46,140.37,989.85,989.85,428.38,0.0,Completed
2023-03-13,Sohar,Online,Laptops,4,323.92,190.53,1295.7,1295.7,533.59,0.0,Completed
2023-03-13,Muscat,Online,Accessories,5,25.58,14.05,127.88,127.88,57.65,0.0,Completed
2023-03-13,Muscat,Retail,Wearables,5,83.57,53.52,417.84,417.84,150.23,0.0,Completed
2023-03-13,Salalah,Retail,Accessories,3,26.71,16.37,80.12,80.12,31.02,0.0,Completed
2023-03-14,Nizwa,Online,Accessories,2,22.95,14.11,45.91,45.91,17.68,0.0,Completed
2023-03-14,Salalah,Online,Tablets,3,164.18,87.29,492.55,492.55,230.67,0.0,Completed
2023-03-14,Sohar,Online,Accessories,3,24.88,12.94,74.63,74.63,35.8,0.0,Completed
2023-03-14,Muscat,Retail,Laptops,5,368.05,216.28,1840.26,1840.26,758.88,0.0,Completed
2023-03-15,Muscat,Online,Laptops,3,357.62,216.94,1072.87,1072.87,422.05,0.0,Completed
2023-03-15,Sohar,Retail,Tablets,3,139.95,77.12,419.86,419.86,188.49,0.0,Completed
2023-03-15,Salalah,Wholesale,Smartphones,80,192.83,121.35,15426.62,15426.62,5718.48,0.0,Completed
2023-03-15,Salalah,Retail,Smartphones,3,259.54,145.26,778.62,778.62,342.84,0.0,Completed
2023-03-16,Muscat,Retail,Accessories,1,24.53,14.07,24.53,24.53,10.46,0.0,Completed
2023-03-16,Muscat,Online,Wearables,5,73.69,46.17,368.47,368.47,137.62,0.0,Completed
2023-03-16,Salalah,Retail,Accessories,2,26.52,18.02,53.04,53.04,17.01,0.0,Completed
2023-03-17,Salalah,Retail,Laptops,3,382.48,220.95,1147.45,1147.45,484.61,0.0,Completed
2023-03-17,Nizwa,Retail,Laptops,3,372.72,245.81,1118.17,0.0,-438.68,438.68,Returned
2023-03-17,Sohar,Online,Accessories,2,22.59,14.21,45.17,45.17,16.76,0.0,Completed
2023-03-17,Sohar,Online,Smartphones,1,249.53,125.94,249.53,249.53,123.59,0.0,Completed
2023-03-18,Sohar,Wholesale,Accessories,76,21.07,15.77,1601.42,1601.42,403.26,0.0,Completed
2023-03-18,Muscat,Online,Tablets,2,155.95,100.26,311.91,311.91,111.38,0.0,Completed
2023-03-18,Muscat,Wholesale,Accessories,36,21.59,14.9,777.14,777.14,240.91,0.0,Completed
2023-03-18,Sohar,Retail,Smartphones,3,257.06,179.57,771.17,771.17,232.47,0.0,Completed
2023-03-19,Nizwa,Wholesale,Smartphones,20,214.0,166.29,4279.94,4279.94,954.05,0.0,Completed
2023-03-19,Muscat,Online,Accessories,5,24.83,12.42,124.17,124.17,62.06,0.0,Completed
2023-03-19,Nizwa,Retail,Tablets,5,137.26,74.96,686.28,686.28,311.49,0.0,Completed
2023-03-19,Nizwa,Retail,Smartphones,3,234.88,128.27,704.65,704.65,319.83,0.0,Completed
2023-03-19,Sohar,Online,Smartphones,2,262.76,149.78,525.52,525.52,225.96,0.0,Completed
2023-03-20,Sohar,Online,Tablets,3,141.69,86.49,425.06,425.06,165.59,0.0,Completed
2023-03-20,Salalah,Wholesale,Laptops,10,294.53,208.23,2945.27,2945.27,862.93,0.0,Completed
2023-03-20,Sohar,Retail,Accessories,2,27.28,16.99,54.55,54.55,20.58,0.0,Completed
2023-03-20,Sohar,Retail,Accessories,3,26.38,17.91,79.15,79.15,25.41,0.0,Completed
2023-03-20,Muscat,Online,Smartphones,2,261.17,136.73,522.33,522.33,248.88,0.0,Completed
2023-03-20,Muscat,Online,Accessories,3,25.8,13.26,77.39,0.0,-13.59,13.59,Returned
2023-03-20,Nizwa,Retail,Smartphones,3,249.97,150.11,749.91,749.91,299.58,0.0,Completed
2023-03-21,Muscat,Online,Accessories,4,25.69,16.89,102.75,102.75,35.2,0.0,Completed
2023-03-21,Salalah,Online,Smartphones,4,247.71,172.31,990.84,990.84,301.59,0.0,Completed
2023-03-21,Salalah,Online,Tablets,5,139.3,91.96,696.52,696.52,236.71,0.0,Completed
2023-03-21,Muscat,Retail,Accessories,3,23.58,12.08,70.73,70.73,34.48,0.0,Completed
2023-03-21,Salalah,Online,Tablets,4,153.08,97.15,612.3,612.3,223.71,0.0,Completed
2023-03-21,Salalah,Retail,Smartphones,2,255.95,155.34,511.9,511.9,201.21,0.0,Completed
2023-03-22,Muscat,Online,Accessories,2,26.1,15.68,52.2,52.2,20.84,0.0,Completed
2023-03-22,Sohar,Retail,Smartphones,2,265.1,183.16,530.21,530.21,163.88,0.0,Completed
2023-03-22,Nizwa,Retail,Accessories,4,23.84,12.32,95.35,95.35,46.06,0.0,Completed
2023-03-22,Salalah,Retail,Wearables,2,77.58,52.3,155.15,155.15,50.55,0.0,Completed
2023-03-22,Muscat,Online,Smartphones,5,268.84,139.19,1344.21,1344.21,648.28,0.0,Completed
2023-03-22,Sohar,Retail,Laptops,1,376.94,259.41,376.94,376.94,117.53,0.0,Completed
2023-03-22,Salalah,Retail,Tablets,3,138.81,97.06,416.44,416.44,125.27,0.0,Completed
2023-03-23,Nizwa,Wholesale,Smartphones,11,197.78,172.59,2175.61,2175.61,277.08,0.0,Completed
2023-03-23,Sohar,Retail,Wearables,1,87.53,47.1,87.53,87.53,40.43,0.0,Completed
2023-03-23,Nizwa,Online,Laptops,4,371.4,255.82,1485.61,1485.61,462.35,0.0,Completed
2023-03-23,Nizwa,Wholesale,Laptops,95,276.94,186.33,26309.76,26309.76,8608.19,0.0,Completed
2023-03-23,Sohar,Online,Smartphones,3,225.36,148.17,676.07,676.07,231.57,0.0,Completed
2023-03-23,Muscat,Retail,Wearables,2,79.37,47.1,158.73,158.73,64.54,0.0,Completed
2023-03-23,Muscat,Online,Smartphones,1,240.15,162.18,240.15,240.15,77.97,0.0,Completed
2023-03-24,Salalah,Online,Smartphones,5,259.35,170.79,1296.76,1296.76,442.8,0.0,Completed
2023-03-24,Muscat,Retail,Accessories,1,22.63,13.28,22.63,22.63,9.35,0.0,Completed
2023-03-24,Muscat,Retail,Wearables,4,84.86,48.27,339.46,339.46,146.38,0.0,Completed
2023-03-24,Muscat,Retail,Laptops,5,368.93,185.82,1844.63,1844.63,915.54,0.0,Completed
2023-03-24,Sohar,Retail,Laptops,2,368.58,239.33,737.16,737.16,258.51,0.0,Completed
2023-03-24,Muscat,Retail,Wearables,2,87.46,59.97,174.91,174.91,54.97,0.0,Completed
2023-03-24,Salalah,Online,Laptops,4,339.41,208.88,1357.63,1357.63,522.1,0.0,Completed
2023-03-25,Nizwa,Retail,Wearables,1,84.25,42.68,84.25,84.25,41.58,0.0,Completed
2023-03-25,Muscat,Online,Smartphones,4,246.39,130.24,985.57,985.57,464.6,0.0,Completed
2023-03-25,Nizwa,Retail,Smartphones,2,266.46,180.27,532.92,532.92,172.38,0.0,Completed
2023-03-25,Muscat,Retail,Smartphones,2,248.44,172.75,496.87,496.87,151.37,0.0,Completed
2023-03-25,Nizwa,Retail,Wearables,2,72.24,48.22,144.47,144.47,48.03,0.0,Completed
2023-03-25,Muscat,Online,Wearables,5,87.82,47.88,439.11,439.11,199.71,0.0,Completed
2023-03-25,Muscat,Online,Smartphones,2,263.06,163.93,526.12,526.12,198.26,0.0,Completed
2023-03-25,Salalah,Retail,Smartphones,5,225.08,122.49,1125.38,1125.38,512.91,0.0,Completed
2023-03-25,Muscat,Retail,Smartphones,5,227.99,122.57,1139.94,1139.94,527.09,0.0,Completed
2023-03-25,Nizwa,Retail,Laptops,1,338.61,188.78,338.61,338.61,149.83,0.0,Completed
2023-03-26,Salalah,Online,Laptops,4,367.42,203.89,1469.67,1469.67,654.1,0.0,Completed
2023-03-26,Muscat,Online,Accessories,5,27.01,15.78,135.07,135.07,56.2,0.0,Completed
2023-03-26,Muscat,Wholesale,Smartphones,72,189.59,130.74,13650.64,13650.64,4237.29,0.0,Completed
2023-03-26,Muscat,Retail,Smartphones,3,227.91,125.74,683.74,683.74,306.53,0.0,Completed
2023-03-26,Sohar,Wholesale,Laptops,100,296.11,185.45,29611.19,29611.19,11066.01,0.0,Completed
2023-03-26,Muscat,Retail,Smartphones,1,254.64,157.76,254.64,254.64,96.88,0.0,Completed
2023-03-26,Sohar,Online,Smartphones,3,260.64,158.97,781.91,781.91,304.99,0.0,Completed
2023-03-27,Nizwa,Online,Smartphones,3,255.68,166.91,767.05,767.05,266.32,0.0,Completed
2023-03-27,Muscat,Wholesale,Laptops,42,294.1,212.76,12352.41,12352.41,3416.65,0.0,Completed
2023-03-27,Salalah,Online,Tablets,2,144.09,97.12,288.18,0.0,-69.38,69.38,Returned
2023-03-27,Sohar,Online,Accessories,4,25.24,15.78,100.95,100.95,37.82,0.0,Completed
2023-03-28,Salalah,Online,Tablets,3,163.6,105.67,490.81,490.81,173.8,0.0,Completed
2023-03-28,Salalah,Retail,Laptops,4,338.72,227.92,1354.87,1354.87,443.19,0.0,Completed
2023-03-28,Sohar,Retail,Tablets,3,159.04,88.06,477.13,477.13,212.95,0.0,Completed
2023-03-28,Muscat,Online,Laptops,4,355.14,196.84,1420.57,1420.57,633.19,0.0,Completed
2023-03-28,Muscat,Retail,Laptops,2,328.45,212.48,656.9,656.9,231.93,0.0,Completed
2023-03-28,Nizwa,Online,Tablets,3,163.3,94.32,489.9,0.0,-253.63,253.63,Returned
2023-03-29,Nizwa,Retail,Smartphones,3,257.52,131.55,772.57,772.57,377.93,0.0,Completed
2023-03-29,Sohar,Retail,Tablets,2,164.59,96.26,329.19,329.19,136.67,0.0,Completed
2023-03-29,Muscat,Online,Accessories,2,25.65,15.08,51.3,51.3,21.14,0.0,Completed
2023-03-29,Salalah,Online,Accessories,1,25.67,13.26,25.67,25.67,12.42,0.0,Completed
2023-03-29,Salalah,Retail,Laptops,2,378.77,198.37,757.55,757.55,360.82,0.0,Completed
2023-03-29,Salalah,Retail,Accessories,5,26.04,15.43,130.2,130.2,53.05,0.0,Completed
2023-03-29,Salalah,Retail,Accessories,4,25.7,14.87,102.78,102.78,43.32,0.0,Completed
2023-03-29,Muscat,Retail,Smartphones,5,233.93,129.05,1169.66,1169.66,524.41,0.0,Completed
2023-03-29,Muscat,Retail,Accessories,3,27.28,18.99,81.83,81.83,24.86,0.0,Completed
2023-03-30,Nizwa,Retail,Smartphones,2,242.67,127.53,485.35,485.35,230.3,0.0,Completed
2023-03-30,Nizwa,Retail,Smartphones,4,248.33,131.6,993.3,993.3,466.9,0.0,Completed
2023-03-30,Salalah,Retail,Accessories,1,25.59,14.75,25.59,25.59,10.85,0.0,Completed
2023-03-30,Nizwa,Retail,Smartphones,5,239.2,156.28,1195.99,1195.99,414.6,0.0,Completed
2023-03-31,Salalah,Online,Smartphones,5,265.1,153.91,1325.49,1325.49,555.94,0.0,Completed
2023-03-31,Nizwa,Retail,Accessories,3,26.35,16.59,79.04,79.04,29.26,0.0,Completed
2023-03-31,Muscat,Retail,Tablets,2,157.1,100.25,314.19,314.19,113.68,0.0,Completed
2023-03-31,Muscat,Retail,Laptops,4,346.22,224.38,1384.89,1384.89,487.36,0.0,Completed
2023-03-31,Sohar,Online,Smartphones,1,251.61,166.78,251.61,251.61,84.83,0.0,Completed
2023-03-31,Sohar,Wholesale,Smartphones,70,211.26,135.67,14788.16,14788.16,5291.55,0.0,Completed
2023-04-01,Nizwa,Online,Smartphones,3,230.54,155.54,691.62,691.62,224.99,0.0,Completed
2023-04-01,Muscat,Online,Laptops,4,316.95,191.9,1267.79,1267.79,500.17,0.0,Completed
2023-04-01,Salalah,Retail,Tablets,4,138.61,78.63,554.44,554.44,239.93,0.0,Completed
2023-04-01,Muscat,Retail,Accessories,3,24.65,16.63,73.96,73.96,24.06,0.0,Completed
2023-04-01,Nizwa,Online,Smartphones,5,259.2,173.69,1296.02,1296.02,427.59,0.0,Completed
2023-04-01,Muscat,Online,Accessories,5,26.85,13.89,134.25,134.25,64.79,0.0,Completed
2023-04-01,Muscat,Retail,Wearables,2,83.38,46.12,166.77,166.77,74.52,0.0,Completed
2023-04-01,Muscat,Online,Smartphones,3,234.81,141.9,704.42,704.42,278.72,0.0,Completed
2023-04-02,Sohar,Retail,Accessories,1,22.7,15.82,22.7,22.7,6.87,0.0,Completed
2023-04-02,Muscat,Online,Smartphones,2,236.11,127.01,472.21,472.21,218.18,0.0,Completed
2023-04-02,Salalah,Online,Laptops,2,324.27,208.36,648.54,648.54,231.83,0.0,Completed
2023-04-02,Sohar,Retail,Laptops,2,318.21,176.87,636.43,636.43,282.69,0.0,Completed
2023-04-03,Muscat,Online,Laptops,1,345.83,239.88,345.83,345.83,105.96,0.0,Completed
2023-04-03,Salalah,Online,Smartphones,5,261.95,168.15,1309.74,1309.74,468.98,0.0,Completed
2023-04-03,Salalah,Retail,Smartphones,1,264.68,139.21,264.68,264.68,125.47,0.0,Completed
2023-04-03,Muscat,Online,Smartphones,2,231.78,160.24,463.56,463.56,143.09,0.0,Completed
2023-04-03,Muscat,Online,Laptops,3,359.48,209.92,1078.44,1078.44,448.68,0.0,Completed
2023-04-03,Salalah,Retail,Accessories,2,26.06,15.48,52.12,52.12,21.16,0.0,Completed
2023-04-03,Salalah,Online,Smartphones,2,239.43,163.89,478.85,478.85,151.07,0.0,Completed
2023-04-03,Nizwa,Retail,Laptops,1,371.13,185.58,371.13,371.13,185.55,0.0,Completed
2023-04-03,Muscat,Retail,Laptops,5,383.74,204.36,1918.7,1918.7,896.92,0.0,Completed
2023-04-04,Muscat,Retail,Tablets,2,138.72,92.8,277.44,277.44,91.85,0.0,Completed
2023-04-04,Muscat,Online,Smartphones,2,234.08,143.55,468.15,468.15,181.04,0.0,Completed
2023-04-04,Muscat,Online,Smartphones,1,235.15,133.84,235.15,235.15,101.32,0.0,Completed
2023-04-04,Muscat,Online,Accessories,1,25.53,14.59,25.53,25.53,10.93,0.0,Completed
2023-04-04,Sohar,Retail,Smartphones,2,257.12,147.84,514.24,514.24,218.56,0.0,Completed
2023-04-05,Sohar,Wholesale,Accessories,12,20.0,16.93,240.02,240.02,36.92,0.0,Completed
2023-04-05,Muscat,Online,Laptops,5,375.86,217.96,1879.32,1879.32,789.53,0.0,Completed
2023-04-05,Sohar,Retail,Accessories,5,23.04,12.89,115.21,115.21,50.75,0.0,Completed
2023-04-05,Muscat,Online,Smartphones,3,250.93,139.13,752.78,752.78,335.4,0.0,Completed
2023-04-06,Salalah,Online,Smartphones,2,254.85,156.76,509.7,509.7,196.17,0.0,Completed
2023-04-06,Muscat,Wholesale,Accessories,10,20.47,16.84,204.71,204.71,36.32,0.0,Completed
2023-04-07,Muscat,Retail,Smartphones,5,225.62,147.32,1128.12,1128.12,391.54,0.0,Completed
2023-04-07,Muscat,Online,Smartphones,5,233.89,136.22,1169.45,1169.45,488.35,0.0,Completed
2023-04-07,Muscat,Retail,Laptops,1,355.68,209.74,355.68,355.68,145.94,0.0,Completed
2023-04-07,Muscat,Retail,Wearables,1,86.17,56.84,86.17,86.17,29.32,0.0,Completed
2023-04-07,Muscat,Online,Accessories,4,26.19,15.57,104.77,104.77,42.49,0.0,Completed
2023-04-07,Muscat,Retail,Smartphones,5,261.61,134.17,1308.05,1308.05,637.21,0.0,Completed
2023-04-08,Nizwa,Retail,Smartphones,4,266.65,169.04,1066.59,1066.59,390.41,0.0,Completed
2023-04-08,Salalah,Retail,Smartphones,3,264.93,177.16,794.78,794.78,263.3,0.0,Completed
2023-04-08,Sohar,Retail,Accessories,4,24.06,15.06,96.24,96.24,35.99,0.0,Completed
2023-04-08,Salalah,Online,Wearables,1,81.01,48.24,81.01,81.01,32.77,0.0,Completed
2023-04-09,Muscat,Retail,Smartphones,5,234.25,140.25,1171.27,1171.27,470.04,0.0,Completed
2023-04-09,Muscat,Retail,Wearables,3,85.37,43.04,256.1,256.1,126.97,0.0,Completed
2023-04-09,Nizwa,Retail,Wearables,1,72.31,45.72,72.31,72.31,26.59,0.0,Completed
2023-04-09,Sohar,Retail,Wearables,5,78.87,50.43,394.33,394.33,142.2,0.0,Completed
2023-04-09,Salalah,Retail,Wearables,3,73.19,41.1,219.56,219.56,96.27,0.0,Completed
2023-04-09,Nizwa,Retail,Smartphones,5,239.6,162.74,1198.02,1198.02,384.33,0.0,Completed
2023-04-09,Nizwa,Retail,Laptops,3,347.95,239.16,1043.84,1043.84,326.37,0.0,Completed
2023-04-10,Nizwa,Online,Smartphones,4,236.3,150.52,945.21,945.21,343.11,0.0,Completed
2023-04-10,Sohar,Online,Wearables,3,75.41,44.29,226.22,226.22,93.35,0.0,Completed
2023-04-11,Muscat,Retail,Accessories,1,25.94,13.04,25.94,0.0,-9.3,9.3,Returned
2023-04-11,Muscat,Retail,Smartphones,2,241.79,163.52,483.58,483.58,156.54,0.0,Completed
2023-04-11,Muscat,Retail,Smartphones,2,227.98,139.83,455.96,0.0,-271.85,271.85,Returned
2023-04-11,Salalah,Retail,Tablets,1,158.76,108.91,158.76,158.76,49.86,0.0,Completed
2023-04-12,Sohar,Retail,Smartphones,5,248.62,144.12,1243.1,1243.1,522.49,0.0,Completed
2023-04-12,Muscat,Retail,Tablets,3,135.91,71.33,407.74,407.74,193.74,0.0,Completed
2023-04-12,Nizwa,Retail,Smartphones,1,240.74,166.17,240.74,240.74,74.56,0.0,Completed
2023-04-12,Sohar,Online,Smartphones,2,238.78,141.24,477.55,477.55,195.07,0.0,Completed
2023-04-12,Sohar,Retail,Wearables,4,82.36,55.73,329.42,329.42,106.5,0.0,Completed
2023-04-13,Muscat,Retail,Accessories,5,23.46,15.67,117.32,117.32,38.97,0.0,Completed
2023-04-13,Muscat,Retail,Smartphones,1,244.8,128.43,244.8,244.8,116.37,0.0,Completed
2023-04-13,Salalah,Online,Accessories,4,22.98,13.68,91.91,91.91,37.2,0.0,Completed
2023-04-13,Muscat,Retail,Accessories,1,23.24,15.95,23.24,23.24,7.3,0.0,Completed
2023-04-13,Nizwa,Online,Smartphones,4,268.48,149.13,1073.92,1073.92,477.4,0.0,Completed
2023-04-13,Muscat,Online,Accessories,1,22.58,13.11,22.58,22.58,9.47,0.0,Completed
2023-04-13,Sohar,Online,Accessories,4,22.98,15.42,91.91,91.91,30.22,0.0,Completed
2023-04-13,Sohar,Online,Laptops,1,362.95,195.62,362.95,0.0,-40.54,40.54,Returned
2023-04-14,Sohar,Online,Laptops,3,352.25,200.58,1056.74,1056.74,455.01,0.0,Completed
2023-04-14,Muscat,Retail,Smartphones,3,225.39,128.19,676.18,676.18,291.6,0.0,Completed
2023-04-14,Salalah,Retail,Smartphones,5,236.9,157.77,1184.51,1184.51,395.67,0.0,Completed
2023-04-14,Muscat,Online,Laptops,4,375.15,225.28,1500.6,1500.6,599.46,0.0,Completed
2023-04-14,Muscat,Retail,Smartphones,4,248.38,167.74,993.51,993.51,322.56,0.0,Completed
2023-04-14,Sohar,Retail,Wearables,2,80.67,52.3,161.34,161.34,56.73,0.0,Completed
2023-04-14,Muscat,Online,Smartphones,1,261.15,140.53,261.15,261.15,120.62,0.0,Completed
2023-04-15,Muscat,Online,Accessories,2,26.49,15.14,52.98,52.98,22.7,0.0,Completed
2023-04-15,Salalah,Online,Smartphones,1,268.47,176.13,268.47,268.47,92.33,0.0,Completed
2023-04-15,Sohar,Online,Smartphones,1,257.06,141.0,257.06,257.06,116.06,0.0,Completed
2023-04-15,Muscat,Retail,Tablets,5,164.68,114.09,823.38,823.38,252.92,0.0,Completed
2023-04-15,Muscat,Online,Smartphones,5,244.62,168.05,1223.09,1223.09,382.83,0.0,Completed
2023-04-15,Muscat,Retail,Tablets,3,160.93,105.95,482.8,482.8,164.96,0.0,Completed
2023-04-15,Salalah,Online,Smartphones,2,232.46,143.67,464.92,464.92,177.58,0.0,Completed
2023-04-16,Salalah,Online,Smartphones,2,262.77,138.39,525.54,525.54,248.76,0.0,Completed
2023-04-16,Muscat,Retail,Smartphones,1,265.36,171.39,265.36,265.36,93.97,0.0,Completed
2023-04-16,Salalah,Retail,Smartphones,4,269.56,143.0,1078.23,1078.23,506.23,0.0,Completed
2023-04-16,Sohar,Online,Accessories,2,26.6,15.1,53.2,53.2,23.0,0.0,Completed
2023-04-16,Sohar,Online,Accessories,2,23.43,11.75,46.86,46.86,23.37,0.0,Completed
2023-04-17,Muscat,Online,Accessories,5,23.53,13.84,117.66,117.66,48.47,0.0,Completed
2023-04-17,Muscat,Retail,Smartphones,1,240.23,153.15,240.23,240.23,87.08,0.0,Completed
2023-04-17,Sohar,Retail,Accessories,4,27.27,16.93,109.07,109.07,41.34,0.0,Completed
2023-04-18,Sohar,Wholesale,Accessories,72,19.03,15.83,1370.1,1370.1,230.22,0.0,Completed
2023-04-18,Sohar,Retail,Smartphones,5,239.76,123.82,1198.81,1198.81,579.72,0.0,Completed
2023-04-18,Sohar,Online,Smartphones,2,262.32,174.83,524.64,524.64,174.98,0.0,Completed
2023-04-18,Muscat,Online,Laptops,5,331.57,178.89,1657.84,1657.84,763.4,0.0,Completed
2023-04-18,Salalah,Retail,Laptops,3,377.58,212.71,1132.73,1132.73,494.59,0.0,Completed
2023-04-18,Sohar,Online,Tablets,5,163.9,89.61,819.51,819.51,371.46,0.0,Completed
2023-04-18,Muscat,Retail,Smartphones,3,260.43,171.02,781.28,781.28,268.23,0.0,Completed
2023-04-18,Sohar,Retail,Laptops,2,318.34,196.42,636.68,636.68,243.84,0.0,Completed
2023-04-18,Salalah,Retail,Smartphones,2,259.84,130.21,519.68,519.68,259.27,0.0,Completed
2023-04-18,Sohar,Online,Smartphones,4,268.44,183.71,1073.76,1073.76,338.9,0.0,Completed
2023-04-18,Muscat,Online,Smartphones,3,234.65,152.44,703.96,703.96,246.64,0.0,Completed
2023-04-19,Sohar,Online,Smartphones,4,259.18,146.79,1036.71,1036.71,449.54,0.0,Completed
2023-04-19,Muscat,Retail,Smartphones,4,232.45,138.73,929.82,929.82,374.88,0.0,Completed
2023-04-19,Muscat,Online,Laptops,2,377.23,247.16,754.46,754.46,260.13,0.0,Completed
2023-04-19,Salalah,Online,Accessories,2,24.72,13.1,49.44,49.44,23.25,0.0,Completed
2023-04-19,Muscat,Online,Tablets,3,140.79,75.77,422.38,422.38,195.07,0.0,Completed
2023-04-19,Muscat,Wholesale,Wearables,16,64.9,46.02,1038.4,1038.4,302.09,0.0,Completed
2023-04-20,Muscat,Retail,Smartphones,3,233.31,136.69,699.93,699.93,289.87,0.0,Completed
2023-04-20,Sohar,Retail,Wearables,4,85.42,43.51,341.67,341.67,167.64,0.0,Completed
2023-04-20,Muscat,Online,Accessories,1,26.35,17.96,26.35,26.35,8.4,0.0,Completed
2023-04-21,Muscat,Wholesale,Smartphones,80,217.71,148.31,17417.03,17417.03,5552.12,0.0,Completed
2023-04-21,Muscat,Retail,Tablets,1,160.19,97.67,160.19,160.19,62.52,0.0,Completed
2023-04-21,Muscat,Retail,Smartphones,1,254.96,166.0,254.96,254.96,88.96,0.0,Completed
2023-04-21,Salalah,Online,Tablets,4,151.74,99.26,606.96,606.96,209.9,0.0,Completed
2023-04-21,Sohar,Retail,Smartphones,4,236.77,145.04,947.1,947.1,366.92,0.0,Completed
2023-04-22,Nizwa,Online,Smartphones,2,268.94,182.82,537.87,537.87,172.22,0.0,Completed
2023-04-22,Sohar,Wholesale,Laptops,95,293.46,201.25,27878.7,27878.7,8759.98,0.0,Completed
2023-04-22,Nizwa,Retail,Wearables,1,83.26,44.42,83.26,83.26,38.83,0.0,Completed
2023-04-22,Nizwa,Retail,Laptops,1,337.56,213.37,337.56,337.56,124.19,0.0,Completed
2023-04-22,Muscat,Online,Accessories,3,26.56,15.51,79.69,79.69,33.17,0.0,Completed
2023-04-23,Sohar,Retail,Smartphones,5,272.85,144.81,1364.25,1364.25,640.2,0.0,Completed
2023-04-23,Muscat,Retail,Smartphones,5,270.19,144.0,1350.97,1350.97,630.97,0.0,Completed
2023-04-23,Nizwa,Online,Tablets,2,158.48,107.27,316.96,316.96,102.42,0.0,Completed
2023-04-23,Sohar,Retail,Accessories,2,26.8,17.38,53.59,53.59,18.83,0.0,Completed
2023-04-23,Sohar,Retail,Smartphones,2,236.47,127.55,472.93,472.93,217.84,0.0,Completed
2023-04-23,Muscat,Retail,Smartphones,1,233.66,159.47,233.66,233.66,74.19,0.0,Completed
2023-04-23,Nizwa,Wholesale,Wearables,33,61.88,43.83,2041.97,2041.97,595.46,0.0,Completed
2023-04-23,Salalah,Retail,Smartphones,5,245.28,133.32,1226.38,1226.38,559.79,0.0,Completed
2023-04-24,Muscat,Online,Smartphones,2,258.95,130.55,517.9,517.9,256.8,0.0,Completed
2023-04-24,Salalah,Online,Accessories,3,26.56,15.68,79.69,79.69,32.65,0.0,Completed
2023-04-24,Muscat,Online,Tablets,3,139.12,75.01,417.36,417.36,192.33,0.0,Completed
2023-04-24,Salalah,Retail,Laptops,2,331.26,224.77,662.53,662.53,212.99,0.0,Completed
2023-04-24,Nizwa,Retail,Accessories,3,26.29,15.8,78.88,78.88,31.49,0.0,Completed
2023-04-24,Salalah,Retail,Accessories,1,23.33,12.88,23.33,23.33,10.45,0.0,Completed
2023-04-25,Sohar,Online,Accessories,3,22.75,14.55,68.25,68.25,24.6,0.0,Completed
2023-04-25,Muscat,Retail,Laptops,3,339.1,225.6,1017.31,1017.31,340.52,0.0,Completed
2023-04-25,Muscat,Online,Accessories,4,26.33,18.35,105.33,105.33,31.92,0.0,Completed
2023-04-25,Muscat,Online,Wearables,2,76.2,42.74,152.39,152.39,66.92,0.0,Completed
2023-04-25,Salalah,Retail,Laptops,1,332.76,203.48,332.76,332.76,129.28,0.0,Completed
2023-04-25,Salalah,Retail,Accessories,3,22.9,14.15,68.71,68.71,26.27,0.0,Completed
2023-04-26,Muscat,Retail,Tablets,5,150.76,93.82,753.82,0.0,-141.68,141.68,Returned
2023-04-26,Muscat,Retail,Wearables,5,79.76,47.77,398.8,398.8,159.97,0.0,Completed
2023-04-26,Muscat,Online,Laptops,5,359.33,226.15,1796.65,1796.65,665.88,0.0,Completed
2023-04-27,Nizwa,Online,Smartphones,1,228.85,124.9,228.85,228.85,103.95,0.0,Completed
2023-04-27,Sohar,Online,Laptops,1,323.62,207.83,323.62,323.62,115.79,0.0,Completed
2023-04-28,Sohar,Online,Smartphones,5,245.16,165.74,1225.79,1225.79,397.07,0.0,Completed
2023-04-28,Muscat,Online,Accessories,3,23.94,13.34,71.83,71.83,31.81,0.0,Completed
2023-04-28,Muscat,Retail,Tablets,1,137.77,89.85,137.77,137.77,47.92,0.0,Completed
2023-04-28,Sohar,Wholesale,Laptops,11,288.45,221.91,3172.95,3172.95,732.0,0.0,Completed
2023-04-28,Sohar,Online,Accessories,4,25.51,16.25,102.05,102.05,37.04,0.0,Completed
2023-04-28,Muscat,Online,Smartphones,5,269.62,137.79,1348.09,1348.09,659.15,0.0,Completed
2023-04-28,Salalah,Online,Smartphones,5,274.37,146.36,1371.84,1371.84,640.06,0.0,Completed
2023-04-28,Nizwa,Online,Accessories,2,25.88,16.4,51.77,0.0,-29.5,29.5,Returned
2023-04-28,Muscat,Retail,Wearables,4,82.67,56.64,330.69,0.0,-174.62,174.62,Returned
2023-04-29,Muscat,Retail,Tablets,3,138.39,74.88,415.16,415.16,190.51,0.0,Completed
2023-04-29,Nizwa,Online,Tablets,2,155.52,93.57,311.03,311.03,123.89,0.0,Completed
2023-04-29,Salalah,Retail,Laptops,2,359.02,199.43,718.05,718.05,319.18,0.0,Completed
2023-04-29,Muscat,Online,Accessories,1,25.32,17.17,25.32,25.32,8.15,0.0,Completed
2023-04-29,Salalah,Online,Laptops,5,366.25,186.79,1831.25,1831.25,897.32,0.0,Completed
2023-04-29,Sohar,Retail,Wearables,5,74.91,47.68,374.53,374.53,136.15,0.0,Completed
2023-04-29,Muscat,Online,Laptops,1,315.12,202.88,315.12,315.12,112.24,0.0,Completed
2023-04-29,Muscat,Retail,Smartphones,3,261.1,160.99,783.3,783.3,300.34,0.0,Completed
2023-04-29,Muscat,Online,Laptops,1,342.2,221.3,342.2,342.2,120.89,0.0,Completed
2023-04-29,Salalah,Retail,Laptops,4,359.05,204.36,1436.2,1436.2,618.74,0.0,Completed
2023-04-30,Muscat,Online,Laptops,5,327.3,223.88,1636.51,1636.51,517.1,0.0,Completed
2023-04-30,Sohar,Retail,Smartphones,1,239.96,126.35,239.96,239.96,113.61,0.0,Completed
2023-04-30,Nizwa,Online,Accessories,3,22.56,15.19,67.68,67.68,22.11,0.0,Completed
2023-04-30,Nizwa,Retail,Smartphones,4,261.26,170.65,1045.03,1045.03,362.45,0.0,Completed
2023-04-30,Salalah,Retail,Accessories,3,26.11,14.98,78.34,78.34,33.39,0.0,Completed
2023-04-30,Salalah,Retail,Tablets,1,139.35,87.12,139.35,139.35,52.24,0.0,Completed
2023-05-01,Sohar,Retail,Laptops,4,380.07,253.98,1520.27,1520.27,504.35,0.0,Completed
2023-05-01,Salalah,Online,Laptops,1,354.82,196.59,354.82,354.82,158.23,0.0,Completed
2023-05-01,Sohar,Retail,Wearables,4,76.75,53.07,307.0,307.0,94.74,0.0,Completed
2023-05-01,Nizwa,Retail,Accessories,4,26.03,13.22,104.13,104.13,51.26,0.0,Completed
2023-05-02,Sohar,Retail,Laptops,1,332.92,175.97,332.92,332.92,156.95,0.0,Completed
2023-05-02,Muscat,Retail,Laptops,4,378.73,210.35,1514.93,1514.93,673.53,0.0,Completed
2023-05-02,Sohar,Online,Smartphones,2,226.75,126.47,453.5,453.5,200.56,0.0,Completed
2023-05-02,Salalah,Retail,Laptops,1,349.3,235.39,349.3,349.3,113.91,0.0,Completed
2023-05-03,Salalah,Retail,Smartphones,2,269.95,153.07,539.91,539.91,233.78,0.0,Completed
2023-05-03,Nizwa,Wholesale,Smartphones,68,197.91,155.24,13458.02,13458.02,2901.56,0.0,Completed
2023-05-03,Salalah,Retail,Accessories,2,24.84,16.27,49.67,49.67,17.14,0.0,Completed
2023-05-03,Muscat,Online,Accessories,2,25.46,17.37,50.92,50.92,16.17,0.0,Completed
2023-05-03,Nizwa,Retail,Smartphones,3,248.31,153.03,744.93,744.93,285.85,0.0,Completed
2023-05-03,Sohar,Wholesale,Tablets,55,115.81,90.23,6369.6,6369.6,1407.0,0.0,Completed
2023-05-03,Muscat,Retail,Smartphones,5,234.73,132.37,1173.66,1173.66,511.8,0.0,Completed
2023-05-03,Nizwa,Retail,Wearables,3,73.93,41.42,221.8,221.8,97.53,0.0,Completed
2023-05-03,Nizwa,Online,Accessories,1,22.53,12.58,22.53,22.53,9.95,0.0,Completed
2023-05-03,Salalah,Online,Accessories,2,24.5,16.77,49.01,49.01,15.47,0.0,Completed
2023-05-03,Muscat,Retail,Tablets,2,157.33,101.41,314.65,314.65,111.84,0.0,Completed
2023-05-03,Muscat,Retail,Smartphones,4,235.59,148.87,942.36,942.36,346.89,0.0,Completed
2023-05-03,Muscat,Online,Accessories,2,23.52,15.25,47.04,47.04,16.53,0.0,Completed
2023-05-03,Sohar,Retail,Smartphones,1,243.06,144.87,243.06,243.06,98.19,0.0,Completed
2023-05-04,Muscat,Retail,Smartphones,1,254.95,130.32,254.95,254.95,124.63,0.0,Completed
2023-05-04,Salalah,Retail,Accessories,1,25.21,17.09,25.21,25.21,8.11,0.0,Completed
2023-05-04,Salalah,Online,Smartphones,5,262.96,166.81,1314.79,1314.79,480.75,0.0,Completed
2023-05-04,Salalah,Retail,Accessories,3,25.25,14.59,75.74,75.74,31.96,0.0,Completed
2023-05-04,Muscat,Retail,Wearables,2,79.69,45.61,159.37,159.37,68.15,0.0,Completed
2023-05-04,Muscat,Retail,Laptops,3,339.64,215.03,1018.91,1018.91,373.83,0.0,Completed
2023-05-04,Muscat,Online,Accessories,5,27.32,14.67,136.59,136.59,63.27,0.0,Completed
2023-05-05,Sohar,Retail,Smartphones,1,230.46,148.37,230.46,230.46,82.09,0.0,Completed
2023-05-05,Muscat,Retail,Accessories,5,23.15,12.07,115.75,115.75,55.42,0.0,Completed
2023-05-05,Nizwa,Retail,Laptops,5,323.55,201.58,1617.73,1617.73,609.85,0.0,Completed
2023-05-05,Salalah,Online,Smartphones,2,238.41,138.06,476.82,476.82,200.71,0.0,Completed
2023-05-05,Muscat,Online,Smartphones,4,272.29,169.28,1089.14,1089.14,412.02,0.0,Completed
2023-05-06,Salalah,Retail,Accessories,4,24.55,12.44,98.18,98.18,48.43,0.0,Completed
2023-05-06,Muscat,Retail,Wearables,2,85.3,52.98,170.6,170.6,64.63,0.0,Completed
2023-05-06,Muscat,Retail,Laptops,4,318.9,222.3,1275.61,1275.61,386.39,0.0,Completed
2023-05-07,Nizwa,Wholesale,Smartphones,40,219.21,158.59,8768.26,8768.26,2424.57,0.0,Completed
2023-05-07,Sohar,Retail,Accessories,3,25.03,15.82,75.08,75.08,27.61,0.0,Completed
2023-05-07,Muscat,Online,Smartphones,1,259.37,174.0,259.37,259.37,85.37,0.0,Completed
2023-05-08,Muscat,Retail,Laptops,4,382.08,191.3,1528.31,1528.31,763.1,0.0,Completed
2023-05-08,Muscat,Wholesale,Accessories,42,21.33,16.7,895.97,895.97,194.38,0.0,Completed
2023-05-08,Salalah,Retail,Smartphones,4,255.07,132.13,1020.27,1020.27,491.74,0.0,Completed
2023-05-08,Salalah,Retail,Accessories,4,26.07,16.5,104.28,104.28,38.27,0.0,Completed
2023-05-08,Nizwa,Retail,Tablets,1,145.53,77.71,145.53,145.53,67.83,0.0,Completed
2023-05-09,Muscat,Online,Accessories,4,25.27,14.95,101.07,101.07,41.27,0.0,Completed
2023-05-10,Muscat,Online,Accessories,4,27.47,18.29,109.88,109.88,36.71,0.0,Completed
2023-05-10,Salalah,Online,Laptops,1,346.97,187.5,346.97,346.97,159.46,0.0,Completed
2023-05-10,Muscat,Online,Smartphones,3,238.88,160.36,716.65,716.65,235.57,0.0,Completed
2023-05-10,Nizwa,Online,Accessories,4,24.76,14.99,99.05,99.05,39.09,0.0,Completed
2023-05-10,Nizwa,Online,Accessories,3,25.66,17.36,76.99,76.99,24.92,0.0,Completed
2023-05-10,Salalah,Retail,Wearables,1,78.51,41.58,78.51,78.51,36.93,0.0,Completed
2023-05-10,Muscat,Online,Accessories,3,22.79,14.43,68.38,68.38,25.1,0.0,Completed
2023-05-10,Salalah,Retail,Wearables,4,75.82,45.2,303.3,303.3,122.49,0.0,Completed
2023-05-10,Salalah,Retail,Accessories,4,22.7,14.42,90.78,90.78,33.1,0.0,Completed
2023-05-10,Nizwa,Online,Tablets,5,148.09,84.7,740.43,740.43,316.93,0.0,Completed
2023-05-11,Muscat,Online,Accessories,1,22.97,14.88,22.97,22.97,8.09,0.0,Completed
2023-05-11,Muscat,Online,Smartphones,5,228.18,131.84,1140.92,1140.92,481.69,0.0,Completed
2023-05-11,Salalah,Online,Smartphones,1,259.81,175.43,259.81,259.81,84.38,0.0,Completed
2023-05-11,Salalah,Wholesale,Smartphones,22,191.34,130.69,4209.45,4209.45,1334.27,0.0,Completed
2023-05-11,Salalah,Retail,Wearables,3,78.47,51.49,235.42,0.0,-141.25,141.25,Returned
2023-05-12,Nizwa,Retail,Laptops,5,374.32,192.33,1871.61,1871.61,909.97,0.0,Completed
2023-05-12,Sohar,Online,Smartphones,4,235.49,138.5,941.94,941.94,387.93,0.0,Completed
2023-05-13,Muscat,Retail,Accessories,5,26.43,13.38,132.17,132.17,65.25,0.0,Completed
2023-05-13,Muscat,Online,Smartphones,5,232.41,122.19,1162.03,1162.03,551.07,0.0,Completed
2023-05-13,Sohar,Online,Accessories,5,24.16,16.62,120.79,120.79,37.71,0.0,Completed
2023-05-13,Nizwa,Retail,Tablets,2,138.65,76.23,277.3,277.3,124.84,0.0,Completed
2023-05-13,Muscat,Online,Accessories,1,26.99,14.89,26.99,26.99,12.1,0.0,Completed
2023-05-13,Salalah,Retail,Smartphones,1,273.08,175.11,273.08,273.08,97.96,0.0,Completed
2023-05-14,Salalah,Retail,Smartphones,4,250.23,174.16,1000.93,1000.93,304.28,0.0,Completed
2023-05-14,Salalah,Retail,Tablets,3,145.26,87.21,435.78,435.78,174.14,0.0,Completed
2023-05-14,Salalah,Online,Accessories,3,26.72,18.31,80.16,80.16,25.24,0.0,Completed
2023-05-14,Muscat,Retail,Smartphones,2,251.43,134.75,502.87,502.87,233.36,0.0,Completed
2023-05-14,Salalah,Retail,Accessories,5,25.77,15.84,128.86,128.86,49.65,0.0,Completed
2023-05-14,Sohar,Retail,Smartphones,5,245.35,160.09,1226.74,1226.74,426.28,0.0,Completed
2023-05-15,Muscat,Online,Tablets,2,144.72,99.15,289.45,289.45,91.14,0.0,Completed
2023-05-15,Sohar,Retail,Tablets,1,156.28,91.89,156.28,156.28,64.39,0.0,Completed
2023-05-15,Sohar,Retail,Smartphones,4,233.22,160.43,932.87,932.87,291.17,0.0,Completed
2023-05-15,Nizwa,Online,Wearables,5,75.88,48.35,379.4,379.4,137.63,0.0,Completed
2023-05-15,Nizwa,Retail,Wearables,5,76.98,52.58,384.89,384.89,121.98,0.0,Completed
2023-05-15,Nizwa,Wholesale,Accessories,76,20.28,17.27,1541.42,1541.42,228.72,0.0,Completed
2023-05-16,Muscat,Online,Accessories,1,22.72,15.69,22.72,22.72,7.03,0.0,Completed
2023-05-16,Muscat,Retail,Smartphones,4,247.01,126.72,988.03,988.03,481.16,0.0,Completed
2023-05-17,Muscat,Retail,Accessories,3,22.65,14.19,67.96,67.96,25.41,0.0,Completed
2023-05-17,Muscat,Online,Smartphones,4,237.3,123.86,949.21,949.21,453.76,0.0,Completed
2023-05-17,Sohar,Retail,Laptops,4,364.91,197.32,1459.65,1459.65,670.36,0.0,Completed
2023-05-17,Nizwa,Retail,Tablets,2,135.03,69.24,270.06,270.06,131.58,0.0,Completed
2023-05-17,Salalah,Retail,Laptops,5,346.57,200.3,1732.87,1732.87,731.39,0.0,Completed
2023-05-17,Muscat,Online,Smartphones,1,261.27,133.13,261.27,261.27,128.13,0.0,Completed
2023-05-18,Muscat,Online,Smartphones,3,235.75,156.42,707.25,707.25,237.99,0.0,Completed
2023-05-18,Muscat,Online,Accessories,4,26.8,17.79,107.2,107.2,36.05,0.0,Completed
2023-05-18,Muscat,Online,Accessories,1,25.04,14.53,25.04,25.04,10.51,0.0,Completed
2023-05-18,Muscat,Retail,Laptops,1,374.45,197.06,374.45,374.45,177.39,0.0,Completed
2023-05-18,Muscat,Retail,Smartphones,5,233.79,122.66,1168.97,1168.97,555.68,0.0,Completed
2023-05-19,Salalah,Online,Laptops,4,333.58,203.6,1334.3,1334.3,519.91,0.0,Completed
2023-05-19,Muscat,Online,Laptops,4,341.37,234.3,1365.49,0.0,-619.73,619.73,Returned
2023-05-19,Muscat,Retail,Smartphones,3,249.54,152.92,748.63,748.63,289.88,0.0,Completed
2023-05-19,Salalah,Retail,Smartphones,4,235.56,148.6,942.24,942.24,347.82,0.0,Completed
2023-05-19,Salalah,Wholesale,Smartphones,17,213.26,134.4,3625.43,3625.43,1340.71,0.0,Completed
2023-05-19,Sohar,Online,Accessories,1,27.12,18.1,27.12,0.0,-7.1,7.1,Returned
2023-05-20,Muscat,Retail,Smartphones,5,270.63,172.23,1353.14,1353.14,491.99,0.0,Completed
2023-05-20,Muscat,Online,Laptops,1,351.28,217.29,351.28,351.28,133.99,0.0,Completed
2023-05-20,Muscat,Retail,Wearables,1,75.31,41.81,75.31,75.31,33.51,0.0,Completed
2023-05-20,Nizwa,Retail,Wearables,1,75.68,47.22,75.68,75.68,28.45,0.0,Completed
2023-05-21,Sohar,Retail,Accessories,5,23.49,14.87,117.46,117.46,43.11,0.0,Completed
2023-05-22,Sohar,Online,Smartphones,3,228.82,148.4,686.47,686.47,241.28,0.0,Completed
2023-05-22,Muscat,Retail,Laptops,2,330.14,204.85,660.28,660.28,250.59,0.0,Completed
2023-05-22,Muscat,Online,Smartphones,1,264.92,181.13,264.92,264.92,83.79,0.0,Completed
2023-05-22,Muscat,Wholesale,Tablets,60,111.46,97.47,6687.7,6687.7,839.31,0.0,Completed
2023-05-22,Muscat,Retail,Tablets,1,149.29,76.75,149.29,0.0,-24.99,24.99,Returned
2023-05-22,Muscat,Online,Accessories,5,26.66,17.72,133.31,133.31,44.72,0.0,Completed
2023-05-22,Nizwa,Wholesale,Smartphones,80,202.06,157.02,16164.52,16164.52,3602.89,0.0,Completed
2023-05-22,Sohar,Retail,Tablets,4,157.51,79.36,630.05,630.05,312.62,0.0,Completed
2023-05-22,Sohar,Online,Accessories,5,25.36,15.49,126.79,126.79,49.36,0.0,Completed
2023-05-23,Sohar,Retail,Smartphones,4,266.4,143.02,1065.58,1065.58,493.5,0.0,Completed
2023-05-23,Muscat,Retail,Wearables,2,82.86,42.36,165.73,165.73,81.0,0.0,Completed
2023-05-23,Muscat,Retail,Smartphones,4,234.07,147.27,936.29,936.29,347.22,0.0,Completed
2023-05-23,Sohar,Retail,Smartphones,1,240.81,161.0,240.81,240.81,79.81,0.0,Completed
2023-05-23,Salalah,Retail,Accessories,2,26.87,15.89,53.74,53.74,21.95,0.0,Completed
2023-05-23,Muscat,Wholesale,Smartphones,36,189.36,157.18,6817.08,6817.08,1158.47,0.0,Completed
2023-05-24,Sohar,Online,Wearables,4,74.39,38.69,297.57,297.57,142.81,0.0,Completed
2023-05-24,Muscat,Online,Tablets,3,162.49,83.12,487.47,487.47,238.1,0.0,Completed
2023-05-24,Salalah,Retail,Laptops,1,378.44,219.05,378.44,378.44,159.4,0.0,Completed
2023-05-24,Muscat,Retail,Tablets,3,146.08,82.27,438.24,438.24,191.43,0.0,Completed
2023-05-24,Sohar,Retail,Accessories,1,23.91,16.51,23.91,23.91,7.4,0.0,Completed
2023-05-24,Salalah,Retail,Smartphones,4,257.71,179.13,1030.84,1030.84,314.33,0.0,Completed
2023-05-24,Muscat,Wholesale,Accessories,64,20.76,17.84,1328.67,1328.67,187.17,0.0,Completed
2023-05-25,Salalah,Online,Tablets,4,147.95,80.62,591.81,591.81,269.33,0.0,Completed
2023-05-25,Muscat,Retail,Smartphones,2,264.25,143.21,528.51,528.51,242.09,0.0,Completed
2023-05-25,Sohar,Retail,Wearables,1,87.57,48.43,87.57,0.0,-11.21,11.21,Returned
2023-05-25,Salalah,Online,Smartphones,5,253.86,173.58,1269.31,0.0,-698.29,698.29,Returned
2023-05-26,Sohar,Online,Accessories,2,26.67,15.85,53.34,53.34,21.64,0.0,Completed
2023-05-26,Nizwa,Online,Accessories,3,22.77,13.24,68.31,68.31,28.59,0.0,Completed
2023-05-26,Salalah,Online,Smartphones,2,272.96,151.11,545.93,545.93,243.7,0.0,Completed
2023-05-27,Muscat,Wholesale,Wearables,36,67.85,49.36,2442.76,2442.76,665.7,0.0,Completed
2023-05-27,Muscat,Online,Wearables,1,74.4,45.66,74.4,74.4,28.74,0.0,Completed
2023-05-27,Nizwa,Retail,Tablets,3,141.56,71.46,424.69,424.69,210.3,0.0,Completed
2023-05-27,Salalah,Online,Smartphones,5,236.5,130.99,1182.5,1182.5,527.56,0.0,Completed
2023-05-27,Sohar,Online,Smartphones,4,233.22,142.31,932.87,932.87,363.64,0.0,Completed
2023-05-28,Salalah,Retail,Smartphones,3,264.63,173.95,793.89,793.89,272.05,0.0,Completed
2023-05-28,Salalah,Online,Smartphones,4,270.68,165.58,1082.7,1082.7,420.4,0.0,Completed
2023-05-28,Muscat,Online,Smartphones,4,227.32,155.01,909.29,909.29,289.23,0.0,Completed
2023-05-28,Muscat,Retail,Accessories,4,24.01,13.53,96.05,96.05,41.91,0.0,Completed
2023-05-28,Salalah,Retail,Laptops,5,381.53,214.56,1907.67,1907.67,834.87,0.0,Completed
2023-05-29,Sohar,Online,Laptops,2,382.09,234.12,764.18,764.18,295.95,0.0,Completed
2023-05-29,Nizwa,Online,Smartphones,4,262.64,149.4,1050.56,1050.56,452.96,0.0,Completed
2023-05-29,Muscat,Online,Accessories,4,26.58,18.58,106.3,106.3,31.98,0.0,Completed
2023-05-29,Nizwa,Retail,Wearables,3,77.07,38.63,231.21,231.21,115.32,0.0,Completed
2023-05-29,Muscat,Retail,Smartphones,3,230.23,148.3,690.68,0.0,-253.27,253.27,Returned
2023-05-29,Muscat,Retail,Laptops,5,320.73,211.2,1603.67,1603.67,547.66,0.0,Completed
2023-05-29,Muscat,Online,Smartphones,2,269.21,162.15,538.42,0.0,-65.86,65.86,Returned
2023-05-30,Muscat,Wholesale,Accessories,30,20.9,15.4,626.93,626.93,164.92,0.0,Completed
2023-05-30,Sohar,Retail,Accessories,2,23.4,13.88,46.81,46.81,19.06,0.0,Completed
2023-05-30,Muscat,Retail,Smartphones,1,272.66,154.14,272.66,272.66,118.53,0.0,Completed
2023-05-30,Salalah,Retail,Accessories,4,25.58,13.13,102.33,102.33,49.81,0.0,Completed
2023-05-30,Nizwa,Online,Accessories,2,25.06,14.83,50.13,50.13,20.47,0.0,Completed
2023-05-30,Muscat,Retail,Wearables,3,72.92,48.28,218.75,218.75,73.9,0.0,Completed
2023-05-31,Muscat,Online,Smartphones,1,229.07,144.24,229.07,229.07,84.83,0.0,Completed
2023-05-31,Muscat,Wholesale,Smartphones,30,207.97,178.31,6239.23,6239.23,889.95,0.0,Completed
2023-05-31,Salalah,Online,Laptops,4,372.33,234.57,1489.32,0.0,-901.29,901.29,Returned
2023-05-31,Muscat,Online,Accessories,2,23.16,14.26,46.32,46.32,17.8,0.0,Completed
2023-05-31,Muscat,Online,Accessories,5,23.73,12.67,118.65,118.65,55.32,0.0,Completed
2023-05-31,Salalah,Wholesale,Wearables,42,65.06,43.56,2732.52,2732.52,903.03,0.0,Completed
2023-05-31,Salalah,Retail,Smartphones,3,258.7,151.06,776.1,776.1,322.93,0.0,Completed
2023-06-01,Muscat,Retail,Smartphones,3,271.47,168.44,814.41,814.41,309.11,0.0,Completed
2023-06-01,Salalah,Wholesale,Smartphones,76,183.93,141.97,13978.51,13978.51,3188.82,0.0,Completed
2023-06-01,Muscat,Retail,Smartphones,2,248.8,150.28,497.6,497.6,197.04,0.0,Completed
2023-06-01,Nizwa,Wholesale,Wearables,34,67.87,53.86,2307.53,2307.53,476.25,0.0,Completed
2023-06-01,Sohar,Retail,Accessories,3,27.23,17.41,81.7,81.7,29.48,0.0,Completed
2023-06-01,Muscat,Retail,Laptops,3,327.69,172.66,983.06,983.06,465.08,0.0,Completed
2023-06-01,Muscat,Retail,Wearables,4,75.7,38.11,302.8,0.0,-33.82,33.82,Returned
2023-06-01,Nizwa,Online,Laptops,5,338.12,224.55,1690.61,1690.61,567.85,0.0,Completed
2023-06-01,Salalah,Retail,Wearables,5,82.84,54.57,414.2,414.2,141.33,0.0,Completed
2023-06-01,Salalah,Retail,Accessories,2,23.85,13.41,47.71,47.71,20.89,0.0,Completed
2023-06-02,Salalah,Retail,Accessories,2,24.81,16.63,49.62,49.62,16.37,0.0,Completed
2023-06-02,Nizwa,Online,Wearables,3,81.63,44.57,244.9,244.9,111.2,0.0,Completed
2023-06-02,Nizwa,Online,Accessories,3,23.02,11.81,69.06,69.06,33.63,0.0,Completed
2023-06-02,Muscat,Online,Smartphones,1,268.6,172.54,268.6,268.6,96.06,0.0,Completed
2023-06-03,Sohar,Wholesale,Smartphones,12,207.53,169.51,2490.33,2490.33,456.18,0.0,Completed
2023-06-03,Salalah,Retail,Smartphones,2,237.27,151.48,474.53,474.53,171.57,0.0,Completed
2023-06-03,Salalah,Online,Smartphones,3,263.65,173.41,790.96,790.96,270.72,0.0,Completed
2023-06-03,Sohar,Online,Accessories,3,27.34,16.22,82.01,0.0,-23.68,23.68,Returned
2023-06-04,Muscat,Online,Smartphones,4,243.38,169.61,973.5,973.5,295.06,0.0,Completed
2023-06-04,Salalah,Online,Laptops,4,378.94,262.2,1515.78,1515.78,467.0,0.0,Completed
2023-06-04,Nizwa,Retail,Smartphones,5,249.37,139.86,1246.87,1246.87,547.56,0.0,Completed
2023-06-04,Sohar,Retail,Accessories,1,25.04,12.88,25.04,25.04,12.16,0.0,Completed
2023-06-04,Salalah,Online,Smartphones,2,238.44,151.58,476.88,476.88,173.71,0.0,Completed
2023-06-05,Nizwa,Retail,Accessories,3,25.11,13.44,75.33,75.33,35.0,0.0,Completed
2023-06-05,Sohar,Retail,Accessories,5,26.79,15.55,133.93,133.93,56.16,0.0,Completed
2023-06-05,Sohar,Online,Smartphones,5,236.67,124.01,1183.37,1183.37,563.33,0.0,Completed
2023-06-05,Muscat,Online,Wearables,1,86.54,53.91,86.54,86.54,32.64,0.0,Completed
2023-06-05,Nizwa,Online,Laptops,4,342.78,174.95,1371.12,1371.12,671.32,0.0,Completed
2023-06-06,Sohar,Wholesale,Accessories,20,19.56,12.71,391.14,391.14,136.92,0.0,Completed
2023-06-06,Salalah,Retail,Accessories,1,25.27,17.62,25.27,25.27,7.65,0.0,Completed
2023-06-06,Salalah,Online,Wearables,3,84.34,54.2,253.01,253.01,90.41,0.0,Completed
2023-06-07,Sohar,Retail,Smartphones,5,271.88,141.33,1359.42,1359.42,652.79,0.0,Completed
2023-06-07,Muscat,Retail,Accessories,2,24.9,16.25,49.81,49.81,17.31,0.0,Completed
2023-06-07,Salalah,Wholesale,Wearables,68,66.7,43.08,4535.29,4535.29,1605.81,0.0,Completed
2023-06-07,Sohar,Online,Accessories,1,26.44,16.49,26.44,26.44,9.95,0.0,Completed
2023-06-07,Muscat,Retail,Smartphones,4,242.46,155.54,969.82,969.82,347.66,0.0,Completed
2023-06-08,Salalah,Retail,Tablets,4,151.12,98.32,604.48,604.48,211.21,0.0,Completed
2023-06-08,Nizwa,Retail,Smartphones,3,269.93,171.57,809.8,809.8,295.09,0.0,Completed
2023-06-08,Muscat,Retail,Laptops,4,367.36,220.48,1469.46,1469.46,587.55,0.0,Completed
2023-06-08,Muscat,Retail,Laptops,2,342.21,210.34,684.42,684.42,263.74,0.0,Completed
2023-06-08,Muscat,Retail,Smartphones,1,247.61,129.83,247.61,247.61,117.78,0.0,Completed
2023-06-08,Muscat,Online,Laptops,1,332.48,229.32,332.48,332.48,103.16,0.0,Completed
2023-06-08,Nizwa,Retail,Smartphones,2,244.07,138.58,488.14,488.14,210.99,0.0,Completed
2023-06-09,Sohar,Online,Laptops,1,349.77,242.88,349.77,349.77,106.89,0.0,Completed
2023-06-09,Nizwa,Retail,Laptops,1,329.48,203.22,329.48,329.48,126.26,0.0,Completed
2023-06-10,Sohar,Online,Laptops,1,329.49,192.81,329.49,329.49,136.68,0.0,Completed
2023-06-10,Sohar,Retail,Accessories,1,26.46,18.29,26.46,26.46,8.17,0.0,Completed
2023-06-10,Muscat,Online,Smartphones,4,257.72,136.58,1030.87,1030.87,484.55,0.0,Completed
2023-06-10,Muscat,Retail,Smartphones,4,258.19,142.16,1032.77,1032.77,464.12,0.0,Completed
2023-06-10,Salalah,Wholesale,Laptops,33,298.0,217.13,9834.03,9834.03,2668.64,0.0,Completed
2023-06-10,Muscat,Retail,Accessories,5,26.0,16.37,129.99,129.99,48.13,0.0,Completed
2023-06-10,Nizwa,Retail,Wearables,1,76.16,49.39,76.16,76.16,26.77,0.0,Completed
2023-06-11,Sohar,Retail,Accessories,4,23.21,12.21,92.85,92.85,44.02,0.0,Completed
2023-06-11,Muscat,Retail,Smartphones,4,256.21,169.26,1024.85,1024.85,347.82,0.0,Completed
2023-06-11,Nizwa,Retail,Wearables,5,83.36,50.42,416.8,0.0,-66.41,66.41,Returned
2023-06-12,Muscat,Retail,Laptops,1,323.22,196.07,323.22,323.22,127.15,0.0,Completed
2023-06-12,Salalah,Retail,Accessories,5,23.42,15.32,117.12,117.12,40.54,0.0,Completed
2023-06-12,Salalah,Online,Accessories,5,25.23,13.22,126.17,126.17,60.07,0.0,Completed
2023-06-13,Muscat,Online,Accessories,3,24.83,12.79,74.49,74.49,36.13,0.0,Completed
2023-06-13,Salalah,Online,Accessories,4,25.45,16.26,101.8,101.8,36.76,0.0,Completed
2023-06-13,Salalah,Online,Laptops,1,329.18,170.59,329.18,329.18,158.59,0.0,Completed
2023-06-13,Salalah,Wholesale,Wearables,100,61.07,40.23,6106.55,0.0,-3939.11,3939.11,Returned
2023-06-13,Nizwa,Retail,Accessories,2,25.97,16.4,51.93,51.93,19.14,0.0,Completed
2023-06-13,Muscat,Online,Smartphones,5,235.99,155.26,1179.93,1179.93,403.63,0.0,Completed
2023-06-14,Sohar,Online,Tablets,3,146.57,74.7,439.72,439.72,215.62,0.0,Completed
2023-06-14,Muscat,Retail,Accessories,1,23.89,15.47,23.89,23.89,8.42,0.0,Completed
2023-06-14,Muscat,Retail,Accessories,5,22.6,12.71,112.98,112.98,49.43,0.0,Completed
2023-06-14,Muscat,Online,Smartphones,4,235.03,122.27,940.11,940.11,451.03,0.0,Completed
2023-06-14,Sohar,Retail,Smartphones,1,245.29,156.26,245.29,245.29,89.02,0.0,Completed
2023-06-14,Sohar,Retail,Tablets,5,146.72,75.86,733.62,733.62,354.35,0.0,Completed
2023-06-15,Nizwa,Retail,Accessories,1,24.47,12.51,24.47,24.47,11.95,0.0,Completed
2023-06-15,Muscat,Online,Smartphones,4,241.73,141.39,966.93,966.93,401.36,0.0,Completed
2023-06-16,Nizwa,Online,Smartphones,3,256.28,146.27,768.85,768.85,330.04,0.0,Completed
2023-06-16,Muscat,Online,Smartphones,2,272.99,168.3,545.98,545.98,209.37,0.0,Completed
2023-06-16,Salalah,Retail,Smartphones,3,237.59,165.58,712.77,712.77,216.04,0.0,Completed
2023-06-16,Muscat,Online,Laptops,4,332.5,188.83,1330.01,1330.01,574.67,0.0,Completed
2023-06-16,Muscat,Online,Tablets,3,139.84,93.82,419.52,419.52,138.05,0.0,Completed
2023-06-16,Muscat,Retail,Accessories,5,23.75,11.9,118.75,118.75,59.26,0.0,Completed
2023-06-17,Nizwa,Online,Smartphones,4,258.11,138.62,1032.44,1032.44,477.96,0.0,Completed
2023-06-17,Sohar,Online,Smartphones,4,227.33,151.75,909.33,909.33,302.33,0.0,Completed
2023-06-17,Nizwa,Retail,Smartphones,3,255.91,165.35,767.74,767.74,271.69,0.0,Completed
2023-06-17,Salalah,Retail,Smartphones,1,272.9,153.81,272.9,272.9,119.09,0.0,Completed
2023-06-18,Salalah,Retail,Laptops,1,321.1,199.28,321.1,321.1,121.82,0.0,Completed
2023-06-18,Sohar,Online,Laptops,3,350.57,242.84,1051.7,1051.7,323.18,0.0,Completed
2023-06-18,Sohar,Online,Smartphones,5,229.1,123.19,1145.52,1145.52,529.58,0.0,Completed
2023-06-18,Nizwa,Retail,Accessories,2,26.32,14.88,52.65,52.65,22.89,0.0,Completed
2023-06-18,Muscat,Retail,Smartphones,2,253.42,167.06,506.85,0.0,-145.02,145.02,Returned
2023-06-18,Sohar,Online,Smartphones,1,235.37,118.5,235.37,235.37,116.87,0.0,Completed
2023-06-19,Muscat,Online,Wearables,4,81.01,52.1,324.03,0.0,-131.29,131.29,Returned
2023-06-19,Salalah,Online,Accessories,4,23.54,16.1,94.16,94.16,29.78,0.0,Completed
2023-06-19,Muscat,Retail,Laptops,4,366.35,189.52,1465.4,1465.4,707.31,0.0,Completed
2023-06-19,Sohar,Retail,Smartphones,1,254.07,127.54,254.07,254.07,126.53,0.0,Completed
2023-06-19,Muscat,Online,Laptops,3,347.03,200.12,1041.08,1041.08,440.72,0.0,Completed
2023-06-19,Muscat,Retail,Smartphones,4,253.92,145.91,1015.69,1015.69,432.07,0.0,Completed
2023-06-20,Sohar,Online,Accessories,5,22.63,13.64,113.17,113.17,44.95,0.0,Completed
2023-06-20,Salalah,Online,Smartphones,3,270.02,151.08,810.05,810.05,356.81,0.0,Completed
2023-06-20,Muscat,Retail,Accessories,3,25.95,14.95,77.85,77.85,33.01,0.0,Completed
2023-06-20,Muscat,Online,Accessories,3,24.92,13.59,74.76,74.76,34.0,0.0,Completed
2023-06-20,Muscat,Retail,Accessories,2,25.13,13.22,50.26,50.26,23.81,0.0,Completed
2023-06-20,Muscat,Online,Smartphones,1,264.03,162.66,264.03,264.03,101.37,0.0,Completed
2023-06-21,Sohar,Online,Laptops,2,362.43,252.92,724.86,724.86,219.03,0.0,Completed
2023-06-21,Nizwa,Retail,Smartphones,5,244.32,161.53,1221.59,1221.59,413.93,0.0,Completed
2023-06-21,Muscat,Online,Smartphones,3,260.7,173.82,782.11,782.11,260.65,0.0,Completed
2023-06-21,Salalah,Online,Tablets,1,151.4,97.25,151.4,151.4,54.16,0.0,Completed
2023-06-21,Nizwa,Retail,Tablets,2,139.46,88.89,278.92,278.92,101.14,0.0,Completed
2023-06-21,Muscat,Retail,Smartphones,4,241.03,148.3,964.1,964.1,370.9,0.0,Completed
2023-06-21,Salalah,Online,Smartphones,2,233.87,146.01,467.74,467.74,175.72,0.0,Completed
2023-06-21,Sohar,Retail,Smartphones,5,247.43,162.91,1237.14,1237.14,422.58,0.0,Completed
2023-06-22,Salalah,Wholesale,Smartphones,30,198.94,171.36,5968.12,5968.12,827.43,0.0,Completed
2023-06-22,Sohar,Online,Smartphones,4,271.11,169.9,1084.45,1084.45,404.83,0.0,Completed
2023-06-22,Salalah,Online,Laptops,3,335.34,175.2,1006.03,1006.03,480.43,0.0,Completed
2023-06-22,Muscat,Retail,Accessories,3,24.65,15.47,73.94,73.94,27.53,0.0,Completed
2023-06-22,Nizwa,Retail,Smartphones,5,255.52,174.01,1277.6,1277.6,407.54,0.0,Completed
2023-06-22,Nizwa,Wholesale,Accessories,68,19.21,15.78,1306.05,1306.05,233.34,0.0,Completed
2023-06-22,Muscat,Online,Smartphones,2,228.93,121.04,457.86,457.86,215.79,0.0,Completed
2023-06-22,Sohar,Online,Accessories,3,27.31,17.97,81.92,81.92,28.02,0.0,Completed
2023-06-22,Nizwa,Wholesale,Laptops,56,270.29,185.52,15136.21,15136.21,4746.85,0.0,Completed
2023-06-22,Muscat,Retail,Smartphones,1,268.49,182.67,268.49,268.49,85.82,0.0,Completed
2023-06-23,Muscat,Online,Laptops,2,337.51,202.9,675.01,675.01,269.21,0.0,Completed
2023-06-23,Salalah,Retail,Wearables,2,77.64,49.8,155.28,155.28,55.68,0.0,Completed
2023-06-23,Salalah,Online,Smartphones,4,267.78,165.5,1071.13,1071.13,409.13,0.0,Completed
2023-06-23,Muscat,Retail,Smartphones,1,251.23,175.86,251.23,251.23,75.38,0.0,Completed
2023-06-23,Sohar,Online,Laptops,2,380.15,208.0,760.31,760.31,344.31,0.0,Completed
2023-06-23,Salalah,Online,Smartphones,3,255.07,164.07,765.21,765.21,273.01,0.0,Completed
2023-06-24,Salalah,Retail,Laptops,2,316.4,208.06,632.8,632.8,216.67,0.0,Completed
2023-06-24,Muscat,Retail,Smartphones,3,246.04,162.78,738.13,738.13,249.79,0.0,Completed
2023-06-24,Muscat,Retail,Smartphones,5,249.24,162.22,1246.2,1246.2,435.12,0.0,Completed
2023-06-25,Nizwa,Online,Smartphones,5,246.05,129.26,1230.26,1230.26,583.95,0.0,Completed
2023-06-25,Muscat,Wholesale,Smartphones,56,188.57,157.44,10559.89,10559.89,1743.2,0.0,Completed
2023-06-25,Muscat,Online,Accessories,4,25.6,16.45,102.39,102.39,36.61,0.0,Completed
2023-06-25,Muscat,Retail,Smartphones,2,255.7,130.04,511.4,0.0,-166.49,166.49,Returned
2023-06-25,Sohar,Wholesale,Tablets,11,108.55,70.28,1194.03,1194.03,420.96,0.0,Completed
2023-06-26,Sohar,Retail,Wearables,2,87.95,54.66,175.89,175.89,66.57,0.0,Completed
2023-06-26,Muscat,Retail,Laptops,2,378.94,238.46,757.88,757.88,280.97,0.0,Completed
2023-06-26,Salalah,Online,Laptops,1,376.41,208.81,376.41,376.41,167.61,0.0,Completed
2023-06-26,Muscat,Retail,Smartphones,4,248.26,133.96,993.04,993.04,457.21,0.0,Completed
2023-06-27,Muscat,Retail,Smartphones,5,273.32,163.88,1366.6,1366.6,547.21,0.0,Completed
2023-06-27,Sohar,Retail,Laptops,4,367.96,205.16,1471.84,1471.84,651.21,0.0,Completed
2023-06-27,Sohar,Retail,Accessories,2,23.75,12.09,47.5,47.5,23.32,0.0,Completed
2023-06-27,Muscat,Online,Smartphones,2,236.56,153.09,473.12,473.12,166.94,0.0,Completed
2023-06-27,Nizwa,Retail,Wearables,1,74.1,50.47,74.1,74.1,23.63,0.0,Completed
2023-06-27,Muscat,Retail,Tablets,2,148.47,75.25,296.94,296.94,146.43,0.0,Completed
2023-06-27,Muscat,Retail,Wearables,1,80.16,44.4,80.16,80.16,35.75,0.0,Completed
2023-06-27,Muscat,Retail,Laptops,2,315.94,195.19,631.88,631.88,241.5,0.0,Completed
2023-06-28,Sohar,Wholesale,Tablets,11,129.24,106.5,1421.6,1421.6,250.07,0.0,Completed
2023-06-28,Sohar,Online,Smartphones,1,229.4,140.27,229.4,229.4,89.14,0.0,Completed
2023-06-28,Muscat,Online,Accessories,5,26.62,13.46,133.08,133.08,65.78,0.0,Completed
2023-06-28,Muscat,Online,Accessories,4,26.61,16.17,106.46,106.46,41.79,0.0,Completed
2023-06-28,Sohar,Online,Accessories,2,25.38,14.86,50.76,50.76,21.04,0.0,Completed
2023-06-28,Salalah,Retail,Tablets,4,147.7,74.52,590.79,590.79,292.7,0.0,Completed
2023-06-29,Salalah,Online,Laptops,5,336.35,171.15,1681.73,1681.73,825.98,0.0,Completed
2023-06-29,Muscat,Online,Accessories,3,24.68,15.0,74.03,74.03,29.04,0.0,Completed
2023-06-29,Nizwa,Retail,Laptops,1,330.53,185.61,330.53,330.53,144.92,0.0,Completed
2023-06-29,Muscat,Retail,Tablets,2,154.4,96.64,308.8,308.8,115.51,0.0,Completed
2023-06-30,Nizwa,Online,Accessories,2,25.19,13.66,50.37,50.37,23.05,0.0,Completed
2023-06-30,Muscat,Wholesale,Accessories,48,21.68,18.66,1040.5,1040.5,144.71,0.0,Completed
2023-06-30,Salalah,Wholesale,Wearables,14,61.93,40.08,867.08,867.08,305.94,0.0,Completed
2023-06-30,Muscat,Online,Smartphones,1,229.08,141.91,229.08,229.08,87.17,0.0,Completed
2023-06-30,Salalah,Wholesale,Wearables,33,62.46,50.95,2061.26,2061.26,379.78,0.0,Completed
2023-06-30,Salalah,Wholesale,Laptops,26,262.69,169.87,6829.9,6829.9,2413.39,0.0,Completed
2023-06-30,Sohar,Online,Accessories,3,23.17,15.5,69.52,69.52,23.03,0.0,Completed
2023-07-01,Muscat,Online,Accessories,5,25.02,17.09,125.09,125.09,39.65,0.0,Completed
2023-07-01,Salalah,Retail,Accessories,2,25.29,16.62,50.57,50.57,17.33,0.0,Completed
2023-07-01,Sohar,Online,Laptops,1,362.37,241.46,362.37,362.37,120.91,0.0,Completed
2023-07-01,Muscat,Online,Laptops,3,349.14,195.9,1047.43,1047.43,459.73,0.0,Completed
2023-07-02,Muscat,Retail,Laptops,1,324.9,200.0,324.9,324.9,124.9,0.0,Completed
2023-07-02,Muscat,Retail,Accessories,1,24.28,15.22,24.28,24.28,9.06,0.0,Completed
2023-07-02,Nizwa,Online,Accessories,5,24.68,17.05,123.4,123.4,38.16,0.0,Completed
2023-07-02,Muscat,Retail,Smartphones,5,270.36,187.62,1351.79,1351.79,413.68,0.0,Completed
2023-07-02,Sohar,Retail,Smartphones,1,237.57,140.03,237.57,237.57,97.53,0.0,Completed
2023-07-03,Muscat,Wholesale,Smartphones,90,185.24,119.44,16671.5,16671.5,5921.83,0.0,Completed
2023-07-03,Muscat,Online,Accessories,1,24.59,15.93,24.59,24.59,8.66,0.0,Completed
2023-07-03,Muscat,Retail,Smartphones,3,250.02,140.05,750.06,750.06,329.9,0.0,Completed
2023-07-03,Salalah,Online,Tablets,1,144.12,79.86,144.12,144.12,64.25,0.0,Completed
2023-07-03,Salalah,Retail,Smartphones,5,237.22,126.61,1186.11,1186.11,553.05,0.0,Completed
2023-07-03,Muscat,Retail,Smartphones,2,237.45,163.27,474.91,474.91,148.36,0.0,Completed
2023-07-03,Nizwa,Retail,Tablets,2,135.8,72.58,271.6,271.6,126.44,0.0,Completed
2023-07-04,Salalah,Online,Accessories,1,23.31,13.85,23.31,23.31,9.47,0.0,Completed
2023-07-04,Muscat,Online,Smartphones,3,244.26,165.77,732.79,732.79,235.48,0.0,Completed
2023-07-04,Muscat,Retail,Wearables,5,83.96,51.03,419.79,419.79,164.63,0.0,Completed
2023-07-05,Muscat,Retail,Accessories,5,23.51,12.97,117.55,117.55,52.71,0.0,Completed
2023-07-06,Salalah,Retail,Laptops,2,374.62,255.35,749.24,749.24,238.54,0.0,Completed
2023-07-06,Nizwa,Online,Accessories,5,22.95,14.58,114.76,114.76,41.84,0.0,Completed
2023-07-06,Sohar,Retail,Smartphones,3,236.32,153.18,708.95,708.95,249.4,0.0,Completed
2023-07-06,Muscat,Retail,Tablets,3,164.33,106.86,492.98,492.98,172.4,0.0,Completed
2023-07-06,Muscat,Online,Laptops,5,349.82,209.63,1749.08,1749.08,700.91,0.0,Completed
2023-07-06,Salalah,Online,Wearables,1,78.41,48.22,78.41,78.41,30.19,0.0,Completed
2023-07-07,Nizwa,Online,Wearables,3,78.24,41.25,234.71,234.71,110.95,0.0,Completed
2023-07-07,Muscat,Retail,Smartphones,2,227.46,147.36,454.92,454.92,160.21,0.0,Completed
2023-07-07,Salalah,Retail,Wearables,1,85.72,46.32,85.72,85.72,39.4,0.0,Completed
2023-07-07,Muscat,Retail,Accessories,1,25.03,12.58,25.03,25.03,12.45,0.0,Completed
2023-07-08,Sohar,Wholesale,Accessories,100,19.92,14.21,1991.84,1991.84,570.89,0.0,Completed
2023-07-08,Sohar,Online,Laptops,5,382.45,250.85,1912.27,1912.27,658.03,0.0,Completed
2023-07-08,Muscat,Retail,Laptops,4,328.46,187.95,1313.86,1313.86,562.06,0.0,Completed
2023-07-08,Muscat,Retail,Accessories,3,26.3,17.89,78.91,78.91,25.24,0.0,Completed
2023-07-08,Muscat,Online,Laptops,5,342.55,176.17,1712.76,1712.76,831.9,0.0,Completed
2023-07-09,Sohar,Online,Accessories,5,25.71,14.08,128.54,128.54,58.15,0.0,Completed
2023-07-09,Salalah,Retail,Tablets,2,140.01,70.21,280.01,280.01,139.6,0.0,Completed
2023-07-09,Salalah,Online,Smartphones,2,250.12,145.33,500.23,500.23,209.57,0.0,Completed
2023-07-09,Nizwa,Retail,Laptops,1,349.9,213.81,349.9,349.9,136.09,0.0,Completed
2023-07-10,Muscat,Retail,Accessories,3,23.24,11.8,69.72,69.72,34.33,0.0,Completed
2023-07-10,Sohar,Retail,Tablets,3,143.79,95.8,431.36,431.36,143.95,0.0,Completed
2023-07-10,Muscat,Online,Accessories,4,26.19,14.74,104.78,104.78,45.83,0.0,Completed
2023-07-10,Salalah,Online,Accessories,1,27.2,16.57,27.2,27.2,10.63,0.0,Completed
2023-07-10,Muscat,Wholesale,Accessories,26,19.01,11.91,494.14,494.14,184.51,0.0,Completed
2023-07-10,Muscat,Online,Smartphones,5,250.72,166.83,1253.62,1253.62,419.45,0.0,Completed
2023-07-11,Salalah,Online,Smartphones,1,254.16,157.78,254.16,254.16,96.39,0.0,Completed
2023-07-11,Nizwa,Retail,Wearables,2,73.98,47.87,147.96,147.96,52.21,0.0,Completed
2023-07-11,Muscat,Retail,Tablets,3,143.07,98.8,429.2,429.2,132.82,0.0,Completed
2023-07-11,Sohar,Retail,Wearables,5,82.82,53.38,414.09,414.09,147.21,0.0,Completed
2023-07-12,Muscat,Online,Smartphones,3,238.02,138.23,714.06,714.06,299.35,0.0,Completed
2023-07-12,Sohar,Retail,Smartphones,4,264.88,157.32,1059.54,1059.54,430.27,0.0,Completed
2023-07-12,Muscat,Online,Tablets,5,153.7,95.42,768.49,768.49,291.4,0.0,Completed
2023-07-12,Muscat,Retail,Tablets,2,156.11,104.71,312.21,312.21,102.8,0.0,Completed
2023-07-12,Salalah,Retail,Smartphones,2,256.84,155.1,513.67,513.67,203.47,0.0,Completed
2023-07-13,Nizwa,Online,Accessories,3,26.94,13.83,80.83,80.83,39.35,0.0,Completed
2023-07-13,Muscat,Retail,Wearables,1,77.34,41.02,77.34,77.34,36.32,0.0,Completed
2023-07-13,Muscat,Online,Smartphones,4,234.96,157.9,939.83,939.83,308.24,0.0,Completed
2023-07-13,Muscat,Retail,Tablets,4,164.52,111.18,658.09,658.09,213.39,0.0,Completed
2023-07-13,Salalah,Retail,Tablets,4,137.63,71.03,550.52,550.52,266.4,0.0,Completed
2023-07-13,Sohar,Retail,Smartphones,5,260.71,146.67,1303.56,0.0,-438.47,438.47,Returned
2023-07-13,Muscat,Online,Accessories,1,22.52,14.59,22.52,22.52,7.93,0.0,Completed
2023-07-13,Salalah,Online,Smartphones,3,252.46,174.98,757.38,757.38,232.45,0.0,Completed
2023-07-13,Nizwa,Retail,Wearables,3,80.55,51.33,241.66,241.66,87.67,0.0,Completed
2023-07-14,Nizwa,Wholesale,Tablets,60,130.83,90.5,7849.58,7849.58,2419.85,0.0,Completed
2023-07-14,Salalah,Retail,Accessories,1,24.27,15.26,24.27,24.27,9.01,0.0,Completed
2023-07-14,Salalah,Online,Smartphones,3,242.68,151.17,728.05,728.05,274.53,0.0,Completed
2023-07-14,Sohar,Retail,Accessories,2,23.66,15.64,47.33,47.33,16.05,0.0,Completed
2023-07-14,Nizwa,Wholesale,Tablets,13,110.62,78.11,1438.11,1438.11,422.65,0.0,Completed
2023-07-14,Muscat,Online,Tablets,3,143.81,80.33,431.43,431.43,190.46,0.0,Completed
2023-07-14,Salalah,Online,Accessories,2,25.63,16.23,51.27,51.27,18.8,0.0,Completed
2023-07-15,Muscat,Retail,Accessories,4,23.84,14.45,95.37,95.37,37.58,0.0,Completed
2023-07-15,Muscat,Retail,Smartphones,4,254.7,175.19,1018.79,1018.79,318.02,0.0,Completed
2023-07-16,Muscat,Retail,Tablets,2,155.22,88.38,310.44,310.44,133.68,0.0,Completed
2023-07-16,Muscat,Retail,Accessories,4,23.67,12.24,94.66,94.66,45.71,0.0,Completed
2023-07-16,Muscat,Retail,Laptops,4,339.81,205.56,1359.25,1359.25,537.01,0.0,Completed
2023-07-16,Salalah,Online,Tablets,4,135.27,81.54,541.07,541.07,214.93,0.0,Completed
2023-07-16,Sohar,Online,Tablets,3,142.32,96.85,426.96,426.96,136.42,0.0,Completed
2023-07-16,Muscat,Online,Laptops,2,354.05,215.04,708.1,708.1,278.02,0.0,Completed
2023-07-16,Salalah,Online,Smartphones,5,266.04,169.75,1330.19,1330.19,481.42,0.0,Completed
2023-07-16,Nizwa,Retail,Accessories,4,23.79,12.74,95.17,95.17,44.2,0.0,Completed
2023-07-16,Sohar,Online,Smartphones,2,267.69,158.19,535.37,535.37,218.99,0.0,Completed
2023-07-16,Salalah,Wholesale,Tablets,60,126.97,91.51,7618.21,7618.21,2127.8,0.0,Completed
2023-07-17,Salalah,Retail,Smartphones,3,265.0,163.85,795.01,795.01,303.47,0.0,Completed
2023-07-17,Salalah,Retail,Wearables,4,81.8,55.5,327.2,327.2,105.18,0.0,Completed
2023-07-17,Salalah,Retail,Smartphones,4,237.84,156.78,951.36,951.36,324.23,0.0,Completed
2023-07-17,Nizwa,Retail,Smartphones,4,230.7,151.33,922.81,922.81,317.5,0.0,Completed
2023-07-17,Muscat,Retail,Laptops,1,353.14,228.5,353.14,353.14,124.64,0.0,Completed
2023-07-17,Sohar,Retail,Smartphones,3,254.45,153.7,763.35,763.35,302.25,0.0,Completed
2023-07-17,Salalah,Online,Laptops,1,343.77,224.44,343.77,343.77,119.34,0.0,Completed
2023-07-18,Sohar,Wholesale,Tablets,100,113.19,77.65,11318.74,11318.74,3553.82,0.0,Completed
2023-07-18,Sohar,Retail,Accessories,3,24.65,14.99,73.95,73.95,28.99,0.0,Completed
2023-07-18,Salalah,Online,Tablets,3,144.98,78.26,434.95,434.95,200.18,0.0,Completed
2023-07-18,Nizwa,Retail,Accessories,1,26.71,18.16,26.71,26.71,8.56,0.0,Completed
2023-07-19,Sohar,Online,Wearables,3,87.72,50.37,263.15,263.15,112.05,0.0,Completed
2023-07-19,Muscat,Retail,Smartphones,4,248.19,152.3,992.74,992.74,383.56,0.0,Completed
2023-07-19,Muscat,Online,Accessories,1,26.06,16.49,26.06,26.06,9.57,0.0,Completed
2023-07-19,Muscat,Retail,Accessories,1,22.61,12.78,22.61,22.61,9.83,0.0,Completed
2023-07-20,Nizwa,Retail,Laptops,5,377.43,228.61,1887.16,1887.16,744.13,0.0,Completed
2023-07-20,Sohar,Retail,Accessories,5,25.13,13.29,125.67,125.67,59.24,0.0,Completed
2023-07-20,Muscat,Retail,Wearables,2,86.24,44.83,172.48,172.48,82.81,0.0,Completed
2023-07-20,Sohar,Online,Smartphones,5,267.0,178.48,1334.99,1334.99,442.58,0.0,Completed
2023-07-20,Nizwa,Retail,Smartphones,4,250.13,146.91,1000.5,1000.5,412.85,0.0,Completed
2023-07-20,Muscat,Online,Smartphones,2,226.13,138.93,452.27,452.27,174.41,0.0,Completed
2023-07-20,Sohar,Retail,Accessories,5,25.67,16.2,128.33,0.0,-47.95,47.95,Returned
2023-07-20,Sohar,Retail,Wearables,2,78.51,41.23,157.03,157.03,74.57,0.0,Completed
2023-07-20,Muscat,Online,Smartphones,4,259.25,180.49,1036.99,1036.99,315.02,0.0,Completed
2023-07-21,Sohar,Retail,Smartphones,3,244.26,160.95,732.77,0.0,-420.62,420.62,Returned
2023-07-21,Salalah,Online,Smartphones,1,235.2,131.35,235.2,235.2,103.85,0.0,Completed
2023-07-21,Muscat,Online,Tablets,1,148.73,82.27,148.73,148.73,66.46,0.0,Completed
2023-07-21,Nizwa,Retail,Smartphones,4,273.98,149.61,1095.93,1095.93,497.5,0.0,Completed
2023-07-22,Salalah,Online,Accessories,5,25.74,15.93,128.72,128.72,49.07,0.0,Completed
2023-07-22,Salalah,Online,Smartphones,3,235.55,139.01,706.64,0.0,-385.7,385.7,Returned
2023-07-22,Muscat,Retail,Wearables,5,82.93,54.84,414.65,414.65,140.43,0.0,Completed
2023-07-22,Muscat,Online,Laptops,3,317.29,187.57,951.86,951.86,389.15,0.0,Completed
2023-07-22,Sohar,Retail,Wearables,4,74.66,46.75,298.64,298.64,111.63,0.0,Completed
2023-07-22,Sohar,Retail,Tablets,3,135.27,71.38,405.8,405.8,191.67,0.0,Completed
2023-07-22,Nizwa,Online,Tablets,2,144.61,83.67,289.22,289.22,121.89,0.0,Completed
2023-07-22,Muscat,Retail,Laptops,3,328.15,207.18,984.44,984.44,362.9,0.0,Completed
2023-07-23,Salalah,Online,Wearables,2,83.83,41.96,167.66,167.66,83.74,0.0,Completed
2023-07-23,Sohar,Wholesale,Tablets,56,131.24,88.98,7349.44,7349.44,2366.69,0.0,Completed
2023-07-23,Sohar,Retail,Smartphones,4,229.64,144.55,918.56,918.56,340.35,0.0,Completed
2023-07-23,Nizwa,Retail,Smartphones,4,252.37,147.46,1009.46,1009.46,419.64,0.0,Completed
2023-07-23,Salalah,Retail,Laptops,5,331.76,216.42,1658.78,1658.78,576.67,0.0,Completed
2023-07-23,Muscat,Retail,Smartphones,2,246.98,150.05,493.97,493.97,193.87,0.0,Completed
2023-07-24,Muscat,Wholesale,Smartphones,70,213.96,167.07,14976.93,14976.93,3282.17,0.0,Completed
2023-07-24,Muscat,Retail,Smartphones,2,245.64,169.39,491.27,491.27,152.49,0.0,Completed
2023-07-24,Salalah,Online,Smartphones,3,271.17,179.35,813.51,813.51,275.47,0.0,Completed
2023-07-24,Nizwa,Online,Laptops,5,356.56,248.97,1782.82,1782.82,537.98,0.0,Completed
2023-07-24,Salalah,Online,Laptops,5,333.87,233.62,1669.37,1669.37,501.25,0.0,Completed
2023-07-24,Muscat,Retail,Tablets,5,144.15,82.46,720.74,720.74,308.46,0.0,Completed
2023-07-25,Sohar,Online,Smartphones,4,245.83,137.4,983.33,983.33,433.75,0.0,Completed
2023-07-26,Nizwa,Online,Accessories,1,25.57,15.1,25.57,25.57,10.48,0.0,Completed
2023-07-26,Muscat,Wholesale,Smartphones,36,183.13,138.95,6592.57,6592.57,1590.48,0.0,Completed
2023-07-26,Salalah,Retail,Accessories,2,24.7,16.87,49.4,49.4,15.65,0.0,Completed
2023-07-26,Muscat,Online,Wearables,5,72.71,49.47,363.55,363.55,116.2,0.0,Completed
2023-07-26,Muscat,Online,Smartphones,2,231.71,117.21,463.42,463.42,229.0,0.0,Completed
2023-07-26,Nizwa,Retail,Laptops,4,382.67,243.46,1530.67,1530.67,556.85,0.0,Completed
2023-07-27,Sohar,Wholesale,Smartphones,48,180.44,144.93,8661.17,8661.17,1704.65,0.0,Completed
2023-07-27,Nizwa,Online,Smartphones,5,265.29,136.38,1326.44,1326.44,644.54,0.0,Completed
2023-07-27,Nizwa,Retail,Laptops,3,358.37,187.85,1075.1,1075.1,511.55,0.0,Completed
2023-07-27,Sohar,Wholesale,Laptops,52,260.23,176.25,13532.15,13532.15,4367.12,0.0,Completed
2023-07-27,Salalah,Online,Accessories,3,25.35,15.06,76.06,76.06,30.89,0.0,Completed
2023-07-27,Sohar,Retail,Wearables,4,85.01,54.32,340.03,340.03,122.75,0.0,Completed
2023-07-27,Muscat,Retail,Accessories,5,26.31,16.81,131.54,131.54,47.47,0.0,Completed
2023-07-28,Muscat,Online,Accessories,5,24.59,13.86,122.96,122.96,53.65,0.0,Completed
2023-07-28,Sohar,Retail,Wearables,3,76.51,53.49,229.52,229.52,69.04,0.0,Completed
2023-07-28,Nizwa,Retail,Tablets,4,149.45,87.17,597.81,597.81,249.14,0.0,Completed
2023-07-28,Muscat,Wholesale,Accessories,10,19.42,15.24,194.17,194.17,41.81,0.0,Completed
2023-07-28,Muscat,Online,Tablets,3,152.3,82.09,456.9,456.9,210.64,0.0,Completed
2023-07-28,Salalah,Retail,Laptops,5,382.78,213.88,1913.91,1913.91,844.51,0.0,Completed
2023-07-29,Salalah,Online,Smartphones,5,251.49,172.68,1257.45,1257.45,394.04,0.0,Completed
2023-07-29,Nizwa,Retail,Smartphones,5,237.96,162.03,1189.82,0.0,-793.72,793.72,Returned
2023-07-29,Salalah,Retail,Accessories,2,25.09,16.14,50.19,50.19,17.9,0.0,Completed
2023-07-29,Salalah,Retail,Laptops,4,322.32,162.26,1289.26,1289.26,640.23,0.0,Completed
2023-07-29,Sohar,Online,Smartphones,4,241.48,138.26,965.9,965.9,412.88,0.0,Completed
2023-07-29,Nizwa,Retail,Accessories,3,26.9,14.59,80.7,80.7,36.92,0.0,Completed
2023-07-30,Sohar,Online,Smartphones,1,264.96,175.23,264.96,264.96,89.73,0.0,Completed
2023-07-30,Sohar,Wholesale,Laptops,15,283.16,246.52,4247.34,4247.34,549.53,0.0,Completed
2023-07-30,Salalah,Retail,Laptops,2,375.98,227.38,751.95,751.95,297.19,0.0,Completed
2023-07-30,Muscat,Retail,Laptops,1,344.32,206.56,344.32,344.32,137.76,0.0,Completed
2023-07-30,Salalah,Online,Accessories,4,22.86,13.58,91.43,91.43,37.11,0.0,Completed
2023-07-30,Salalah,Retail,Accessories,3,24.38,12.85,73.13,73.13,34.58,0.0,Completed
2023-07-30,Salalah,Retail,Smartphones,2,265.31,169.39,530.63,530.63,191.84,0.0,Completed
2023-07-30,Nizwa,Online,Wearables,5,73.96,51.21,369.78,369.78,113.73,0.0,Completed
2023-07-31,Nizwa,Wholesale,Accessories,18,21.95,18.43,395.05,395.05,63.39,0.0,Completed
2023-07-31,Nizwa,Retail,Accessories,1,25.53,13.18,25.53,25.53,12.35,0.0,Completed
2023-07-31,Nizwa,Online,Smartphones,2,229.94,142.7,459.87,459.87,174.48,0.0,Completed
2023-07-31,Salalah,Retail,Smartphones,2,233.91,157.46,467.82,467.82,152.89,0.0,Completed
2023-07-31,Sohar,Online,Laptops,4,362.21,209.59,1448.84,1448.84,610.47,0.0,Completed
2023-07-31,Muscat,Wholesale,Accessories,22,19.62,15.93,431.62,431.62,81.13,0.0,Completed
2023-07-31,Salalah,Retail,Smartphones,4,269.42,168.12,1077.67,1077.67,405.2,0.0,Completed
2023-07-31,Sohar,Wholesale,Tablets,11,113.82,77.48,1252.07,1252.07,399.82,0.0,Completed
2023-07-31,Nizwa,Retail,Accessories,2,23.37,13.63,46.74,46.74,19.47,0.0,Completed
2023-07-31,Salalah,Retail,Laptops,4,331.99,206.82,1327.95,1327.95,500.68,0.0,Completed
2023-08-01,Nizwa,Retail,Tablets,5,155.93,80.08,779.66,779.66,379.24,0.0,Completed
2023-08-01,Sohar,Online,Accessories,1,26.48,17.27,26.48,0.0,-6.32,6.32,Returned
2023-08-01,Muscat,Online,Smartphones,2,268.0,176.24,536.01,536.01,183.53,0.0,Completed
2023-08-01,Muscat,Online,Smartphones,3,251.22,139.18,753.67,753.67,336.14,0.0,Completed
2023-08-01,Muscat,Wholesale,Laptops,22,269.73,209.28,5934.03,5934.03,1329.81,0.0,Completed
2023-08-01,Muscat,Retail,Accessories,4,25.14,12.65,100.56,100.56,49.97,0.0,Completed
2023-08-02,Muscat,Retail,Accessories,4,25.3,13.53,101.21,101.21,47.1,0.0,Completed
2023-08-02,Salalah,Online,Smartphones,4,239.12,147.62,956.47,956.47,366.01,0.0,Completed
2023-08-02,Sohar,Online,Tablets,1,163.56,91.03,163.56,163.56,72.53,0.0,Completed
2023-08-02,Salalah,Wholesale,Smartphones,100,200.58,165.96,20057.9,20057.9,3461.4,0.0,Completed
2023-08-02,Sohar,Retail,Wearables,4,87.7,58.22,350.78,350.78,117.92,0.0,Completed
2023-08-02,Muscat,Retail,Wearables,2,72.83,43.87,145.66,145.66,57.93,0.0,Completed
2023-08-02,Muscat,Retail,Accessories,3,25.35,15.2,76.04,76.04,30.44,0.0,Completed
2023-08-03,Muscat,Online,Accessories,3,27.39,17.04,82.17,82.17,31.05,0.0,Completed
2023-08-03,Muscat,Wholesale,Tablets,18,122.25,90.48,2200.49,2200.49,571.85,0.0,Completed
2023-08-03,Muscat,Retail,Accessories,5,26.61,15.84,133.03,133.03,53.84,0.0,Completed
2023-08-04,Muscat,Online,Tablets,5,155.14,100.52,775.69,775.69,273.09,0.0,Completed
2023-08-04,Muscat,Retail,Smartphones,1,233.21,161.1,233.21,233.21,72.11,0.0,Completed
2023-08-04,Sohar,Online,Smartphones,1,225.4,127.96,225.4,225.4,97.44,0.0,Completed
2023-08-04,Muscat,Retail,Laptops,1,361.01,241.42,361.01,361.01,119.59,0.0,Completed
2023-08-05,Muscat,Online,Smartphones,2,259.34,143.51,518.67,518.67,231.65,0.0,Completed
2023-08-05,Muscat,Retail,Laptops,4,374.28,233.5,1497.11,1497.11,563.12,0.0,Completed
2023-08-05,Sohar,Online,Smartphones,4,265.45,163.39,1061.79,0.0,-304.39,304.39,Returned
2023-08-05,Muscat,Online,Accessories,4,24.05,12.35,96.22,96.22,46.84,0.0,Completed
2023-08-05,Sohar,Retail,Accessories,4,25.4,13.23,101.61,101.61,48.68,0.0,Completed
2023-08-06,Muscat,Retail,Smartphones,5,269.96,183.95,1349.82,1349.82,430.09,0.0,Completed
2023-08-06,Sohar,Online,Smartphones,2,249.91,135.8,499.82,0.0,-267.45,267.45,Returned
2023-08-06,Sohar,Online,Laptops,3,327.83,184.98,983.5,983.5,428.56,0.0,Completed
2023-08-07,Salalah,Retail,Accessories,3,23.27,11.93,69.81,0.0,-19.65,19.65,Returned
2023-08-07,Muscat,Retail,Smartphones,1,245.63,171.89,245.63,245.63,73.74,0.0,Completed
2023-08-07,Sohar,Retail,Tablets,2,155.16,100.9,310.31,310.31,108.52,0.0,Completed
2023-08-07,Muscat,Wholesale,Smartphones,17,209.83,156.85,3567.03,3567.03,900.59,0.0,Completed
2023-08-07,Muscat,Wholesale,Accessories,65,20.51,17.91,1333.23,1333.23,169.07,0.0,Completed
2023-08-07,Muscat,Online,Accessories,5,26.27,17.53,131.34,131.34,43.69,0.0,Completed
2023-08-08,Sohar,Retail,Accessories,3,22.54,12.15,67.63,67.63,31.18,0.0,Completed
2023-08-08,Muscat,Retail,Wearables,2,75.47,45.68,150.94,150.94,59.58,0.0,Completed
2023-08-08,Sohar,Retail,Laptops,5,371.26,206.78,1856.29,1856.29,822.38,0.0,Completed
2023-08-08,Muscat,Online,Accessories,5,23.87,13.41,119.37,119.37,52.3,0.0,Completed
2023-08-09,Muscat,Retail,Accessories,5,25.73,15.26,128.63,128.63,52.31,0.0,Completed
2023-08-09,Muscat,Retail,Smartphones,3,238.05,136.48,714.14,714.14,304.7,0.0,Completed
2023-08-10,Sohar,Retail,Smartphones,3,270.06,160.09,810.18,810.18,329.92,0.0,Completed
2023-08-10,Muscat,Retail,Accessories,5,22.65,15.4,113.25,113.25,36.23,0.0,Completed
2023-08-10,Nizwa,Retail,Smartphones,5,226.34,152.93,1131.72,1131.72,367.08,0.0,Completed
2023-08-10,Sohar,Retail,Smartphones,5,232.1,122.6,1160.51,1160.51,547.5,0.0,Completed
2023-08-10,Sohar,Retail,Accessories,3,26.97,16.37,80.9,80.9,31.78,0.0,Completed
2023-08-11,Nizwa,Retail,Accessories,3,23.79,15.88,71.38,71.38,23.76,0.0,Completed
2023-08-11,Nizwa,Retail,Laptops,4,329.54,204.05,1318.17,1318.17,501.96,0.0,Completed
2023-08-11,Salalah,Retail,Accessories,1,25.75,12.95,25.75,25.75,12.8,0.0,Completed
2023-08-11,Muscat,Retail,Smartphones,4,249.97,133.92,999.89,0.0,-334.62,334.62,Returned
2023-08-11,Nizwa,Online,Laptops,3,349.97,189.75,1049.9,1049.9,480.66,0.0,Completed
2023-08-12,Muscat,Retail,Laptops,3,347.3,186.27,1041.89,1041.89,483.09,0.0,Completed
2023-08-12,Muscat,Wholesale,Laptops,24,254.93,168.72,6118.44,6118.44,2069.1,0.0,Completed
2023-08-12,Muscat,Online,Accessories,3,24.29,16.39,72.88,72.88,23.69,0.0,Completed
2023-08-12,Salalah,Retail,Smartphones,5,250.41,171.14,1252.07,1252.07,396.37,0.0,Completed
2023-08-12,Sohar,Retail,Tablets,5,144.08,75.66,720.38,720.38,342.07,0.0,Completed
2023-08-12,Muscat,Online,Smartphones,3,273.7,173.98,821.11,821.11,299.18,0.0,Completed
2023-08-13,Nizwa,Wholesale,Laptops,18,280.88,216.55,5055.79,5055.79,1157.87,0.0,Completed
2023-08-13,Sohar,Retail,Accessories,1,24.39,14.39,24.39,24.39,10.0,0.0,Completed
2023-08-13,Sohar,Retail,Smartphones,2,253.49,153.39,506.98,506.98,200.21,0.0,Completed
2023-08-14,Muscat,Retail,Smartphones,1,229.96,140.62,229.96,229.96,89.34,0.0,Completed
2023-08-14,Muscat,Online,Accessories,5,24.8,14.09,123.99,123.99,53.52,0.0,Completed
2023-08-14,Nizwa,Online,Tablets,4,159.06,86.57,636.25,636.25,289.98,0.0,Completed
2023-08-14,Muscat,Wholesale,Accessories,20,20.27,12.73,405.43,405.43,150.82,0.0,Completed
2023-08-14,Muscat,Online,Smartphones,4,243.74,164.58,974.98,974.98,316.67,0.0,Completed
2023-08-14,Muscat,Online,Accessories,4,22.54,12.22,90.14,90.14,41.28,0.0,Completed
2023-08-15,Muscat,Retail,Smartphones,3,274.88,172.44,824.65,824.65,307.32,0.0,Completed
2023-08-15,Sohar,Retail,Smartphones,3,241.2,125.99,723.59,723.59,345.61,0.0,Completed
2023-08-15,Muscat,Online,Wearables,4,83.9,56.05,335.62,0.0,-103.48,103.48,Returned
2023-08-15,Sohar,Retail,Smartphones,2,257.93,143.75,515.85,0.0,-118.04,118.04,Returned
2023-08-15,Sohar,Retail,Smartphones,3,269.63,156.65,808.9,808.9,338.96,0.0,Completed
2023-08-16,Muscat,Retail,Tablets,3,150.47,98.91,451.42,451.42,154.69,0.0,Completed
2023-08-16,Muscat,Wholesale,Smartphones,75,191.66,138.72,14374.29,14374.29,3970.31,0.0,Completed
2023-08-16,Muscat,Retail,Smartphones,2,246.04,153.34,492.07,492.07,185.38,0.0,Completed
2023-08-16,Nizwa,Online,Accessories,3,25.56,13.82,76.67,76.67,35.2,0.0,Completed
2023-08-16,Salalah,Online,Wearables,3,76.92,41.87,230.77,230.77,105.16,0.0,Completed
2023-08-17,Sohar,Retail,Laptops,5,375.3,190.0,1876.48,1876.48,926.47,0.0,Completed
2023-08-17,Muscat,Retail,Laptops,4,382.17,234.05,1528.69,1528.69,592.5,0.0,Completed
2023-08-17,Muscat,Retail,Wearables,1,78.63,51.87,78.63,78.63,26.76,0.0,Completed
2023-08-17,Sohar,Online,Smartphones,3,247.01,160.51,741.02,741.02,259.51,0.0,Completed
2023-08-18,Nizwa,Online,Smartphones,5,240.67,161.52,1203.36,1203.36,395.75,0.0,Completed
2023-08-18,Nizwa,Retail,Smartphones,4,254.85,170.74,1019.41,1019.41,336.46,0.0,Completed
2023-08-18,Salalah,Online,Tablets,5,161.93,89.06,809.66,809.66,364.39,0.0,Completed
2023-08-18,Sohar,Retail,Smartphones,1,260.58,145.45,260.58,260.58,115.13,0.0,Completed
2023-08-18,Salalah,Wholesale,Wearables,40,60.67,51.18,2426.63,2426.63,379.33,0.0,Completed
2023-08-18,Muscat,Online,Smartphones,5,256.31,165.34,1281.57,1281.57,454.85,0.0,Completed
2023-08-18,Nizwa,Online,Tablets,1,161.22,112.11,161.22,161.22,49.11,0.0,Completed
2023-08-18,Nizwa,Retail,Wearables,2,77.97,50.47,155.93,155.93,54.98,0.0,Completed
2023-08-18,Muscat,Retail,Laptops,4,329.57,182.11,1318.29,1318.29,589.85,0.0,Completed
2023-08-19,Salalah,Online,Wearables,5,84.5,43.1,422.52,422.52,207.02,0.0,Completed
2023-08-19,Muscat,Retail,Accessories,3,23.8,15.3,71.4,71.4,25.49,0.0,Completed
2023-08-19,Sohar,Online,Accessories,5,23.42,14.83,117.1,117.1,42.95,0.0,Completed
2023-08-19,Sohar,Online,Tablets,3,160.45,87.07,481.35,481.35,220.13,0.0,Completed
2023-08-20,Sohar,Online,Smartphones,5,234.12,156.01,1170.62,1170.62,390.58,0.0,Completed
2023-08-20,Nizwa,Retail,Accessories,3,25.73,14.46,77.2,77.2,33.81,0.0,Completed
2023-08-21,Muscat,Retail,Smartphones,5,270.95,172.85,1354.75,1354.75,490.48,0.0,Completed
2023-08-21,Muscat,Retail,Smartphones,1,253.23,174.81,253.23,253.23,78.41,0.0,Completed
2023-08-21,Nizwa,Retail,Smartphones,4,269.94,166.24,1079.76,1079.76,414.79,0.0,Completed
2023-08-21,Nizwa,Online,Laptops,4,334.21,195.05,1336.85,1336.85,556.67,0.0,Completed
2023-08-22,Sohar,Online,Wearables,2,81.9,42.45,163.8,163.8,78.9,0.0,Completed
2023-08-22,Muscat,Retail,Laptops,3,331.1,197.93,993.31,993.31,399.54,0.0,Completed
2023-08-22,Muscat,Online,Accessories,1,24.04,14.53,24.04,24.04,9.51,0.0,Completed
2023-08-22,Muscat,Retail,Accessories,4,24.97,12.95,99.87,99.87,48.05,0.0,Completed
2023-08-22,Muscat,Retail,Wearables,3,85.36,54.21,256.08,256.08,93.46,0.0,Completed
2023-08-22,Muscat,Wholesale,Accessories,36,21.89,14.34,787.88,787.88,271.69,0.0,Completed
2023-08-22,Muscat,Online,Smartphones,2,266.63,170.05,533.27,533.27,193.17,0.0,Completed
2023-08-23,Muscat,Online,Smartphones,2,236.27,164.15,472.55,472.55,144.25,0.0,Completed
2023-08-23,Sohar,Retail,Smartphones,1,258.86,151.95,258.86,258.86,106.91,0.0,Completed
2023-08-23,Muscat,Online,Smartphones,4,229.46,136.02,917.82,917.82,373.76,0.0,Completed
2023-08-23,Muscat,Online,Tablets,1,157.55,110.02,157.55,157.55,47.53,0.0,Completed
2023-08-24,Nizwa,Online,Accessories,1,25.17,15.22,25.17,25.17,9.95,0.0,Completed
2023-08-24,Muscat,Online,Smartphones,1,233.54,130.1,233.54,233.54,103.45,0.0,Completed
2023-08-25,Muscat,Retail,Accessories,5,23.97,16.69,119.83,119.83,36.35,0.0,Completed
2023-08-25,Muscat,Retail,Smartphones,1,258.76,169.8,258.76,258.76,88.96,0.0,Completed
2023-08-25,Salalah,Online,Smartphones,2,244.71,148.13,489.41,489.41,193.16,0.0,Completed
2023-08-25,Muscat,Online,Accessories,4,22.52,11.43,90.07,90.07,44.36,0.0,Completed
2023-08-25,Muscat,Retail,Tablets,1,141.13,71.95,141.13,141.13,69.17,0.0,Completed
2023-08-25,Nizwa,Online,Smartphones,1,258.45,132.92,258.45,258.45,125.53,0.0,Completed
2023-08-25,Nizwa,Retail,Smartphones,1,262.34,173.99,262.34,0.0,-164.45,164.45,Returned
2023-08-25,Muscat,Retail,Accessories,3,24.11,14.32,72.34,72.34,29.37,0.0,Completed
2023-08-26,Sohar,Retail,Smartphones,2,265.93,169.36,531.85,531.85,193.13,0.0,Completed
2023-08-26,Muscat,Online,Accessories,4,22.69,15.5,90.75,90.75,28.74,0.0,Completed
2023-08-26,Sohar,Online,Laptops,1,383.15,239.44,383.15,383.15,143.71,0.0,Completed
2023-08-26,Muscat,Wholesale,Laptops,42,289.84,222.42,12173.24,12173.24,2831.76,0.0,Completed
2023-08-27,Sohar,Retail,Laptops,1,375.36,219.58,375.36,375.36,155.78,0.0,Completed
2023-08-27,Muscat,Retail,Smartphones,1,265.82,176.51,265.82,265.82,89.31,0.0,Completed
2023-08-27,Sohar,Wholesale,Wearables,22,59.17,47.31,1301.78,1301.78,261.07,0.0,Completed
2023-08-27,Muscat,Online,Smartphones,4,260.06,170.42,1040.25,1040.25,358.59,0.0,Completed
2023-08-28,Nizwa,Online,Tablets,5,161.46,98.75,807.3,807.3,313.56,0.0,Completed
2023-08-28,Muscat,Retail,Laptops,4,315.82,184.81,1263.29,1263.29,524.03,0.0,Completed
2023-08-29,Muscat,Retail,Smartphones,1,225.93,144.45,225.93,225.93,81.48,0.0,Completed
2023-08-29,Muscat,Retail,Wearables,4,73.13,46.86,292.5,0.0,-76.69,76.69,Returned
2023-08-29,Muscat,Retail,Laptops,1,369.05,256.36,369.05,0.0,-190.62,190.62,Returned
2023-08-29,Muscat,Online,Accessories,4,22.5,12.17,90.01,90.01,41.35,0.0,Completed
2023-08-30,Sohar,Online,Wearables,1,77.61,48.12,77.61,0.0,-32.88,32.88,Returned
2023-08-30,Muscat,Online,Smartphones,1,269.27,141.3,269.27,0.0,-105.31,105.31,Returned
2023-08-30,Sohar,Online,Smartphones,2,271.73,176.52,543.46,543.46,190.41,0.0,Completed
2023-08-30,Nizwa,Retail,Smartphones,1,227.77,145.94,227.77,227.77,81.82,0.0,Completed
2023-08-30,Muscat,Retail,Accessories,2,24.89,15.28,49.77,49.77,19.22,0.0,Completed
2023-08-31,Muscat,Retail,Laptops,3,362.0,232.47,1086.01,1086.01,388.6,0.0,Completed
2023-08-31,Sohar,Online,Accessories,3,26.36,16.65,79.09,79.09,29.15,0.0,Completed
2023-08-31,Muscat,Retail,Wearables,4,72.02,36.14,288.06,288.06,143.5,0.0,Completed
2023-08-31,Sohar,Retail,Accessories,5,26.89,17.51,134.45,134.45,46.91,0.0,Completed
2023-08-31,Muscat,Retail,Accessories,3,25.29,14.89,75.86,75.86,31.18,0.0,Completed
2023-08-31,Salalah,Online,Accessories,5,24.06,12.23,120.31,120.31,59.14,0.0,Completed
2023-09-01,Muscat,Retail,Smartphones,2,250.8,174.01,501.61,501.61,153.59,0.0,Completed
2023-09-01,Muscat,Online,Laptops,2,361.85,212.56,723.69,723.69,298.58,0.0,Completed
2023-09-01,Muscat,Retail,Laptops,5,366.73,235.49,1833.64,1833.64,656.22,0.0,Completed
2023-09-01,Muscat,Retail,Wearables,2,87.83,57.95,175.67,175.67,59.76,0.0,Completed
2023-09-01,Sohar,Retail,Smartphones,2,273.86,184.86,547.71,547.71,177.98,0.0,Completed
2023-09-01,Muscat,Online,Smartphones,4,252.45,144.47,1009.79,1009.79,431.92,0.0,Completed
2023-09-02,Salalah,Online,Smartphones,4,233.69,145.8,934.75,934.75,351.56,0.0,Completed
2023-09-02,Muscat,Online,Smartphones,4,235.75,122.92,943.01,943.01,451.33,0.0,Completed
2023-09-02,Muscat,Online,Accessories,3,24.4,16.31,73.19,73.19,24.25,0.0,Completed
2023-09-02,Muscat,Online,Accessories,1,26.48,17.39,26.48,26.48,9.09,0.0,Completed
2023-09-02,Sohar,Retail,Smartphones,3,261.47,143.72,784.42,784.42,353.25,0.0,Completed
2023-09-03,Muscat,Retail,Accessories,1,22.64,12.93,22.64,22.64,9.71,0.0,Completed
2023-09-03,Sohar,Online,Accessories,1,26.0,15.54,26.0,26.0,10.46,0.0,Completed
2023-09-03,Sohar,Online,Accessories,1,24.05,14.73,24.05,24.05,9.32,0.0,Completed
2023-09-03,Nizwa,Online,Accessories,2,25.55,14.26,51.09,51.09,22.58,0.0,Completed
2023-09-04,Muscat,Retail,Accessories,5,23.5,13.6,117.52,117.52,49.52,0.0,Completed
2023-09-04,Salalah,Retail,Smartphones,5,244.99,130.26,1224.95,1224.95,573.63,0.0,Completed
2023-09-04,Salalah,Online,Laptops,5,383.59,205.99,1917.96,1917.96,887.99,0.0,Completed
2023-09-04,Muscat,Retail,Accessories,3,23.04,12.34,69.13,69.13,32.12,0.0,Completed
2023-09-04,Salalah,Retail,Smartphones,4,236.51,164.91,946.04,946.04,286.4,0.0,Completed
2023-09-05,Muscat,Retail,Laptops,5,343.43,206.74,1717.15,1717.15,683.44,0.0,Completed
2023-09-05,Nizwa,Retail,Wearables,4,83.79,57.78,335.15,335.15,104.02,0.0,Completed
2023-09-05,Nizwa,Retail,Smartphones,2,233.22,162.71,466.44,466.44,141.01,0.0,Completed
2023-09-05,Salalah,Retail,Wearables,1,87.51,54.56,87.51,87.51,32.95,0.0,Completed
2023-09-05,Salalah,Wholesale,Smartphones,80,211.95,153.42,16955.68,16955.68,4681.88,0.0,Completed
2023-09-05,Salalah,Retail,Wearables,2,84.22,46.26,168.44,168.44,75.92,0.0,Completed
2023-09-06,Muscat,Online,Wearables,3,81.63,52.17,244.9,244.9,88.39,0.0,Completed
2023-09-06,Sohar,Retail,Smartphones,3,272.7,176.6,818.1,818.1,288.31,0.0,Completed
2023-09-06,Nizwa,Online,Tablets,3,149.65,81.87,448.94,448.94,203.34,0.0,Completed
2023-09-06,Sohar,Online,Wearables,5,86.55,43.29,432.73,432.73,216.28,0.0,Completed
2023-09-06,Salalah,Online,Smartphones,2,240.06,147.73,480.12,480.12,184.65,0.0,Completed
2023-09-06,Muscat,Retail,Accessories,1,25.13,15.93,25.13,25.13,9.2,0.0,Completed
2023-09-06,Sohar,Retail,Accessories,4,27.19,14.05,108.75,108.75,52.54,0.0,Completed
2023-09-06,Muscat,Online,Laptops,2,331.75,229.99,663.5,663.5,203.53,0.0,Completed
2023-09-06,Muscat,Retail,Laptops,1,367.96,211.64,367.96,367.96,156.32,0.0,Completed
2023-09-06,Muscat,Online,Wearables,1,76.04,52.03,76.04,76.04,24.01,0.0,Completed
2023-09-06,Sohar,Wholesale,Wearables,95,65.67,42.24,6238.83,6238.83,2225.81,0.0,Completed
2023-09-07,Muscat,Online,Laptops,3,373.36,196.11,1120.08,1120.08,531.74,0.0,Completed
2023-09-07,Muscat,Online,Wearables,2,78.9,41.38,157.79,157.79,75.02,0.0,Completed
2023-09-07,Salalah,Retail,Tablets,5,144.51,89.93,722.54,722.54,272.87,0.0,Completed
2023-09-07,Muscat,Retail,Smartphones,1,265.34,174.76,265.34,265.34,90.58,0.0,Completed
2023-09-08,Muscat,Online,Accessories,5,23.65,13.1,118.24,118.24,52.72,0.0,Completed
2023-09-08,Sohar,Retail,Laptops,4,377.33,206.15,1509.3,1509.3,684.69,0.0,Completed
2023-09-08,Salalah,Wholesale,Smartphones,40,198.94,151.9,7957.48,7957.48,1881.36,0.0,Completed
2023-09-08,Nizwa,Online,Smartphones,4,236.79,154.66,947.16,947.16,328.52,0.0,Completed
2023-09-08,Salalah,Retail,Accessories,4,23.09,12.61,92.35,92.35,41.92,0.0,Completed
2023-09-08,Salalah,Online,Laptops,3,362.66,229.56,1087.99,1087.99,399.3,0.0,Completed
2023-09-09,Sohar,Wholesale,Smartphones,19,184.47,127.36,3504.89,3504.89,1085.1,0.0,Completed
2023-09-09,Muscat,Online,Smartphones,2,248.15,139.94,496.3,496.3,216.42,0.0,Completed
2023-09-09,Muscat,Retail,Tablets,1,140.24,73.6,140.24,140.24,66.63,0.0,Completed
2023-09-09,Nizwa,Retail,Laptops,4,362.03,211.67,1448.13,1448.13,601.46,0.0,Completed
2023-09-09,Muscat,Wholesale,Smartphones,15,200.98,145.37,3014.7,3014.7,834.08,0.0,Completed
2023-09-09,Sohar,Online,Wearables,4,79.3,50.33,317.18,317.18,115.85,0.0,Completed
2023-09-09,Salalah,Retail,Smartphones,4,258.18,163.92,1032.72,1032.72,377.05,0.0,Completed
2023-09-09,Salalah,Online,Laptops,5,364.25,241.9,1821.26,1821.26,611.76,0.0,Completed
2023-09-09,Muscat,Retail,Smartphones,4,258.39,148.25,1033.57,1033.57,440.57,0.0,Completed
2023-09-10,Muscat,Wholesale,Laptops,20,255.55,172.15,5110.93,5110.93,1667.92,0.0,Completed
2023-09-10,Salalah,Retail,Laptops,3,382.54,202.13,1147.63,1147.63,541.24,0.0,Completed
2023-09-10,Nizwa,Retail,Tablets,2,164.45,92.65,328.91,328.91,143.61,0.0,Completed
2023-09-10,Muscat,Online,Laptops,3,327.58,214.19,982.74,982.74,340.17,0.0,Completed
2023-09-10,Nizwa,Online,Tablets,2,161.06,85.96,322.12,322.12,150.21,0.0,Completed
2023-09-10,Sohar,Wholesale,Accessories,44,19.24,15.2,846.38,846.38,177.41,0.0,Completed
2023-09-10,Salalah,Online,Accessories,2,26.36,16.53,52.71,52.71,19.65,0.0,Completed
2023-09-10,Sohar,Online,Smartphones,4,245.2,167.02,980.79,980.79,312.72,0.0,Completed
2023-09-10,Salalah,Retail,Smartphones,4,260.86,176.13,1043.42,1043.42,338.92,0.0,Completed
2023-09-11,Muscat,Online,Laptops,3,339.35,197.67,1018.06,1018.06,425.06,0.0,Completed
2023-09-11,Salalah,Online,Laptops,3,334.59,186.77,1003.78,1003.78,443.46,0.0,Completed
2023-09-11,Salalah,Wholesale,Smartphones,45,210.22,177.79,9460.0,9460.0,1459.28,0.0,Completed
2023-09-12,Nizwa,Retail,Tablets,5,158.52,103.29,792.6,792.6,276.15,0.0,Completed
2023-09-12,Muscat,Retail,Laptops,4,369.65,204.67,1478.59,1478.59,659.92,0.0,Completed
2023-09-13,Salalah,Online,Smartphones,2,259.39,161.15,518.77,518.77,196.48,0.0,Completed
2023-09-13,Sohar,Online,Accessories,2,23.47,15.28,46.94,46.94,16.37,0.0,Completed
2023-09-13,Muscat,Online,Smartphones,4,239.43,161.36,957.73,0.0,-573.79,573.79,Returned
2023-09-13,Sohar,Retail,Smartphones,3,230.37,123.23,691.12,691.12,321.43,0.0,Completed
2023-09-13,Nizwa,Retail,Smartphones,3,260.76,151.4,782.27,782.27,328.07,0.0,Completed
2023-09-13,Muscat,Retail,Laptops,2,379.04,257.4,758.08,758.08,243.29,0.0,Completed
2023-09-13,Muscat,Retail,Smartphones,2,255.27,147.55,510.55,510.55,215.45,0.0,Completed
2023-09-13,Muscat,Retail,Tablets,5,144.25,96.66,721.24,721.24,237.92,0.0,Completed
2023-09-13,Salalah,Retail,Smartphones,3,269.89,143.34,809.68,809.68,379.65,0.0,Completed
2023-09-13,Muscat,Retail,Accessories,1,24.88,17.31,24.88,24.88,7.57,0.0,Completed
2023-09-13,Muscat,Retail,Smartphones,2,259.43,156.13,518.86,518.86,206.59,0.0,Completed
2023-09-14,Sohar,Retail,Smartphones,4,269.18,154.27,1076.71,1076.71,459.62,0.0,Completed
2023-09-14,Salalah,Online,Wearables,4,79.65,50.88,318.59,318.59,115.06,0.0,Completed
2023-09-14,Muscat,Retail,Wearables,1,72.47,43.61,72.47,72.47,28.86,0.0,Completed
2023-09-14,Muscat,Online,Smartphones,4,233.67,142.91,934.7,934.7,363.08,0.0,Completed
2023-09-14,Nizwa,Retail,Laptops,5,327.26,188.32,1636.31,1636.31,694.71,0.0,Completed
2023-09-14,Muscat,Online,Laptops,2,356.38,180.89,712.75,712.75,350.96,0.0,Completed
2023-09-14,Nizwa,Retail,Accessories,3,26.81,16.65,80.42,80.42,30.46,0.0,Completed
2023-09-14,Sohar,Wholesale,Wearables,95,64.24,53.17,6102.83,6102.83,1051.98,0.0,Completed
2023-09-14,Muscat,Retail,Tablets,2,154.26,96.55,308.51,308.51,115.41,0.0,Completed
2023-09-14,Nizwa,Retail,Smartphones,5,254.68,169.49,1273.4,1273.4,425.96,0.0,Completed
2023-09-14,Nizwa,Retail,Tablets,2,158.23,94.24,316.47,316.47,127.99,0.0,Completed
2023-09-14,Nizwa,Online,Accessories,3,23.74,12.04,71.21,71.21,35.08,0.0,Completed
2023-09-15,Nizwa,Online,Smartphones,5,237.97,154.28,1189.85,1189.85,418.47,0.0,Completed
2023-09-15,Salalah,Online,Smartphones,2,251.79,136.3,503.58,503.58,230.98,0.0,Completed
2023-09-16,Salalah,Wholesale,Accessories,33,18.73,14.82,618.01,618.01,128.82,0.0,Completed
2023-09-16,Sohar,Retail,Wearables,5,78.84,52.93,394.2,394.2,129.57,0.0,Completed
2023-09-16,Muscat,Retail,Smartphones,3,253.75,129.4,761.25,761.25,373.03,0.0,Completed
2023-09-16,Muscat,Retail,Smartphones,3,249.46,155.82,748.39,748.39,280.93,0.0,Completed
2023-09-16,Muscat,Retail,Laptops,1,315.62,185.4,315.62,315.62,130.22,0.0,Completed
2023-09-17,Muscat,Online,Accessories,3,24.02,12.44,72.06,72.06,34.75,0.0,Completed
2023-09-17,Salalah,Retail,Smartphones,2,228.98,142.24,457.96,457.96,173.48,0.0,Completed
2023-09-17,Muscat,Online,Accessories,4,26.83,15.56,107.31,107.31,45.07,0.0,Completed
2023-09-17,Sohar,Retail,Smartphones,3,250.45,127.3,751.36,751.36,369.47,0.0,Completed
2023-09-17,Sohar,Online,Tablets,3,160.79,104.86,482.37,482.37,167.79,0.0,Completed
2023-09-17,Salalah,Retail,Smartphones,4,238.1,133.87,952.41,952.41,416.93,0.0,Completed
2023-09-17,Sohar,Online,Smartphones,5,260.72,143.74,1303.6,1303.6,584.9,0.0,Completed
2023-09-17,Sohar,Wholesale,Accessories,48,18.51,13.37,888.67,888.67,246.83,0.0,Completed
2023-09-17,Muscat,Online,Laptops,1,319.35,172.61,319.35,319.35,146.74,0.0,Completed
2023-09-18,Muscat,Retail,Smartphones,4,257.35,131.39,1029.38,1029.38,503.82,0.0,Completed
2023-09-18,Salalah,Retail,Accessories,4,26.45,17.14,105.8,105.8,37.25,0.0,Completed
2023-09-18,Sohar,Retail,Tablets,1,149.77,98.94,149.77,149.77,50.83,0.0,Completed
2023-09-18,Muscat,Wholesale,Smartphones,48,182.27,115.21,8748.84,8748.84,3218.98,0.0,Completed
2023-09-18,Salalah,Online,Tablets,3,146.08,98.66,438.25,438.25,142.28,0.0,Completed
2023-09-18,Sohar,Wholesale,Accessories,36,19.49,13.03,701.7,701.7,232.71,0.0,Completed
2023-09-18,Muscat,Retail,Laptops,1,372.06,260.19,372.06,372.06,111.87,0.0,Completed
2023-09-19,Sohar,Wholesale,Wearables,10,64.34,45.41,643.39,643.39,189.27,0.0,Completed
2023-09-19,Nizwa,Online,Tablets,3,161.79,86.82,485.38,485.38,224.91,0.0,Completed
2023-09-19,Muscat,Online,Smartphones,2,268.72,153.13,537.45,537.45,231.19,0.0,Completed
2023-09-19,Muscat,Retail,Smartphones,2,272.96,155.27,545.92,545.92,235.38,0.0,Completed
2023-09-19,Salalah,Retail,Laptops,2,319.84,173.98,639.69,639.69,291.73,0.0,Completed
2023-09-19,Muscat,Online,Smartphones,4,244.1,153.43,976.39,976.39,362.65,0.0,Completed
2023-09-19,Salalah,Online,Laptops,2,351.94,197.29,703.88,703.88,309.29,0.0,Completed
2023-09-19,Nizwa,Retail,Wearables,5,82.2,55.06,411.0,411.0,135.7,0.0,Completed
2023-09-20,Salalah,Retail,Smartphones,1,254.14,170.49,254.14,254.14,83.64,0.0,Completed
2023-09-20,Sohar,Retail,Smartphones,3,254.19,127.44,762.58,762.58,380.25,0.0,Completed
2023-09-20,Muscat,Online,Accessories,4,26.5,14.05,105.98,105.98,49.79,0.0,Completed
2023-09-20,Salalah,Online,Smartphones,5,250.51,167.69,1252.57,1252.57,414.14,0.0,Completed
2023-09-21,Muscat,Retail,Accessories,3,26.29,18.18,78.87,78.87,24.31,0.0,Completed
2023-09-21,Salalah,Retail,Smartphones,4,229.49,141.59,917.97,917.97,351.61,0.0,Completed
2023-09-21,Nizwa,Retail,Wearables,3,86.34,60.4,259.01,259.01,77.81,0.0,Completed
2023-09-21,Muscat,Online,Smartphones,2,227.86,155.93,455.72,455.72,143.86,0.0,Completed
2023-09-22,Sohar,Retail,Smartphones,3,263.31,132.28,789.94,789.94,393.12,0.0,Completed
2023-09-22,Muscat,Retail,Smartphones,4,273.36,186.19,1093.43,1093.43,348.68,0.0,Completed
2023-09-23,Muscat,Retail,Tablets,5,137.44,71.56,687.21,687.21,329.41,0.0,Completed
2023-09-23,Salalah,Online,Wearables,4,74.34,41.62,297.36,0.0,-120.5,120.5,Returned
2023-09-23,Muscat,Online,Laptops,5,324.97,179.91,1624.86,1624.86,725.33,0.0,Completed
2023-09-23,Muscat,Retail,Smartphones,1,273.8,151.86,273.8,273.8,121.94,0.0,Completed
2023-09-23,Muscat,Online,Smartphones,1,269.25,159.18,269.25,269.25,110.07,0.0,Completed
2023-09-23,Salalah,Online,Smartphones,4,244.97,133.25,979.87,979.87,446.87,0.0,Completed
2023-09-24,Salalah,Online,Accessories,2,27.18,15.22,54.35,54.35,23.91,0.0,Completed
2023-09-24,Salalah,Online,Accessories,4,27.16,17.32,108.64,108.64,39.36,0.0,Completed
2023-09-24,Sohar,Retail,Smartphones,5,253.38,173.14,1266.91,1266.91,401.23,0.0,Completed
2023-09-24,Muscat,Retail,Accessories,1,26.04,16.77,26.04,26.04,9.28,0.0,Completed
2023-09-24,Sohar,Online,Smartphones,4,225.66,123.78,902.66,0.0,-473.78,473.78,Returned
2023-09-25,Nizwa,Retail,Tablets,3,153.47,78.91,460.4,460.4,223.68,0.0,Completed
2023-09-25,Muscat,Online,Laptops,3,343.72,223.13,1031.17,1031.17,361.77,0.0,Completed
2023-09-25,Muscat,Online,Smartphones,5,235.91,134.0,1179.57,0.0,-403.17,403.17,Returned
2023-09-25,Sohar,Online,Smartphones,5,229.38,149.81,1146.91,1146.91,397.85,0.0,Completed
2023-09-26,Muscat,Online,Wearables,2,87.52,47.25,175.04,175.04,80.53,0.0,Completed
2023-09-26,Nizwa,Retail,Tablets,1,157.32,90.08,157.32,157.32,67.24,0.0,Completed
2023-09-26,Muscat,Online,Accessories,4,25.98,13.88,103.9,103.9,48.37,0.0,Completed
2023-09-26,Muscat,Retail,Tablets,1,163.86,108.39,163.86,163.86,55.47,0.0,Completed
2023-09-26,Sohar,Retail,Wearables,5,85.43,50.91,427.15,427.15,172.58,0.0,Completed
2023-09-26,Nizwa,Online,Accessories,3,23.89,15.51,71.66,0.0,-43.93,43.93,Returned
2023-09-26,Muscat,Online,Tablets,2,142.08,84.95,284.16,284.16,114.27,0.0,Completed
2023-09-27,Salalah,Online,Laptops,1,383.46,219.45,383.46,383.46,164.01,0.0,Completed
2023-09-27,Salalah,Online,Smartphones,2,246.04,149.95,492.09,492.09,192.19,0.0,Completed
2023-09-27,Muscat,Retail,Smartphones,3,248.24,168.65,744.71,744.71,238.77,0.0,Completed
2023-09-27,Sohar,Online,Accessories,5,27.18,17.9,135.88,135.88,46.39,0.0,Completed
2023-09-27,Salalah,Online,Tablets,4,142.55,74.52,570.21,570.21,272.12,0.0,Completed
2023-09-27,Muscat,Online,Wearables,5,87.56,44.96,437.8,437.8,212.99,0.0,Completed
2023-09-28,Muscat,Online,Laptops,2,369.26,187.14,738.52,0.0,-302.07,302.07,Returned
2023-09-28,Muscat,Retail,Accessories,1,25.83,13.92,25.83,0.0,-5.77,5.77,Returned
2023-09-29,Muscat,Wholesale,Wearables,16,61.18,42.53,978.87,978.87,298.44,0.0,Completed
2023-09-29,Muscat,Online,Accessories,4,24.69,15.0,98.76,98.76,38.77,0.0,Completed
2023-09-29,Nizwa,Retail,Tablets,4,158.35,107.86,633.39,633.39,201.94,0.0,Completed
2023-09-30,Muscat,Online,Laptops,2,361.45,206.23,722.9,722.9,310.44,0.0,Completed
2023-09-30,Sohar,Wholesale,Smartphones,95,181.37,147.44,17230.24,17230.24,3223.38,0.0,Completed
2023-09-30,Salalah,Retail,Accessories,2,26.63,16.32,53.26,53.26,20.62,0.0,Completed
2023-09-30,Sohar,Retail,Smartphones,3,263.45,160.46,790.35,790.35,308.98,0.0,Completed
2023-10-01,Salalah,Wholesale,Laptops,48,260.94,188.37,12525.21,12525.21,3483.36,0.0,Completed
2023-10-01,Sohar,Retail,Accessories,1,26.83,14.8,26.83,26.83,12.04,0.0,Completed
2023-10-01,Nizwa,Retail,Laptops,3,371.32,245.06,1113.97,1113.97,378.79,0.0,Completed
2023-10-01,Sohar,Wholesale,Accessories,36,19.79,17.11,712.52,712.52,96.39,0.0,Completed
2023-10-02,Salalah,Online,Accessories,4,23.96,12.93,95.83,95.83,44.09,0.0,Completed
2023-10-02,Muscat,Online,Laptops,5,355.09,208.05,1775.45,1775.45,735.2,0.0,Completed
2023-10-02,Salalah,Online,Smartphones,1,227.28,144.07,227.28,0.0,-29.11,29.11,Returned
2023-10-02,Muscat,Online,Accessories,3,23.22,15.18,69.66,69.66,24.12,0.0,Completed
2023-10-02,Nizwa,Retail,Accessories,1,25.76,15.95,25.76,25.76,9.81,0.0,Completed
2023-10-02,Sohar,Online,Smartphones,3,263.84,161.19,791.51,0.0,-322.5,322.5,Returned
2023-10-02,Nizwa,Retail,Wearables,1,81.87,41.87,81.87,81.87,40.0,0.0,Completed
2023-10-03,Muscat,Online,Smartphones,2,265.99,180.15,531.98,0.0,-284.85,284.85,Returned
2023-10-03,Sohar,Retail,Laptops,4,376.12,227.15,1504.47,1504.47,595.87,0.0,Completed
2023-10-03,Nizwa,Wholesale,Wearables,30,69.81,57.42,2094.21,2094.21,371.75,0.0,Completed
2023-10-03,Muscat,Online,Smartphones,4,254.13,135.56,1016.53,0.0,-156.18,156.18,Returned
2023-10-03,Salalah,Online,Accessories,4,26.03,15.58,104.12,104.12,41.79,0.0,Completed
2023-10-03,Nizwa,Wholesale,Tablets,60,128.0,98.31,7680.15,7680.15,1781.46,0.0,Completed
2023-10-03,Muscat,Online,Smartphones,1,233.89,152.03,233.89,233.89,81.86,0.0,Completed
2023-10-03,Muscat,Online,Smartphones,5,242.52,127.48,1212.6,0.0,-133.57,133.57,Returned
2023-10-03,Salalah,Online,Accessories,2,24.3,13.52,48.61,48.61,21.56,0.0,Completed
2023-10-03,Sohar,Online,Laptops,3,356.0,189.41,1068.01,1068.01,499.77,0.0,Completed
2023-10-04,Sohar,Retail,Laptops,2,383.4,237.8,766.8,766.8,291.2,0.0,Completed
2023-10-04,Muscat,Online,Accessories,1,22.51,13.6,22.51,0.0,-3.93,3.93,Returned
2023-10-04,Salalah,Online,Tablets,2,157.53,106.44,315.06,315.06,102.18,0.0,Completed
2023-10-05,Sohar,Online,Smartphones,2,229.27,140.57,458.55,0.0,-115.28,115.28,Returned
2023-10-05,Salalah,Online,Smartphones,2,234.58,156.55,469.15,0.0,-284.71,284.71,Returned
2023-10-05,Muscat,Online,Smartphones,4,271.74,147.85,1086.94,1086.94,495.56,0.0,Completed
2023-10-05,Muscat,Online,Accessories,5,22.6,14.16,112.98,112.98,42.16,0.0,Completed
2023-10-05,Sohar,Online,Accessories,5,24.11,16.4,120.53,120.53,38.55,0.0,Completed
2023-10-05,Muscat,Online,Smartphones,4,227.56,137.68,910.24,0.0,-135.58,135.58,Returned
2023-10-05,Nizwa,Retail,Smartphones,3,232.54,120.0,697.61,697.61,337.61,0.0,Completed
2023-10-05,Muscat,Online,Smartphones,5,257.26,166.26,1286.29,1286.29,454.97,0.0,Completed
2023-10-05,Muscat,Retail,Accessories,4,24.59,14.77,98.34,98.34,39.26,0.0,Completed
2023-10-05,Nizwa,Online,Smartphones,5,236.74,122.25,1183.71,1183.71,572.48,0.0,Completed
2023-10-06,Nizwa,Retail,Laptops,5,329.89,229.26,1649.43,1649.43,503.12,0.0,Completed
2023-10-06,Muscat,Online,Smartphones,3,242.26,156.28,726.79,726.79,257.94,0.0,Completed
2023-10-07,Nizwa,Online,Smartphones,4,239.78,126.57,959.13,0.0,-481.11,481.11,Returned
2023-10-08,Muscat,Retail,Accessories,3,23.35,12.22,70.05,70.05,33.37,0.0,Completed
2023-10-08,Muscat,Online,Laptops,2,366.81,188.64,733.62,733.62,356.35,0.0,Completed
2023-10-08,Salalah,Online,Smartphones,2,247.8,160.24,495.59,495.59,175.12,0.0,Completed
2023-10-08,Muscat,Online,Smartphones,3,232.44,116.47,697.32,0.0,-111.15,111.15,Returned
2023-10-08,Muscat,Retail,Smartphones,3,273.14,183.19,819.42,0.0,-413.97,413.97,Returned
2023-10-08,Muscat,Online,Laptops,5,316.27,187.86,1581.37,1581.37,642.07,0.0,Completed
2023-10-08,Muscat,Online,Accessories,1,25.75,13.28,25.75,25.75,12.47,0.0,Completed
2023-10-09,Salalah,Online,Smartphones,4,238.34,135.95,953.38,0.0,-313.61,313.61,Returned
2023-10-09,Muscat,Retail,Smartphones,1,262.03,149.31,262.03,0.0,-61.32,61.32,Returned
2023-10-09,Salalah,Online,Accessories,4,24.91,15.4,99.65,99.65,38.04,0.0,Completed
2023-10-09,Salalah,Retail,Smartphones,4,259.06,159.3,1036.23,0.0,-538.08,538.08,Returned
2023-10-09,Salalah,Online,Smartphones,4,231.31,131.1,925.24,0.0,-324.35,324.35,Returned
2023-10-09,Sohar,Online,Smartphones,3,241.12,128.86,723.37,723.37,336.79,0.0,Completed
2023-10-10,Salalah,Retail,Tablets,5,149.7,91.7,748.52,748.52,290.01,0.0,Completed
2023-10-10,Sohar,Online,Smartphones,5,244.59,168.57,1222.93,1222.93,380.08,0.0,Completed
2023-10-10,Sohar,Retail,Tablets,5,151.77,102.6,758.87,758.87,245.89,0.0,Completed
2023-10-10,Salalah,Wholesale,Accessories,100,20.22,14.59,2021.59,2021.59,562.65,0.0,Completed
2023-10-10,Muscat,Retail,Laptops,1,357.0,239.53,357.0,357.0,117.47,0.0,Completed
2023-10-10,Sohar,Wholesale,Accessories,14,20.17,15.98,282.31,282.31,58.55,0.0,Completed
2023-10-11,Muscat,Retail,Smartphones,3,233.89,120.28,701.67,701.67,340.85,0.0,Completed
2023-10-11,Salalah,Retail,Accessories,1,22.54,14.26,22.54,22.54,8.28,0.0,Completed
2023-10-11,Nizwa,Wholesale,Laptops,36,254.03,203.98,9145.16,9145.16,1801.84,0.0,Completed
2023-10-11,Nizwa,Retail,Tablets,4,161.58,104.99,646.33,646.33,226.39,0.0,Completed
2023-10-11,Sohar,Retail,Smartphones,1,267.53,178.67,267.53,267.53,88.87,0.0,Completed
2023-10-11,Muscat,Online,Laptops,3,330.4,171.1,991.21,991.21,477.91,0.0,Completed
2023-10-11,Muscat,Retail,Smartphones,1,225.82,140.81,225.82,0.0,-109.42,109.42,Returned
2023-10-11,Salalah,Retail,Smartphones,2,263.78,165.16,527.57,0.0,-184.51,184.51,Returned
2023-10-11,Muscat,Online,Laptops,1,363.56,226.06,363.56,363.56,137.5,0.0,Completed
2023-10-12,Muscat,Online,Smartphones,5,245.23,170.94,1226.17,0.0,-313.4,313.4,Returned
2023-10-12,Salalah,Retail,Tablets,4,146.48,98.84,585.9,0.0,-323.11,323.11,Returned
2023-10-12,Sohar,Online,Accessories,4,25.9,16.89,103.59,103.59,36.01,0.0,Completed
2023-10-12,Muscat,Online,Smartphones,2,244.04,167.78,488.08,488.08,152.52,0.0,Completed
2023-10-12,Sohar,Retail,Accessories,5,24.23,15.05,121.17,121.17,45.91,0.0,Completed
2023-10-12,Salalah,Online,Accessories,5,26.52,14.36,132.62,132.62,60.83,0.0,Completed
2023-10-12,Muscat,Online,Laptops,2,316.97,203.93,633.95,633.95,226.09,0.0,Completed
2023-10-13,Muscat,Wholesale,Smartphones,18,197.23,154.62,3550.14,3550.14,766.95,0.0,Completed
2023-10-13,Muscat,Online,Laptops,5,375.13,214.81,1875.66,1875.66,801.64,0.0,Completed
2023-10-13,Salalah,Online,Wearables,3,75.46,41.58,226.38,226.38,101.63,0.0,Completed
2023-10-13,Nizwa,Online,Accessories,4,25.58,14.57,102.32,102.32,44.03,0.0,Completed
2023-10-14,Sohar,Online,Smartphones,5,262.24,166.93,1311.19,1311.19,476.54,0.0,Completed
2023-10-14,Muscat,Online,Tablets,3,164.2,102.71,492.6,492.6,184.48,0.0,Completed
2023-10-14,Sohar,Retail,Smartphones,3,236.69,150.48,710.08,0.0,-391.0,391.0,Returned
2023-10-14,Nizwa,Wholesale,Accessories,60,18.67,15.2,1120.38,1120.38,208.62,0.0,Completed
2023-10-14,Sohar,Retail,Accessories,5,22.52,13.75,112.58,0.0,-18.94,18.94,Returned
2023-10-14,Nizwa,Retail,Accessories,1,24.65,15.26,24.65,24.65,9.39,0.0,Completed
2023-10-14,Nizwa,Retail,Accessories,4,26.31,14.31,105.23,105.23,48.0,0.0,Completed
2023-10-14,Muscat,Retail,Laptops,2,331.74,213.36,663.48,663.48,236.76,0.0,Completed
2023-10-15,Salalah,Retail,Smartphones,3,237.18,153.75,711.53,711.53,250.29,0.0,Completed
2023-10-15,Sohar,Online,Wearables,3,85.73,50.2,257.19,257.19,106.59,0.0,Completed
2023-10-15,Muscat,Wholesale,Smartphones,15,185.03,120.86,2775.5,2775.5,962.6,0.0,Completed
2023-10-15,Sohar,Retail,Laptops,1,369.43,192.12,369.43,369.43,177.31,0.0,Completed
2023-10-15,Nizwa,Retail,Smartphones,3,231.86,140.44,695.59,695.59,274.27,0.0,Completed
2023-10-15,Salalah,Online,Accessories,2,24.73,15.86,49.47,49.47,17.74,0.0,Completed
2023-10-16,Muscat,Retail,Smartphones,4,267.11,150.34,1068.44,0.0,-364.69,364.69,Returned
2023-10-16,Nizwa,Online,Laptops,5,371.84,232.24,1859.21,0.0,-1125.48,1125.48,Returned
2023-10-17,Muscat,Retail,Wearables,2,84.25,56.47,168.5,168.5,55.56,0.0,Completed
2023-10-17,Sohar,Online,Smartphones,1,239.05,160.48,239.05,0.0,-75.52,75.52,Returned
2023-10-17,Muscat,Retail,Smartphones,4,232.58,129.13,930.32,930.32,413.81,0.0,Completed
2023-10-17,Muscat,Online,Smartphones,5,227.78,132.13,1138.88,0.0,-427.25,427.25,Returned
2023-10-18,Muscat,Retail,Smartphones,4,237.99,147.88,951.95,951.95,360.42,0.0,Completed
2023-10-18,Salalah,Online,Accessories,2,25.08,14.53,50.16,50.16,21.1,0.0,Completed
2023-10-18,Muscat,Retail,Smartphones,2,265.64,143.6,531.28,531.28,244.08,0.0,Completed
2023-10-19,Muscat,Wholesale,Smartphones,36,200.98,139.7,7235.34,7235.34,2206.04,0.0,Completed
2023-10-20,Muscat,Retail,Smartphones,4,238.88,164.17,955.54,955.54,298.84,0.0,Completed
2023-10-20,Muscat,Retail,Tablets,4,142.79,98.3,571.18,571.18,177.96,0.0,Completed
2023-10-20,Sohar,Online,Smartphones,1,243.96,170.76,243.96,0.0,-108.97,108.97,Returned
2023-10-20,Salalah,Wholesale,Laptops,52,261.9,218.35,13618.55,13618.55,2264.1,0.0,Completed
2023-10-20,Salalah,Retail,Accessories,3,23.95,13.74,71.85,71.85,30.61,0.0,Completed
2023-10-20,Muscat,Online,Smartphones,4,271.84,188.84,1087.37,1087.37,332.01,0.0,Completed
2023-10-20,Nizwa,Retail,Smartphones,5,249.61,133.91,1248.05,0.0,-633.53,633.53,Returned
2023-10-20,Sohar,Wholesale,Smartphones,39,192.18,138.08,7494.9,0.0,-2796.12,2796.12,Returned
2023-10-21,Muscat,Online,Laptops,4,336.8,169.87,1347.21,1347.21,667.71,0.0,Completed
2023-10-21,Muscat,Online,Accessories,5,23.81,12.67,119.05,119.05,55.7,0.0,Completed
2023-10-21,Sohar,Wholesale,Smartphones,54,196.82,148.79,10628.14,0.0,-1954.77,1954.77,Returned
2023-10-21,Salalah,Retail,Wearables,2,85.49,59.07,170.97,170.97,52.82,0.0,Completed
2023-10-21,Nizwa,Retail,Smartphones,5,270.57,144.93,1352.85,1352.85,628.2,0.0,Completed
2023-10-21,Muscat,Online,Wearables,5,74.57,51.8,372.84,372.84,113.82,0.0,Completed
2023-10-21,Nizwa,Online,Tablets,5,153.8,105.39,769.0,769.0,242.03,0.0,Completed
2023-10-21,Nizwa,Retail,Laptops,4,350.86,238.8,1403.42,1403.42,448.21,0.0,Completed
2023-10-21,Sohar,Retail,Tablets,5,142.72,74.4,713.62,713.62,341.6,0.0,Completed
2023-10-22,Muscat,Retail,Accessories,1,22.82,14.27,22.82,22.82,8.55,0.0,Completed
2023-10-22,Muscat,Online,Accessories,3,25.28,15.16,75.83,75.83,30.35,0.0,Completed
2023-10-22,Nizwa,Retail,Laptops,4,329.72,203.95,1318.88,1318.88,503.09,0.0,Completed
2023-10-22,Nizwa,Online,Smartphones,2,237.87,133.94,475.74,475.74,207.86,0.0,Completed
2023-10-23,Muscat,Online,Laptops,1,316.22,182.1,316.22,316.22,134.12,0.0,Completed
2023-10-23,Salalah,Online,Tablets,4,163.44,97.18,653.77,653.77,265.07,0.0,Completed
2023-10-23,Muscat,Wholesale,Laptops,17,258.17,190.06,4388.81,4388.81,1157.77,0.0,Completed
2023-10-23,Muscat,Retail,Smartphones,1,260.08,167.7,260.08,0.0,-136.6,136.6,Returned
2023-10-24,Salalah,Online,Tablets,4,135.75,75.43,543.0,543.0,241.29,0.0,Completed
2023-10-24,Sohar,Online,Smartphones,2,233.4,117.1,466.8,466.8,232.6,0.0,Completed
2023-10-24,Muscat,Retail,Tablets,1,135.1,92.05,135.1,135.1,43.05,0.0,Completed
2023-10-24,Sohar,Online,Laptops,2,342.84,220.33,685.67,685.67,245.02,0.0,Completed
2023-10-24,Sohar,Retail,Accessories,2,24.68,17.17,49.37,49.37,15.03,0.0,Completed
2023-10-24,Salalah,Retail,Smartphones,5,262.56,182.97,1312.81,1312.81,397.99,0.0,Completed
2023-10-24,Salalah,Online,Laptops,4,357.52,225.59,1430.09,1430.09,527.71,0.0,Completed
2023-10-25,Muscat,Retail,Smartphones,1,236.95,149.1,236.95,236.95,87.85,0.0,Completed
2023-10-25,Muscat,Online,Wearables,5,72.92,43.72,364.61,364.61,145.99,0.0,Completed
2023-10-25,Sohar,Retail,Smartphones,1,269.56,162.03,269.56,269.56,107.52,0.0,Completed
2023-10-25,Muscat,Retail,Laptops,4,375.09,250.59,1500.36,1500.36,497.98,0.0,Completed
2023-10-25,Salalah,Retail,Smartphones,4,254.35,139.64,1017.39,1017.39,458.83,0.0,Completed
2023-10-25,Nizwa,Wholesale,Smartphones,60,187.92,135.84,11275.18,11275.18,3124.54,0.0,Completed
2023-10-25,Muscat,Retail,Tablets,2,142.09,83.55,284.18,284.18,117.09,0.0,Completed
2023-10-27,Sohar,Wholesale,Accessories,52,19.2,15.26,998.52,998.52,205.11,0.0,Completed
2023-10-27,Sohar,Retail,Smartphones,2,246.44,124.54,492.88,492.88,243.8,0.0,Completed
2023-10-27,Salalah,Online,Wearables,3,86.15,48.81,258.44,258.44,112.01,0.0,Completed
2023-10-27,Muscat,Wholesale,Laptops,32,256.03,181.19,8192.93,8192.93,2394.76,0.0,Completed
2023-10-27,Salalah,Online,Tablets,1,147.53,96.96,147.53,147.53,50.58,0.0,Completed
2023-10-27,Muscat,Online,Tablets,4,157.05,105.43,628.21,628.21,206.49,0.0,Completed
2023-10-27,Salalah,Retail,Smartphones,2,263.47,150.89,526.94,0.0,-240.29,240.29,Returned
2023-10-27,Nizwa,Retail,Smartphones,2,233.61,157.54,467.23,467.23,152.16,0.0,Completed
2023-10-27,Salalah,Retail,Accessories,1,24.96,12.59,24.96,24.96,12.37,0.0,Completed
2023-10-27,Sohar,Online,Accessories,4,26.19,17.42,104.76,104.76,35.07,0.0,Completed
2023-10-28,Muscat,Retail,Smartphones,2,234.54,122.26,469.08,469.08,224.56,0.0,Completed
2023-10-28,Salalah,Online,Wearables,2,81.17,42.93,162.34,162.34,76.48,0.0,Completed
2023-10-28,Muscat,Online,Accessories,1,24.86,13.94,24.86,24.86,10.92,0.0,Completed
2023-10-28,Salalah,Online,Laptops,1,383.48,233.24,383.48,383.48,150.24,0.0,Completed
2023-10-28,Salalah,Online,Smartphones,4,232.11,119.29,928.45,928.45,451.29,0.0,Completed
2023-10-28,Sohar,Online,Smartphones,5,241.85,162.69,1209.24,0.0,-432.18,432.18,Returned
2023-10-28,Salalah,Retail,Smartphones,2,242.72,139.03,485.44,485.44,207.38,0.0,Completed
2023-10-28,Sohar,Online,Tablets,2,155.64,103.13,311.29,311.29,105.03,0.0,Completed
2023-10-28,Salalah,Online,Accessories,5,25.32,16.7,126.59,126.59,43.11,0.0,Completed
2023-10-29,Sohar,Retail,Tablets,4,149.75,86.73,599.0,599.0,252.07,0.0,Completed
2023-10-29,Salalah,Online,Smartphones,5,240.66,156.08,1203.29,1203.29,422.87,0.0,Completed
2023-10-29,Muscat,Online,Smartphones,5,260.56,141.11,1302.8,1302.8,597.27,0.0,Completed
2023-10-29,Muscat,Online,Smartphones,4,260.02,175.04,1040.07,1040.07,339.91,0.0,Completed
2023-10-29,Muscat,Retail,Smartphones,3,262.05,141.88,786.14,786.14,360.5,0.0,Completed
2023-10-29,Sohar,Retail,Accessories,4,24.08,15.68,96.33,96.33,33.62,0.0,Completed
2023-10-29,Muscat,Retail,Accessories,5,26.76,16.0,133.78,133.78,53.79,0.0,Completed
2023-10-30,Sohar,Retail,Accessories,4,24.36,15.65,97.43,97.43,34.82,0.0,Completed
2023-10-30,Muscat,Online,Tablets,1,152.62,82.47,152.62,152.62,70.15,0.0,Completed
2023-10-30,Sohar,Retail,Tablets,4,152.19,76.76,608.76,608.76,301.73,0.0,Completed
2023-10-30,Sohar,Retail,Accessories,5,25.84,17.06,129.22,129.22,43.94,0.0,Completed
2023-10-30,Muscat,Retail,Smartphones,4,274.03,140.32,1096.13,1096.13,534.84,0.0,Completed
2023-10-30,Muscat,Retail,Wearables,2,86.6,55.87,173.21,173.21,61.47,0.0,Completed
2023-10-30,Muscat,Retail,Accessories,5,25.79,16.86,128.96,128.96,44.67,0.0,Completed
2023-10-30,Nizwa,Retail,Smartphones,3,246.47,134.26,739.41,739.41,336.62,0.0,Completed
2023-10-31,Muscat,Retail,Accessories,5,24.58,15.51,122.92,122.92,45.35,0.0,Completed
2023-10-31,Sohar,Retail,Laptops,1,324.41,180.43,324.41,0.0,-44.97,44.97,Returned
2023-10-31,Sohar,Retail,Smartphones,3,232.98,156.35,698.93,698.93,229.87,0.0,Completed
2023-10-31,Muscat,Retail,Tablets,5,142.31,92.6,711.56,711.56,248.55,0.0,Completed
2023-10-31,Sohar,Retail,Laptops,1,353.66,198.35,353.66,353.66,155.31,0.0,Completed
2023-10-31,Sohar,Online,Wearables,4,72.96,37.34,291.86,291.86,142.52,0.0,Completed
2023-10-31,Muscat,Retail,Accessories,5,27.1,13.84,135.51,135.51,66.3,0.0,Completed
2023-10-31,Salalah,Retail,Wearables,1,79.27,52.48,79.27,79.27,26.78,0.0,Completed
2023-11-01,Muscat,Retail,Tablets,4,137.4,84.35,549.61,549.61,212.21,0.0,Completed
2023-11-01,Nizwa,Online,Laptops,5,350.83,234.54,1754.16,1754.16,581.44,0.0,Completed
2023-11-01,Muscat,Retail,Tablets,2,137.14,79.44,274.29,274.29,115.42,0.0,Completed
2023-11-01,Muscat,Online,Smartphones,5,229.17,151.67,1145.85,1145.85,387.51,0.0,Completed
2023-11-01,Muscat,Retail,Laptops,1,368.25,238.85,368.25,368.25,129.4,0.0,Completed
2023-11-01,Salalah,Retail,Wearables,1,81.01,41.5,81.01,81.01,39.51,0.0,Completed
2023-11-02,Nizwa,Wholesale,Laptops,48,294.27,210.6,14124.94,14124.94,4016.03,0.0,Completed
2023-11-02,Salalah,Retail,Accessories,4,23.63,13.41,94.53,94.53,40.9,0.0,Completed
2023-11-02,Salalah,Retail,Accessories,3,24.58,13.57,73.75,73.75,33.04,0.0,Completed
2023-11-02,Sohar,Online,Accessories,3,25.5,15.8,76.49,76.49,29.08,0.0,Completed
2023-11-03,Muscat,Retail,Wearables,2,82.85,56.39,165.69,165.69,52.92,0.0,Completed
2023-11-03,Muscat,Retail,Accessories,2,26.64,17.35,53.29,53.29,18.59,0.0,Completed
2023-11-03,Salalah,Online,Accessories,5,24.75,16.79,123.77,123.77,39.81,0.0,Completed
2023-11-03,Salalah,Retail,Smartphones,2,234.37,128.82,468.73,468.73,211.1,0.0,Completed
2023-11-03,Sohar,Retail,Accessories,1,25.2,14.69,25.2,25.2,10.5,0.0,Completed
2023-11-03,Muscat,Online,Accessories,2,23.3,14.4,46.6,46.6,17.79,0.0,Completed
2023-11-03,Salalah,Retail,Smartphones,5,226.15,119.89,1130.77,1130.77,531.3,0.0,Completed
2023-11-03,Muscat,Retail,Wearables,3,86.68,49.01,260.04,260.04,113.02,0.0,Completed
2023-11-04,Muscat,Online,Laptops,2,374.64,203.71,749.28,749.28,341.85,0.0,Completed
2023-11-04,Salalah,Online,Laptops,1,352.74,239.86,352.74,352.74,112.88,0.0,Completed
2023-11-04,Muscat,Retail,Smartphones,2,225.43,134.32,450.86,450.86,182.22,0.0,Completed
2023-11-04,Salalah,Wholesale,Accessories,28,18.38,15.44,514.73,514.73,82.48,0.0,Completed
2023-11-04,Salalah,Retail,Smartphones,1,240.26,146.37,240.26,240.26,93.89,0.0,Completed
2023-11-04,Salalah,Retail,Smartphones,5,267.91,147.44,1339.54,1339.54,602.34,0.0,Completed
2023-11-04,Muscat,Online,Smartphones,2,269.94,183.74,539.89,539.89,172.42,0.0,Completed
2023-11-04,Muscat,Online,Laptops,1,331.29,200.87,331.29,331.29,130.42,0.0,Completed
2023-11-04,Muscat,Online,Accessories,3,27.16,14.48,81.49,81.49,38.05,0.0,Completed
2023-11-04,Sohar,Online,Wearables,3,78.86,48.35,236.57,236.57,91.52,0.0,Completed
2023-11-05,Muscat,Retail,Smartphones,3,253.66,158.41,760.99,760.99,285.75,0.0,Completed
2023-11-05,Salalah,Online,Laptops,5,361.51,192.95,1807.55,1807.55,842.78,0.0,Completed
2023-11-05,Muscat,Retail,Accessories,1,26.63,15.97,26.63,26.63,10.66,0.0,Completed
2023-11-05,Nizwa,Retail,Accessories,1,23.12,13.18,23.12,23.12,9.94,0.0,Completed
2023-11-06,Sohar,Retail,Smartphones,5,262.86,173.42,1314.29,1314.29,447.19,0.0,Completed
2023-11-06,Muscat,Online,Wearables,4,81.06,56.15,324.22,324.22,99.63,0.0,Completed
2023-11-06,Salalah,Online,Smartphones,4,266.29,147.64,1065.16,1065.16,474.59,0.0,Completed
2023-11-06,Muscat,Wholesale,Laptops,30,293.56,243.0,8806.69,8806.69,1516.8,0.0,Completed
2023-11-07,Muscat,Retail,Smartphones,5,227.64,144.4,1138.21,1138.21,416.23,0.0,Completed
2023-11-07,Sohar,Online,Smartphones,5,272.63,146.08,1363.16,1363.16,632.77,0.0,Completed
2023-11-07,Nizwa,Retail,Laptops,4,375.57,199.57,1502.29,1502.29,704.03,0.0,Completed
2023-11-08,Muscat,Retail,Smartphones,4,244.35,157.27,977.4,977.4,348.33,0.0,Completed
2023-11-08,Salalah,Wholesale,Laptops,11,261.9,178.26,2880.92,2880.92,920.03,0.0,Completed
2023-11-08,Sohar,Online,Smartphones,1,241.42,159.61,241.42,241.42,81.8,0.0,Completed
2023-11-08,Muscat,Retail,Accessories,4,26.87,14.29,107.48,107.48,50.33,0.0,Completed
2023-11-09,Muscat,Retail,Smartphones,3,242.17,141.45,726.51,726.51,302.16,0.0,Completed
2023-11-09,Salalah,Retail,Wearables,1,78.48,54.68,78.48,78.48,23.79,0.0,Completed
2023-11-09,Muscat,Retail,Accessories,1,26.88,16.49,26.88,26.88,10.4,0.0,Completed
2023-11-09,Muscat,Retail,Smartphones,1,259.99,157.25,259.99,259.99,102.74,0.0,Completed
2023-11-10,Muscat,Retail,Wearables,4,87.5,45.75,350.0,350.0,166.98,0.0,Completed
2023-11-10,Sohar,Online,Accessories,1,22.51,14.26,22.51,22.51,8.25,0.0,Completed
2023-11-10,Muscat,Wholesale,Smartphones,11,188.31,117.96,2071.43,2071.43,773.84,0.0,Completed
2023-11-10,Sohar,Retail,Smartphones,1,243.44,128.49,243.44,243.44,114.95,0.0,Completed
2023-11-10,Salalah,Online,Smartphones,4,259.4,168.56,1037.59,1037.59,363.37,0.0,Completed
2023-11-10,Nizwa,Online,Accessories,3,26.36,14.54,79.08,79.08,35.45,0.0,Completed
2023-11-11,Sohar,Online,Laptops,1,335.78,205.6,335.78,335.78,130.17,0.0,Completed
2023-11-11,Nizwa,Retail,Laptops,5,372.96,240.78,1864.78,1864.78,660.89,0.0,Completed
2023-11-11,Sohar,Retail,Accessories,3,23.85,12.11,71.54,71.54,35.21,0.0,Completed
2023-11-11,Sohar,Wholesale,Smartphones,52,195.61,152.87,10171.52,10171.52,2222.24,0.0,Completed
2023-11-12,Muscat,Retail,Accessories,3,24.97,17.3,74.91,74.91,22.99,0.0,Completed
2023-11-12,Muscat,Online,Tablets,3,150.55,95.86,451.66,451.66,164.07,0.0,Completed
2023-11-12,Nizwa,Online,Accessories,5,26.28,16.61,131.41,131.41,48.36,0.0,Completed
2023-11-13,Nizwa,Online,Wearables,1,83.78,56.88,83.78,83.78,26.91,0.0,Completed
2023-11-13,Sohar,Retail,Smartphones,4,236.92,135.92,947.69,947.69,404.03,0.0,Completed
2023-11-13,Salalah,Retail,Laptops,1,384.19,225.74,384.19,384.19,158.45,0.0,Completed
2023-11-13,Salalah,Retail,Laptops,2,371.27,238.99,742.54,742.54,264.55,0.0,Completed
2023-11-13,Muscat,Retail,Accessories,2,24.98,14.62,49.95,49.95,20.71,0.0,Completed
2023-11-13,Muscat,Retail,Wearables,3,76.49,48.91,229.47,229.47,82.75,0.0,Completed
2023-11-14,Muscat,Online,Accessories,1,26.51,14.41,26.51,26.51,12.1,0.0,Completed
2023-11-14,Salalah,Retail,Smartphones,3,241.21,159.74,723.63,723.63,244.42,0.0,Completed
2023-11-14,Salalah,Wholesale,Tablets,60,111.65,76.46,6698.72,6698.72,2110.84,0.0,Completed
2023-11-14,Muscat,Retail,Tablets,5,155.12,98.88,775.62,775.62,281.2,0.0,Completed
2023-11-15,Muscat,Wholesale,Laptops,54,288.74,239.94,15591.92,15591.92,2635.43,0.0,Completed
2023-11-15,Nizwa,Wholesale,Laptops,30,266.36,215.73,7990.85,7990.85,1519.01,0.0,Completed
2023-11-15,Salalah,Online,Wearables,4,78.32,40.43,313.27,313.27,151.55,0.0,Completed
2023-11-15,Muscat,Online,Accessories,3,26.19,16.18,78.57,78.57,30.03,0.0,Completed
2023-11-15,Muscat,Online,Accessories,2,22.59,12.88,45.17,45.17,19.42,0.0,Completed
2023-11-15,Salalah,Online,Smartphones,1,252.79,147.86,252.79,252.79,104.93,0.0,Completed
2023-11-16,Sohar,Online,Smartphones,3,255.67,174.61,767.02,767.02,243.19,0.0,Completed
2023-11-16,Nizwa,Retail,Laptops,3,358.94,206.93,1076.81,1076.81,456.02,0.0,Completed
2023-11-16,Salalah,Online,Tablets,2,135.68,69.0,271.35,271.35,133.36,0.0,Completed
2023-11-16,Muscat,Retail,Accessories,5,25.37,15.04,126.86,126.86,51.67,0.0,Completed
2023-11-16,Muscat,Retail,Accessories,1,24.96,17.34,24.96,24.96,7.62,0.0,Completed
2023-11-16,Sohar,Online,Smartphones,5,249.33,152.69,1246.67,1246.67,483.2,0.0,Completed
2023-11-17,Muscat,Online,Wearables,4,86.68,51.38,346.71,0.0,-170.64,170.64,Returned
2023-11-18,Muscat,Retail,Tablets,2,141.76,84.85,283.51,283.51,113.81,0.0,Completed
2023-11-18,Muscat,Online,Accessories,2,26.15,17.37,52.31,52.31,17.57,0.0,Completed
2023-11-18,Sohar,Retail,Wearables,4,82.95,41.76,331.79,331.79,164.76,0.0,Completed
2023-11-18,Muscat,Online,Smartphones,3,268.69,147.03,806.06,806.06,364.98,0.0,Completed
2023-11-18,Sohar,Online,Laptops,1,333.11,193.13,333.11,333.11,139.98,0.0,Completed
2023-11-18,Muscat,Retail,Laptops,4,335.94,219.67,1343.75,1343.75,465.09,0.0,Completed
2023-11-18,Sohar,Retail,Laptops,3,368.68,229.55,1106.04,1106.04,417.39,0.0,Completed
2023-11-19,Muscat,Retail,Smartphones,3,252.11,174.26,756.33,756.33,233.57,0.0,Completed
2023-11-19,Nizwa,Retail,Laptops,2,369.98,223.83,739.96,0.0,-367.56,367.56,Returned
2023-11-19,Sohar,Retail,Laptops,4,324.02,191.04,1296.08,1296.08,531.93,0.0,Completed
2023-11-19,Muscat,Online,Accessories,5,24.19,16.89,120.93,120.93,36.47,0.0,Completed
2023-11-20,Muscat,Retail,Tablets,5,137.79,71.91,688.97,688.97,329.42,0.0,Completed
2023-11-20,Muscat,Online,Smartphones,5,254.31,148.47,1271.54,1271.54,529.21,0.0,Completed
2023-11-20,Muscat,Online,Accessories,3,24.8,12.95,74.41,74.41,35.56,0.0,Completed
2023-11-20,Sohar,Online,Smartphones,4,265.97,162.94,1063.87,1063.87,412.1,0.0,Completed
2023-11-20,Salalah,Retail,Wearables,1,83.56,41.84,83.56,83.56,41.71,0.0,Completed
2023-11-20,Muscat,Online,Tablets,2,162.58,81.9,325.17,325.17,161.37,0.0,Completed
2023-11-21,Nizwa,Retail,Tablets,5,140.64,86.26,703.19,703.19,271.87,0.0,Completed
2023-11-21,Sohar,Online,Wearables,1,75.48,49.83,75.48,75.48,25.65,0.0,Completed
2023-11-21,Sohar,Retail,Smartphones,3,231.47,161.68,694.42,694.42,209.38,0.0,Completed
2023-11-21,Salalah,Retail,Laptops,3,337.76,185.14,1013.29,1013.29,457.88,0.0,Completed
2023-11-22,Salalah,Retail,Smartphones,3,227.17,124.23,681.5,681.5,308.79,0.0,Completed
2023-11-22,Muscat,Retail,Wearables,3,76.51,52.43,229.53,229.53,72.24,0.0,Completed
2023-11-22,Muscat,Online,Laptops,5,360.15,219.5,1800.77,1800.77,703.28,0.0,Completed
2023-11-22,Nizwa,Retail,Smartphones,2,265.66,164.64,531.33,531.33,202.05,0.0,Completed
2023-11-23,Muscat,Retail,Smartphones,2,272.46,160.74,544.92,544.92,223.43,0.0,Completed
2023-11-23,Salalah,Retail,Smartphones,4,226.24,153.52,904.96,0.0,-130.22,130.22,Returned
2023-11-23,Muscat,Online,Smartphones,5,238.71,144.56,1193.57,1193.57,470.76,0.0,Completed
2023-11-23,Muscat,Online,Wearables,4,87.32,52.28,349.27,0.0,-91.4,91.4,Returned
2023-11-23,Sohar,Online,Wearables,4,77.06,39.87,308.25,308.25,148.75,0.0,Completed
2023-11-23,Salalah,Retail,Smartphones,1,241.17,127.8,241.17,241.17,113.38,0.0,Completed
2023-11-24,Muscat,Wholesale,Accessories,40,18.66,12.28,746.52,746.52,255.52,0.0,Completed
2023-11-24,Salalah,Online,Laptops,5,364.08,252.57,1820.4,1820.4,557.56,0.0,Completed
2023-11-24,Nizwa,Retail,Laptops,4,342.77,199.32,1371.07,1371.07,573.81,0.0,Completed
2023-11-24,Salalah,Retail,Tablets,3,162.82,96.13,488.47,488.47,200.09,0.0,Completed
2023-11-25,Sohar,Wholesale,Wearables,95,58.23,38.95,5531.89,5531.89,1831.76,0.0,Completed
2023-11-26,Sohar,Retail,Wearables,1,82.79,47.57,82.79,0.0,-23.69,23.69,Returned
2023-11-26,Sohar,Retail,Smartphones,2,241.02,126.12,482.04,482.04,229.81,0.0,Completed
2023-11-26,Salalah,Online,Accessories,2,25.7,13.44,51.4,51.4,24.51,0.0,Completed
2023-11-26,Muscat,Retail,Wearables,5,81.4,42.64,407.01,407.01,193.8,0.0,Completed
2023-11-26,Salalah,Online,Accessories,1,25.71,17.39,25.71,25.71,8.32,0.0,Completed
2023-11-26,Sohar,Retail,Smartphones,5,234.6,150.44,1172.98,1172.98,420.76,0.0,Completed
2023-11-27,Nizwa,Online,Smartphones,4,265.03,154.29,1060.11,1060.11,442.94,0.0,Completed
2023-11-27,Muscat,Online,Wearables,4,75.05,44.78,300.2,300.2,121.08,0.0,Completed
2023-11-27,Muscat,Online,Smartphones,3,254.13,171.82,762.4,762.4,246.93,0.0,Completed
2023-11-27,Muscat,Online,Laptops,5,324.36,192.67,1621.8,1621.8,658.46,0.0,Completed
2023-11-27,Sohar,Retail,Laptops,2,326.92,211.18,653.85,653.85,231.48,0.0,Completed
2023-11-27,Sohar,Online,Wearables,1,82.87,48.61,82.87,82.87,34.26,0.0,Completed
2023-11-28,Sohar,Wholesale,Smartphones,24,183.27,122.46,4398.39,4398.39,1459.46,0.0,Completed
2023-11-28,Muscat,Retail,Accessories,3,25.13,15.28,75.4,0.0,-11.2,11.2,Returned
2023-11-28,Muscat,Online,Laptops,4,380.5,199.72,1522.01,0.0,-311.02,311.02,Returned
2023-11-28,Salalah,Retail,Smartphones,1,243.87,133.02,243.87,243.87,110.85,0.0,Completed
2023-11-28,Muscat,Online,Laptops,2,370.02,258.74,740.05,740.05,222.57,0.0,Completed
2023-11-28,Muscat,Retail,Accessories,3,27.47,15.01,82.42,82.42,37.38,0.0,Completed
2023-11-29,Sohar,Wholesale,Accessories,57,19.08,16.21,1087.42,1087.42,163.55,0.0,Completed
2023-11-29,Muscat,Online,Wearables,5,82.86,57.09,414.3,414.3,128.83,0.0,Completed
2023-11-29,Salalah,Retail,Accessories,5,26.02,15.21,130.11,130.11,54.07,0.0,Completed
2023-11-29,Muscat,Online,Smartphones,3,240.2,131.88,720.61,720.61,324.96,0.0,Completed
2023-11-29,Muscat,Wholesale,Smartphones,30,184.58,148.97,5537.33,5537.33,1068.1,0.0,Completed
2023-11-30,Nizwa,Online,Smartphones,1,252.98,155.78,252.98,252.98,97.2,0.0,Completed
2023-11-30,Muscat,Online,Laptops,3,382.6,232.8,1147.8,1147.8,449.38,0.0,Completed
2023-11-30,Muscat,Online,Accessories,1,23.28,14.92,23.28,23.28,8.36,0.0,Completed
2023-11-30,Muscat,Retail,Accessories,5,23.64,14.03,118.22,118.22,48.06,0.0,Completed
2023-12-01,Muscat,Retail,Accessories,4,22.53,12.28,90.12,90.12,41.0,0.0,Completed
2023-12-01,Sohar,Retail,Accessories,4,24.64,15.8,98.55,98.55,35.36,0.0,Completed
2023-12-01,Salalah,Retail,Smartphones,1,260.82,164.58,260.82,260.82,96.25,0.0,Completed
2023-12-02,Salalah,Retail,Wearables,1,85.77,51.28,85.77,85.77,34.48,0.0,Completed
2023-12-02,Sohar,Retail,Smartphones,3,259.66,148.0,778.98,778.98,334.99,0.0,Completed
2023-12-02,Sohar,Retail,Accessories,1,24.03,12.87,24.03,24.03,11.17,0.0,Completed
2023-12-02,Salalah,Retail,Tablets,4,143.18,88.27,572.73,572.73,219.66,0.0,Completed
2023-12-03,Muscat,Retail,Smartphones,2,245.21,123.37,490.43,490.43,243.69,0.0,Completed
2023-12-03,Muscat,Retail,Smartphones,3,274.45,180.35,823.36,823.36,282.31,0.0,Completed
2023-12-03,Muscat,Retail,Accessories,3,24.58,16.26,73.74,73.74,24.96,0.0,Completed
2023-12-03,Salalah,Online,Laptops,4,384.9,194.21,1539.61,1539.61,762.75,0.0,Completed
2023-12-03,Salalah,Online,Accessories,1,27.45,19.17,27.45,27.45,8.28,0.0,Completed
2023-12-04,Muscat,Retail,Accessories,5,23.77,15.21,118.86,118.86,42.79,0.0,Completed
2023-12-04,Nizwa,Online,Wearables,5,78.23,49.14,391.16,391.16,145.46,0.0,Completed
2023-12-04,Muscat,Retail,Accessories,4,22.52,15.27,90.1,90.1,29.02,0.0,Completed
2023-12-04,Salalah,Online,Wearables,4,77.97,41.97,311.9,311.9,144.02,0.0,Completed
2023-12-04,Muscat,Retail,Accessories,3,26.26,17.27,78.77,78.77,26.97,0.0,Completed
2023-12-04,Salalah,Online,Smartphones,1,253.17,143.78,253.17,253.17,109.39,0.0,Completed
2023-12-04,Sohar,Online,Smartphones,1,273.55,152.51,273.55,273.55,121.04,0.0,Completed
2023-12-04,Sohar,Retail,Wearables,1,72.57,48.26,72.57,72.57,24.31,0.0,Completed
2023-12-04,Muscat,Retail,Accessories,2,26.12,15.89,52.25,52.25,20.48,0.0,Completed
2023-12-05,Salalah,Retail,Smartphones,5,226.14,122.3,1130.69,1130.69,519.18,0.0,Completed
2023-12-05,Muscat,Retail,Laptops,4,383.74,195.71,1534.95,0.0,-542.42,542.42,Returned
2023-12-05,Muscat,Retail,Wearables,4,82.69,49.56,330.75,330.75,132.53,0.0,Completed
2023-12-05,Muscat,Retail,Laptops,2,344.53,188.15,689.06,689.06,312.77,0.0,Completed
2023-12-05,Muscat,Retail,Accessories,3,27.1,18.02,81.29,81.29,27.22,0.0,Completed
2023-12-05,Muscat,Online,Accessories,2,24.42,12.29,48.85,0.0,-11.7,11.7,Returned
2023-12-06,Muscat,Retail,Laptops,5,362.39,221.67,1811.94,1811.94,703.61,0.0,Completed
2023-12-06,Sohar,Retail,Accessories,3,24.84,17.23,74.51,74.51,22.83,0.0,Completed
2023-12-06,Muscat,Online,Laptops,4,326.09,209.24,1304.36,1304.36,467.42,0.0,Completed
2023-12-06,Sohar,Wholesale,Accessories,26,21.83,16.15,567.61,567.61,147.73,0.0,Completed
2023-12-06,Sohar,Online,Accessories,3,24.92,13.01,74.75,74.75,35.72,0.0,Completed
2023-12-06,Muscat,Online,Wearables,4,78.91,40.57,315.65,315.65,153.36,0.0,Completed
2023-12-07,Nizwa,Retail,Wearables,2,85.22,55.11,170.43,170.43,60.21,0.0,Completed
2023-12-07,Nizwa,Online,Smartphones,4,249.38,129.11,997.54,997.54,481.08,0.0,Completed
2023-12-07,Nizwa,Online,Laptops,1,361.38,252.05,361.38,361.38,109.33,0.0,Completed
2023-12-07,Muscat,Online,Wearables,2,83.02,55.35,166.05,166.05,55.35,0.0,Completed
2023-12-07,Muscat,Retail,Accessories,5,23.07,14.15,115.35,115.35,44.58,0.0,Completed
2023-12-07,Muscat,Retail,Smartphones,4,229.12,129.03,916.48,916.48,400.35,0.0,Completed
2023-12-08,Nizwa,Retail,Smartphones,3,230.12,133.2,690.36,690.36,290.77,0.0,Completed
2023-12-08,Muscat,Retail,Laptops,3,358.46,212.26,1075.38,1075.38,438.6,0.0,Completed
2023-12-08,Muscat,Retail,Smartphones,5,236.23,142.03,1181.16,1181.16,470.99,0.0,Completed
2023-12-08,Muscat,Retail,Tablets,2,155.38,83.94,310.76,310.76,142.89,0.0,Completed
2023-12-08,Muscat,Online,Tablets,3,163.17,111.41,489.52,489.52,155.28,0.0,Completed
2023-12-08,Nizwa,Online,Accessories,3,25.64,12.93,76.91,76.91,38.12,0.0,Completed
2023-12-08,Salalah,Online,Smartphones,4,254.31,143.73,1017.26,1017.26,442.35,0.0,Completed
2023-12-08,Sohar,Online,Laptops,5,370.57,253.68,1852.86,1852.86,584.48,0.0,Completed
2023-12-09,Muscat,Retail,Wearables,2,86.3,46.87,172.6,172.6,78.86,0.0,Completed
2023-12-09,Nizwa,Retail,Accessories,4,27.31,18.31,109.23,109.23,35.98,0.0,Completed
2023-12-10,Muscat,Online,Laptops,1,358.72,216.83,358.72,358.72,141.89,0.0,Completed
2023-12-10,Sohar,Retail,Laptops,4,356.07,216.49,1424.27,1424.27,558.32,0.0,Completed
2023-12-10,Nizwa,Wholesale,Accessories,44,21.58,17.12,949.44,949.44,196.21,0.0,Completed
2023-12-10,Salalah,Online,Smartphones,4,242.78,162.73,971.14,971.14,320.21,0.0,Completed
2023-12-10,Salalah,Online,Laptops,2,383.5,236.91,767.0,767.0,293.19,0.0,Completed
2023-12-10,Muscat,Wholesale,Smartphones,100,212.07,136.68,21206.52,21206.52,7538.42,0.0,Completed
2023-12-11,Nizwa,Wholesale,Wearables,64,61.61,52.14,3943.18,3943.18,606.11,0.0,Completed
2023-12-11,Muscat,Online,Laptops,2,331.0,209.78,661.99,661.99,242.43,0.0,Completed
2023-12-11,Salalah,Retail,Smartphones,1,244.44,139.48,244.44,244.44,104.96,0.0,Completed
2023-12-11,Nizwa,Online,Wearables,4,87.89,58.76,351.57,351.57,116.52,0.0,Completed
2023-12-11,Nizwa,Retail,Laptops,4,371.45,187.06,1485.79,1485.79,737.56,0.0,Completed
2023-12-12,Sohar,Retail,Accessories,5,23.0,14.44,114.99,114.99,42.77,0.0,Completed
2023-12-12,Sohar,Retail,Laptops,5,340.22,190.01,1701.1,0.0,-743.98,743.98,Returned
2023-12-12,Muscat,Retail,Wearables,2,85.57,51.13,171.15,171.15,68.89,0.0,Completed
2023-12-12,Sohar,Online,Accessories,2,26.13,17.2,52.26,52.26,17.85,0.0,Completed
2023-12-12,Muscat,Retail,Accessories,4,23.77,14.1,95.06,95.06,38.64,0.0,Completed
2023-12-12,Sohar,Retail,Accessories,3,23.06,12.76,69.18,69.18,30.91,0.0,Completed
2023-12-13,Sohar,Retail,Smartphones,2,232.16,128.27,464.33,464.33,207.8,0.0,Completed
2023-12-13,Salalah,Retail,Tablets,3,147.29,91.37,441.88,441.88,167.76,0.0,Completed
2023-12-13,Salalah,Online,Accessories,3,26.2,13.32,78.61,78.61,38.65,0.0,Completed
2023-12-13,Muscat,Retail,Smartphones,3,241.46,135.23,724.38,724.38,318.68,0.0,Completed
2023-12-13,Muscat,Wholesale,Accessories,15,19.53,16.37,293.02,293.02,47.48,0.0,Completed
2023-12-14,Salalah,Online,Smartphones,5,230.03,141.82,1150.16,1150.16,441.06,0.0,Completed
2023-12-14,Muscat,Retail,Accessories,1,24.64,12.73,24.64,24.64,11.91,0.0,Completed
2023-12-14,Muscat,Online,Accessories,1,23.35,12.37,23.35,23.35,10.98,0.0,Completed
2023-12-14,Nizwa,Retail,Wearables,3,75.8,40.08,227.39,227.39,107.13,0.0,Completed
2023-12-15,Sohar,Retail,Accessories,2,24.08,12.95,48.16,48.16,22.27,0.0,Completed
2023-12-15,Salalah,Retail,Accessories,5,26.09,13.96,130.46,130.46,60.67,0.0,Completed
2023-12-15,Nizwa,Retail,Smartphones,5,245.79,164.08,1228.94,1228.94,408.53,0.0,Completed
2023-12-16,Salalah,Wholesale,Wearables,36,68.01,45.22,2448.21,2448.21,820.34,0.0,Completed
2023-12-17,Sohar,Online,Accessories,3,23.91,14.05,71.73,71.73,29.57,0.0,Completed
2023-12-17,Muscat,Online,Accessories,5,24.09,13.88,120.43,120.43,51.03,0.0,Completed
2023-12-18,Muscat,Retail,Smartphones,1,247.07,128.13,247.07,247.07,118.94,0.0,Completed
2023-12-18,Sohar,Wholesale,Accessories,76,18.08,13.64,1373.96,1373.96,337.63,0.0,Completed
2023-12-18,Salalah,Online,Laptops,2,315.08,198.84,630.16,630.16,232.49,0.0,Completed
2023-12-18,Sohar,Retail,Smartphones,3,235.87,142.9,707.62,0.0,-229.22,229.22,Returned
2023-12-18,Salalah,Online,Wearables,2,75.46,42.26,150.93,150.93,66.41,0.0,Completed
2023-12-19,Nizwa,Retail,Accessories,1,23.61,15.05,23.61,23.61,8.56,0.0,Completed
2023-12-19,Sohar,Retail,Accessories,4,23.42,11.81,93.67,93.67,46.43,0.0,Completed
2023-12-19,Muscat,Online,Smartphones,3,252.84,127.54,758.52,758.52,375.89,0.0,Completed
2023-12-19,Sohar,Retail,Wearables,4,82.75,43.79,331.02,331.02,155.84,0.0,Completed
2023-12-19,Muscat,Retail,Smartphones,3,256.94,142.02,770.83,770.83,344.77,0.0,Completed
2023-12-19,Muscat,Retail,Laptops,4,341.12,188.54,1364.47,1364.47,610.31,0.0,Completed
2023-12-19,Salalah,Retail,Laptops,3,344.33,212.31,1033.0,1033.0,396.07,0.0,Completed
2023-12-19,Sohar,Retail,Smartphones,4,259.49,172.87,1037.96,1037.96,346.49,0.0,Completed
2023-12-19,Nizwa,Wholesale,Smartphones,50,195.89,143.09,9794.28,9794.28,2639.54,0.0,Completed
2023-12-19,Salalah,Retail,Smartphones,1,273.35,191.3,273.35,273.35,82.06,0.0,Completed
2023-12-19,Salalah,Retail,Smartphones,4,262.5,150.69,1050.02,1050.02,447.27,0.0,Completed
2023-12-20,Muscat,Online,Wearables,2,86.12,45.09,172.24,172.24,82.05,0.0,Completed
2023-12-21,Muscat,Retail,Wearables,3,81.26,43.16,243.79,243.79,114.31,0.0,Completed
2023-12-21,Nizwa,Retail,Smartphones,3,231.8,145.87,695.39,695.39,257.77,0.0,Completed
2023-12-21,Muscat,Online,Accessories,5,24.03,12.16,120.17,120.17,59.37,0.0,Completed
2023-12-21,Muscat,Retail,Tablets,5,161.64,90.75,808.2,808.2,354.44,0.0,Completed
2023-12-21,Salalah,Online,Tablets,2,152.16,85.15,304.31,304.31,134.01,0.0,Completed
2023-12-21,Sohar,Online,Wearables,4,84.46,42.72,337.83,337.83,166.97,0.0,Completed
2023-12-22,Sohar,Retail,Smartphones,3,231.12,116.12,693.37,693.37,345.02,0.0,Completed
2023-12-22,Salalah,Retail,Smartphones,4,237.67,163.66,950.69,950.69,296.04,0.0,Completed
2023-12-22,Muscat,Retail,Accessories,1,26.01,15.48,26.01,26.01,10.53,0.0,Completed
2023-12-22,Sohar,Online,Smartphones,4,227.38,155.25,909.53,909.53,288.53,0.0,Completed
2023-12-23,Muscat,Retail,Wearables,3,83.94,50.9,251.82,251.82,99.12,0.0,Completed
2023-12-23,Sohar,Wholesale,Smartphones,100,217.75,139.76,21775.06,21775.06,7798.8,0.0,Completed
2023-12-23,Sohar,Online,Wearables,3,73.4,39.64,220.21,220.21,101.29,0.0,Completed
2023-12-23,Nizwa,Wholesale,Smartphones,24,217.21,165.57,5213.12,5213.12,1239.52,0.0,Completed
2023-12-23,Salalah,Retail,Smartphones,3,270.9,157.14,812.69,812.69,341.27,0.0,Completed
2023-12-23,Salalah,Online,Smartphones,4,262.68,135.83,1050.73,0.0,-366.8,366.8,Returned
2023-12-23,Muscat,Online,Accessories,4,27.44,14.45,109.77,109.77,51.95,0.0,Completed
2023-12-23,Salalah,Online,Accessories,4,23.54,14.65,94.17,94.17,35.58,0.0,Completed
2023-12-23,Muscat,Online,Tablets,2,136.56,86.21,273.12,273.12,100.7,0.0,Completed
2023-12-24,Salalah,Online,Smartphones,3,232.97,134.7,698.9,698.9,294.79,0.0,Completed
2023-12-24,Salalah,Online,Tablets,2,155.04,96.08,310.08,310.08,117.93,0.0,Completed
2023-12-24,Muscat,Online,Accessories,4,23.19,14.2,92.74,92.74,35.94,0.0,Completed
2023-12-24,Sohar,Retail,Accessories,3,25.69,17.75,77.07,77.07,23.83,0.0,Completed
2023-12-24,Muscat,Wholesale,Wearables,48,62.87,40.13,3017.86,3017.86,1091.76,0.0,Completed
2023-12-24,Salalah,Retail,Smartphones,5,235.21,143.13,1176.03,1176.03,460.35,0.0,Completed
2023-12-25,Salalah,Retail,Accessories,4,25.23,12.88,100.92,100.92,49.42,0.0,Completed
2023-12-25,Muscat,Retail,Smartphones,4,271.91,148.08,1087.63,1087.63,495.3,0.0,Completed
2023-12-25,Muscat,Retail,Smartphones,3,262.21,166.3,786.64,786.64,287.73,0.0,Completed
2023-12-25,Nizwa,Retail,Accessories,3,26.69,16.59,80.06,80.06,30.3,0.0,Completed
2023-12-25,Nizwa,Retail,Accessories,2,26.7,15.9,53.39,53.39,21.58,0.0,Completed
2023-12-25,Sohar,Online,Smartphones,1,271.21,154.43,271.21,271.21,116.78,0.0,Completed
2023-12-25,Muscat,Retail,Accessories,4,26.69,17.78,106.74,106.74,35.6,0.0,Completed
2023-12-26,Muscat,Retail,Wearables,1,74.43,48.86,74.43,74.43,25.56,0.0,Completed
2023-12-26,Sohar,Retail,Accessories,1,24.33,12.83,24.33,24.33,11.5,0.0,Completed
2023-12-26,Muscat,Online,Laptops,2,359.27,186.71,718.54,718.54,345.11,0.0,Completed
2023-12-26,Salalah,Retail,Smartphones,5,237.15,157.69,1185.76,1185.76,397.33,0.0,Completed
2023-12-26,Nizwa,Online,Smartphones,2,261.46,136.43,522.93,522.93,250.07,0.0,Completed
2023-12-26,Muscat,Online,Accessories,1,23.96,15.94,23.96,23.96,8.02,0.0,Completed
2023-12-26,Muscat,Online,Smartphones,2,250.18,166.31,500.35,500.35,167.73,0.0,Completed
2023-12-27,Salalah,Retail,Laptops,1,329.42,194.88,329.42,0.0,-101.12,101.12,Returned
2023-12-27,Salalah,Online,Tablets,3,158.11,102.36,474.34,474.34,167.26,0.0,Completed
2023-12-27,Salalah,Online,Laptops,1,328.89,176.06,328.89,328.89,152.84,0.0,Completed
2023-12-27,Muscat,Retail,Smartphones,2,263.35,138.22,526.71,526.71,250.27,0.0,Completed
